step,residual,l1_error,precision_at_k,kendall,d,method
1,0.2705282702571894,0.29927467839638844,0.31,-0.16914406481155336,0.85,power
2,0.11364798960871893,0.17550170391098546,0.6,0.2247918593894542,0.85,power
3,0.07914241843111969,0.1288771148358079,0.71,0.319442761962447,0.85,power
4,0.04342585328110138,0.0964503013912098,0.76,0.4764590163934425,0.85,power
5,0.03449767568552701,0.07381595691621104,0.81,0.58005698005698,0.85,power
6,0.023452358777186384,0.056880648953425025,0.85,0.6759231003967042,0.85,power
7,0.019014948382198364,0.04421205426688188,0.9,0.7487487487487487,0.85,power
8,0.014271798160435436,0.03452990884916475,0.92,0.800588540765103,0.85,power
9,0.011677647913638995,0.027112881972371616,0.94,0.8393242271746943,0.85,power
10,0.009170991752424052,0.02137299169324044,0.95,0.8769005312328266,0.85,power
11,0.0075664895732691145,0.016910755170443076,0.96,0.9096171802054156,0.85,power
12,0.006085422620657456,0.013417963023220167,0.97,0.9272658035034275,0.85,power
13,0.005056777248166062,0.010672583051479691,0.97,0.9375476009139376,0.85,power
14,0.004125230901678491,0.00850428036765246,0.99,0.9520697167755993,0.85,power
15,0.003447608769920074,0.006787204204941877,0.99,0.9615765498118442,0.85,power
16,0.0028388252373384767,0.005425155846770254,0.99,0.9698950287185583,0.85,power
17,0.0023830364283347187,0.00434213460244038,1.0,0.9753485552636897,0.85,power
18,0.001975036141143093,0.0034804898371530776,1.0,0.9789856536674075,0.85,power
19,0.0016635356052526792,0.0027939400371511268,1.0,0.9838351182056982,0.85,power
20,0.0013852893012567503,0.00224624119878232,1.0,0.9858557284299859,0.85,power
21,0.0011697916781897382,0.00180764475890078,1.0,0.9894928268337038,0.85,power
22,0.0009776413488068105,0.0014559110861135666,1.0,0.9911093150131342,0.85,power
23,0.0008271586142483364,0.0011735719239155957,1.0,0.9927258031925643,0.85,power
24,0.0006932267686672942,0.0009471681768614037,1.0,0.9943422913719944,0.85,power
25,0.0005873822847683272,0.0007651781534544798,1.0,0.9951505354617096,0.85,power
26,0.0004933700889011113,0.000618663081304652,1.0,0.9959587795514245,0.85,power
27,0.0004185032194560107,0.0005005062806993503,1.0,0.9963629015962822,0.85,power
28,0.00035215203054785727,0.0004051706062153745,1.0,0.9971711456859973,0.85,power
29,0.0002989632722569411,0.0003281954293089932,1.0,0.9975752677308547,0.85,power
30,0.0002519338828200323,0.0002659938410017493,1.0,0.9975752677308547,0.85,power
31,0.00021401540566488763,0.00021569318304875132,1.0,0.9983835118205698,0.85,power
32,0.0001805678013693494,0.00017502816065961845,1.0,0.9987876338654275,0.85,power
33,0.0001534616937565445,0.0001421342069009002,1.0,0.9995958779551426,0.85,power
34,0.00012960862226981046,0.00011547737448706421,1.0,0.9995958779551426,0.85,power
35,0.00011018980391816106,9.38745060208812e-05,1.0,0.9995958779551426,0.85,power
36,9.314151410743621e-05,7.634790544051184e-05,1.0,0.9995958779551426,0.85,power
37,7.920592922616662e-05,6.211967460988059e-05,1.0,0.9995958779551426,0.85,power
38,6.699928099668283e-05,5.056354483920088e-05,1.0,0.9995958779551426,0.85,power
39,5.6984931322875565e-05,4.117328741354658e-05,1.0,0.9995958779551426,0.85,power
40,4.8232079350467835e-05,3.3540308231647346e-05,1.0,0.9995958779551426,0.85,power
41,4.102771570451781e-05,2.7332773703846503e-05,1.0,0.9995958779551426,0.85,power
42,3.47438504669726e-05,2.228249371525605e-05,1.0,0.9995958779551426,0.85,power
43,2.955646180093198e-05,1.8172517566862294e-05,1.0,0.9995958779551426,0.85,power
44,2.5040640151184832e-05,1.4826041588642533e-05,1.0,1.0,0.85,power
45,2.1302921248668063e-05,1.2100531174073357e-05,1.0,1.0,0.85,power
46,1.8055002630098988e-05,9.879947468696952e-06,1.0,1.0,0.85,power
47,1.536031229191731e-05,8.069911752316648e-06,1.0,1.0,0.85,power
48,1.3022705452534103e-05,6.593809872648752e-06,1.0,1.0,0.85,power
49,1.1079103808994771e-05,5.389616616144087e-06,1.0,1.0,0.85,power
50,9.395707781685893e-06,4.406845985298402e-06,1.0,1.0,0.85,power
51,7.993335938867313e-06,3.6045054214257637e-06,1.0,1.0,0.85,power
52,6.780480622311749e-06,2.9492575239488853e-06,1.0,1.0,0.85,power
53,5.76832886383375e-06,2.4139542910783493e-06,1.0,1.0,0.85,power
54,4.894138349150049e-06,1.9764813000336407e-06,1.0,1.0,0.85,power
55,4.163454210208536e-06,1.6188574823448733e-06,1.0,1.0,0.85,power
56,3.5331504259534715e-06,1.3264815456019916e-06,1.0,1.0,0.85,power
57,3.005562009966484e-06,1.0873308373079495e-06,1.0,1.0,0.85,power
58,2.550974455408641e-06,8.9160125430823e-07,1.0,1.0,0.85,power
59,2.1699734071483436e-06,7.313514226046126e-07,1.0,1.0,0.85,power
60,1.8420367879443802e-06,6.001121084461118e-07,1.0,1.0,0.85,power
61,1.5668615272193587e-06,4.92592206132282e-07,1.0,1.0,0.85,power
62,1.330241687915018e-06,4.0447440263918483e-07,1.0,1.0,0.85,power
63,1.1314792283203747e-06,3.3223383697585766e-07,1.0,1.0,0.85,power
64,9.607185016525686e-07,2.7299030302430714e-07,1.0,1.0,0.85,power
65,8.171389520234457e-07,2.2438845927048608e-07,1.0,1.0,0.85,power
66,6.938882732503343e-07,1.8450355684058393e-07,1.0,1.0,0.85,power
67,5.90164768337401e-07,1.517613273948283e-07,1.0,1.0,0.85,power
68,5.011943158694e-07,1.2487350872531548e-07,1.0,1.0,0.85,power
69,4.262596805514679e-07,1.0278629224511856e-07,1.0,1.0,0.85,power
70,3.620279568704846e-07,8.463611650116667e-08,1.0,1.0,0.85,power
71,3.078896905573705e-07,6.971554722425124e-08,1.0,1.0,0.85,power
72,2.615136120089969e-07,5.744576475763377e-08,1.0,1.0,0.85,power
73,2.223990203408627e-07,4.7352425674894113e-08,1.0,1.0,0.85,power
74,1.8891222959253399e-07,3.9046548789719145e-08,1.0,1.0,0.85,power
75,1.6065152071462251e-07,3.2209190453305744e-08,1.0,1.0,0.85,power
76,1.3647001518394997e-07,2.6578725235996612e-08,1.0,1.0,0.85,power
77,1.1605100224834894e-07,2.1940499729850393e-08,1.0,1.0,0.85,power
78,9.858798011461607e-08,1.8118301426984316e-08,1.0,1.0,0.85,power
79,8.383458429081891e-08,1.496743865725575e-08,1.0,1.0,0.85,power
80,7.12227492116063e-08,1.2369086250856395e-08,1.0,1.0,0.85,power
81,6.056284530425396e-08,1.0225596806814571e-08,1.0,1.0,0.85,power
82,5.145413203439359e-08,8.456699026414459e-09,1.0,1.0,0.85,power
83,4.375188537823374e-08,6.996401390005379e-09,1.0,1.0,0.85,power
84,3.717298783607296e-08,5.79053099463285e-09,1.0,1.0,0.85,power
85,3.16077537870909e-08,4.794371190598883e-09,1.0,1.0,0.85,power
86,2.6855885462827454e-08,3.9710607288463695e-09,1.0,1.0,0.85,power
87,2.2834732804598545e-08,3.2903636268767145e-09,1.0,1.0,0.85,power
88,1.940240314824121e-08,2.7273705408169453e-09,1.0,1.0,0.85,power
89,1.6496921008595833e-08,2.2615576909969367e-09,1.0,1.0,0.85,power
90,1.4017642603248028e-08,1.8760044149425127e-09,1.0,1.0,0.85,power
91,1.1918287458915708e-08,1.5567673492305133e-09,1.0,1.0,0.85,power
92,1.012738502571477e-08,1.2923371701595364e-09,1.0,1.0,0.85,power
93,8.610497712706625e-09,1.0732252779500976e-09,1.0,1.0,0.85,power
94,7.316815313789442e-09,8.915950020840904e-10,1.0,1.0,0.85,power
95,6.220791115741363e-09,7.409818482045563e-10,1.0,1.0,0.85,power
96,5.286264878006558e-09,6.160397691117324e-10,1.0,1.0,0.85,power
97,4.49433595020692e-09,5.123569313277265e-10,1.0,1.0,0.85,power
98,3.819244720830313e-09,4.262816457719569e-10,1.0,1.0,0.85,power
99,3.2470401317951643e-09,3.547991209809393e-10,1.0,1.0,0.85,power
100,2.759354658649453e-09,2.95411115130623e-10,1.0,1.0,0.85,power
101,2.345911855303874e-09,2.4605530798658146e-10,1.0,1.0,0.85,power
102,1.9936035871872223e-09,2.050195862451714e-10,1.0,1.0,0.85,power
103,1.6948738582678507e-09,1.7089099533452632e-10,1.0,1.0,0.85,power
104,1.4403602917524111e-09,1.4249396181532546e-10,1.0,1.0,0.85,power
105,1.2245161222551176e-09,1.1885973562875932e-10,1.0,1.0,0.85,power
106,1.0406492279178549e-09,9.917988830620975e-11,1.0,1.0,0.85,power
107,8.846936066900091e-10,8.278908661286802e-11,1.0,1.0,0.85,power
108,7.518623781926416e-10,6.913010672937462e-11,1.0,1.0,0.85,power
109,6.391787976687905e-10,5.774625248023714e-11,1.0,1.0,0.85,power
110,5.432165348488171e-10,4.825253191733064e-11,1.0,1.0,0.85,power
111,4.6179879276275247e-10,4.0334714870382884e-11,1.0,1.0,0.85,power
112,3.924715192497492e-10,3.372629592085735e-11,1.0,1.0,0.85,power
113,3.3364456081202604e-10,2.8211399038865635e-11,1.0,1.0,0.85,power
114,2.8355921394823005e-10,2.3604678323115437e-11,1.0,1.0,0.85,power
115,2.410549249714445e-10,1.975812571651601e-11,1.0,1.0,0.85,power
116,2.048706600506901e-10,1.6542527735485878e-11,1.0,1.0,0.85,power
117,1.7416008955765486e-10,1.3855883044519351e-11,1.0,1.0,0.85,power
118,1.4801853225833104e-10,1.160794821639707e-11,1.0,1.0,0.85,power
119,1.2582930003579503e-10,9.729011473942444e-12,1.0,1.0,0.85,power
120,1.0694307367448905e-10,8.15556171587014e-12,1.0,1.0,0.85,power
121,9.091077641212451e-11,6.839730794542739e-12,1.0,1.0,0.85,power
122,7.726619018416412e-11,5.73683834032663e-12,1.0,1.0,0.85,power
123,6.568248148818132e-11,4.814561276104924e-12,1.0,1.0,0.85,power
124,5.582471639690818e-11,4.040753776569342e-12,1.0,1.0,0.85,power
125,4.745523455563773e-11,3.3935588239779498e-12,1.0,1.0,0.85,power
126,4.033330053209686e-11,2.849434896002212e-12,1.0,1.0,0.85,power
127,3.428616604621995e-11,2.39463018404456e-12,1.0,1.0,0.85,power
128,2.914078584293874e-11,2.011607397786586e-12,1.0,1.0,0.85,power
129,2.477160812777458e-11,1.6915786500216242e-12,1.0,1.0,0.85,power
130,2.1054199722852408e-11,1.4215452969081445e-12,1.0,1.0,0.85,power
131,1.7897404947025307e-11,1.1960979827570738e-12,1.0,1.0,0.85,power
132,1.5211666350734064e-11,1.0053515112014343e-12,1.0,1.0,0.85,power
133,1.2930801187730334e-11,8.465875756365681e-13,1.0,1.0,0.85,power
134,1.0990421029568235e-11,7.117760801058064e-13,1.0,1.0,0.85,power
135,9.342455612534149e-12,5.998362478379024e-13,1.0,1.0,0.85,power
136,7.940572785735474e-12,5.043850164192665e-13,1.0,1.0,0.85,power
137,6.749895089148366e-12,4.2545268252435625e-13,1.0,1.0,0.85,power
138,5.73706532716549e-12,3.577058184974901e-13,1.0,1.0,0.85,power
139,4.8767888695310885e-12,3.0199477087881205e-13,1.0,1.0,0.85,power
140,4.145028730108586e-12,2.536479445941096e-13,1.0,1.0,0.85,power
141,3.523468117493793e-12,2.143742624957862e-13,1.0,1.0,0.85,power
142,2.9947888447274794e-12,1.799173569188347e-13,1.0,1.0,0.85,power
143,2.545703737371523e-12,1.5242405150279591e-13,1.0,1.0,0.85,power
144,2.1637271783073263e-12,1.2770079962822877e-13,1.0,1.0,0.85,power
145,1.839249458548788e-12,1.0830315051897632e-13,1.0,1.0,0.85,power
146,1.5632881965409248e-12,9.061922355080645e-14,1.0,1.0,0.85,power
147,1.3288611123899812e-12,7.698256738835046e-14,1.0,1.0,0.85,power
148,1.129479748115561e-12,6.41127555640322e-14,1.0,1.0,0.85,power
149,9.600955747151837e-13,5.468002556275296e-14,1.0,1.0,0.85,power
1,0.2705282702571894,0.29927467839638844,0.31,-0.16914406481155336,0.85,static
2,0.1195959051381283,0.17547020681519349,0.6,0.2247918593894542,0.85,static
3,0.09938004008289818,0.09712557831991545,0.78,0.5344173441734418,0.85,static
4,0.04545318163824607,0.05081904591307608,0.91,0.7468139337298216,0.85,static
5,0.03117189828775052,0.02881421606997297,0.97,0.8031226199543032,0.85,static
6,0.0142773545686899,0.01397554712881216,0.98,0.939029126213592,0.85,static
7,0.010247045003041907,0.007827528121301858,0.98,0.946407766990291,0.85,static
8,0.004580386581788084,0.003998741932172392,1.0,0.9858557284299859,0.85,static
9,0.0032671216462126684,0.002453970327134971,1.0,0.9818145079814105,0.85,static
10,0.0014553426184102931,0.0012850829394218922,1.0,0.9959587795514245,0.85,static
11,0.0010673011969101927,0.0008154118071957896,1.0,0.9931299252374218,0.85,static
12,0.00047255466317628665,0.00042151844551835594,1.0,0.9987876338654275,0.85,static
13,0.00034102135130032775,0.0002533979448879378,1.0,0.9983835118205698,0.85,static
14,0.00015798957412324638,0.00013939160548993425,1.0,0.9991917559102851,0.85,static
15,0.00011047259260474461,8.371904419292465e-05,1.0,0.9987876338654275,0.85,static
16,4.967443614199558e-05,4.208724407763681e-05,1.0,1.0,0.85,static
17,3.5665074622608465e-05,2.4151608256499686e-05,1.0,1.0,0.85,static
18,1.654649856360984e-05,1.2256188077459984e-05,1.0,1.0,0.85,static
19,1.1162768931222391e-05,7.2857527544317675e-06,1.0,1.0,0.85,static
20,5.363945732786404e-06,3.722557935518342e-06,1.0,1.0,0.85,static
21,3.6243891960752815e-06,2.343102223826666e-06,1.0,1.0,0.85,static
22,1.7549805215918637e-06,1.2363746049359226e-06,1.0,1.0,0.85,static
23,1.1475119408698812e-06,7.127940812445725e-07,1.0,1.0,0.85,static
24,5.764900822938455e-07,3.858957979655014e-07,1.0,1.0,0.85,static
25,3.6496992292237573e-07,2.327272662516602e-07,1.0,1.0,0.85,static
26,1.8657436551772672e-07,1.1971854141893076e-07,1.0,1.0,0.85,static
27,1.1694232390388132e-07,6.69561827232137e-08,1.0,1.0,0.85,static
28,6.028768958711921e-08,3.554848163620128e-08,1.0,1.0,0.85,static
29,3.672460039628101e-08,2.1176742839221208e-08,1.0,1.0,0.85,static
30,1.949167429412166e-08,1.1162260697766149e-08,1.0,1.0,0.85,static
31,1.1903101530689491e-08,6.766842565502363e-09,1.0,1.0,0.85,static
32,6.3068047317377865e-09,3.5429876859995166e-09,1.0,1.0,0.85,static
33,3.757930222872593e-09,1.9799951855303946e-09,1.0,1.0,0.85,static
34,2.0481573047688783e-09,1.0906923280088376e-09,1.0,1.0,0.85,static
35,1.2041252178366996e-09,6.232984662019189e-10,1.0,1.0,0.85,static
36,6.561093827830198e-10,3.3231226930070486e-10,1.0,1.0,0.85,static
37,3.8848910178459455e-10,1.8977475140459954e-10,1.0,1.0,0.85,static
38,2.118696586215908e-10,1.0303620169867093e-10,1.0,1.0,0.85,static
39,1.2329964565590074e-10,6.033919433776091e-11,1.0,1.0,0.85,static
40,6.802879326466629e-11,3.2667661810579216e-11,1.0,1.0,0.85,static
41,3.98526656339579e-11,1.8466239035943785e-11,1.0,1.0,0.85,static
42,2.1733105229600947e-11,9.873702228139223e-12,1.0,1.0,0.85,static
43,1.2691675932552273e-11,5.8067957231766045e-12,1.0,1.0,0.85,static
44,7.045211340652085e-12,3.124609813644425e-12,1.0,1.0,0.85,static
45,4.0662370549829556e-12,1.7868976443506006e-12,1.0,1.0,0.85,static
46,2.252024352129395e-12,9.870849068807164e-13,1.0,1.0,0.85,static
47,1.3091869984977969e-12,5.60481228553786e-13,1.0,1.0,0.85,static
48,7.258809060246884e-13,3.026590378329714e-13,1.0,1.0,0.85,static
1,0.2705282702571894,0.29927467839638844,0.31,-0.16914406481155336,0.85,dynamic
2,0.11364798960871893,0.17550170391098546,0.6,0.2247918593894542,0.85,dynamic
3,0.07083534921358715,0.12302663598290685,0.7,0.3518606870229007,0.85,dynamic
4,0.03321375485501333,0.07322441572320885,0.81,0.5717948717948719,0.85,dynamic
5,0.01923028007223451,0.0428093731303558,0.88,0.7602574416733708,0.85,dynamic
6,0.011233385191973777,0.022905571749180075,0.96,0.8737628384687209,0.85,dynamic
7,0.006582397044900036,0.010981790975195267,0.98,0.9417475728155339,0.85,dynamic
8,0.0037307023566950106,0.004919037531804175,0.99,0.973856209150327,0.85,dynamic
9,0.002224660590263061,0.0023274321910392104,1.0,0.9903010709234189,0.85,dynamic
10,0.001239597013659156,0.0014762226776716477,1.0,0.9951505354617096,0.85,dynamic
11,0.0007192924481718398,0.0010701536024742332,1.0,0.9971711456859973,0.85,dynamic
12,0.0004089761537053141,0.0006836008467677011,1.0,0.9979793897757123,0.85,dynamic
13,0.0002257194440777746,0.0004143885594997354,1.0,0.9975752677308547,0.85,dynamic
14,0.00012151316644138658,0.0002403930782335173,1.0,0.9983835118205698,0.85,dynamic
15,6.79939000386156e-05,0.00013664547503796926,1.0,1.0,0.85,dynamic
16,3.724947539398232e-05,7.424521590532554e-05,1.0,1.0,0.85,dynamic
17,1.9371260023889967e-05,3.8924051980201226e-05,1.0,1.0,0.85,dynamic
18,1.0432501096275472e-05,2.0375324239694868e-05,1.0,1.0,0.85,dynamic
19,5.910512326550045e-06,1.0451881395271298e-05,1.0,1.0,0.85,dynamic
20,3.182912041732363e-06,5.001781879832743e-06,1.0,1.0,0.85,dynamic
21,1.7801400530542101e-06,2.3041943795611262e-06,1.0,1.0,0.85,dynamic
22,1.034353180561996e-06,1.1308050396271978e-06,1.0,1.0,0.85,dynamic
23,6.057987157125848e-07,6.756824265730006e-07,1.0,1.0,0.85,dynamic
24,3.3806130024263667e-07,4.213107368174788e-07,1.0,1.0,0.85,dynamic
25,1.9365067103198475e-07,2.6364546948135695e-07,1.0,1.0,0.85,dynamic
26,1.0396944502979132e-07,1.6395206545315046e-07,1.0,1.0,0.85,dynamic
27,5.716770949834935e-08,9.984520159481051e-08,1.0,1.0,0.85,dynamic
28,3.174818604111605e-08,5.6967170569656515e-08,1.0,1.0,0.85,dynamic
29,1.803153910090158e-08,3.114824652863612e-08,1.0,1.0,0.85,dynamic
30,9.466638278956914e-09,1.634349340896473e-08,1.0,1.0,0.85,dynamic
31,5.282401064669717e-09,8.799605281010773e-09,1.0,1.0,0.85,dynamic
32,2.9515497466749078e-09,4.735935774181072e-09,1.0,1.0,0.85,dynamic
33,1.6643270719214564e-09,2.4988277262744866e-09,1.0,1.0,0.85,dynamic
34,9.021469512259114e-10,1.2434626194262889e-09,1.0,1.0,0.85,dynamic
35,5.176739767722043e-10,6.186385447799314e-10,1.0,1.0,0.85,dynamic
36,2.8831013638642103e-10,3.1554548596882646e-10,1.0,1.0,0.85,dynamic
37,1.6023138713339836e-10,1.8016500097361998e-10,1.0,1.0,0.85,dynamic
38,9.083715684760381e-11,1.0584816056890471e-10,1.0,1.0,0.85,dynamic
39,5.197155951725089e-11,6.624240372846027e-11,1.0,1.0,0.85,dynamic
40,2.8106177973365797e-11,4.22063609715616e-11,1.0,1.0,0.85,dynamic
41,1.5682602644995276e-11,2.5616328267366963e-11,1.0,1.0,0.85,dynamic
42,8.868536428555586e-12,1.4535429798808938e-11,1.0,1.0,0.85,dynamic
43,4.805914965697239e-12,7.714149553649874e-12,1.0,1.0,0.85,dynamic
44,2.6101691439949974e-12,4.077054190063686e-12,1.0,1.0,0.85,dynamic
45,1.4779015222471553e-12,2.123069373029165e-12,1.0,1.0,0.85,dynamic
46,8.317610155797299e-13,1.0778082070638179e-12,1.0,1.0,0.85,dynamic
1,0.3338722375064882,0.7650851309816108,0.12,-0.28196665338872134,0.99,power
2,0.16975097084083957,0.6590293206828952,0.4,-0.008100349972838714,0.99,power
3,0.13449452900024222,0.5959683971511438,0.48,0.10992938715020488,0.99,power
4,0.08354326830250915,0.5425149512106486,0.59,0.29548910288900154,0.99,power
5,0.07584323342052587,0.49812551613615946,0.71,0.4332808144467338,0.99,power
6,0.05802402629842632,0.45942053978895997,0.78,0.5238611713665944,0.99,power
7,0.05380397493348467,0.4254387784017706,0.81,0.5935005701254277,0.99,power
8,0.04569239298510104,0.3948160165363136,0.85,0.6644274809160304,0.99,power
9,0.04287855337603865,0.36749142715816535,0.88,0.7201159163634526,0.99,power
10,0.03832557839581075,0.34266277556421254,0.9,0.7549248747913189,0.99,power
11,0.03639253966459873,0.3202057992037613,0.92,0.7900571626537328,0.99,power
12,0.03346847886234042,0.29972823808288684,0.94,0.815394302370301,0.99,power
13,0.032107359001049406,0.28086641450408484,0.94,0.8363309352517986,0.99,power
14,0.030057378706835544,0.26345411424734644,0.94,0.8630765395282198,0.99,power
15,0.029068171058519512,0.24738314424734434,0.95,0.8797433547204401,0.99,power
16,0.0275399434485282,0.23248248933967358,0.96,0.8979629975705476,0.99,power
17,0.02679545404903749,0.2186345944855686,0.96,0.9090909130588599,0.99,power
18,0.025603209482258034,0.20575456049470384,0.97,0.9218749999999998,0.99,power
19,0.025022908629668317,0.19375797490796487,0.97,0.9298780487804877,0.99,power
20,0.0240599320611331,0.1825742452670181,0.97,0.9378810975609756,0.99,power
21,0.023592307109526815,0.17213092299848562,0.97,0.9442697956538132,0.99,power
22,0.022793157881981815,0.1623738210328937,0.97,0.9493140243902438,0.99,power
23,0.02240466637512677,0.15330630741584378,0.97,0.9527439024390242,0.99,power
24,0.021727026010848832,0.1448502436118721,0.97,0.9550304878048779,0.99,power
25,0.021395373210745163,0.13691835116269582,0.97,0.9583690621748752,0.99,power
26,0.020810629520692573,0.12947448298571346,0.97,0.9599847560975608,0.99,power
27,0.02052068516950418,0.12248183150252165,0.97,0.9615091463414632,0.99,power
28,0.020008749730525518,0.11591254855993982,0.98,0.9646327244461718,0.99,power
29,0.019750039921365134,0.1097382941625208,0.99,0.9673966948700464,0.99,power
30,0.019296351142714885,0.10392963523473578,0.99,0.9678889990089199,0.99,power
31,0.01906149085665931,0.09846147645356684,0.99,0.9714568880079287,0.99,power
32,0.01865520451813481,0.09331808575556128,0.99,0.9718533201189297,0.99,power
33,0.018438898605818037,0.0884770080496019,0.99,0.9730426164519327,0.99,power
34,0.01807175244594771,0.08391388774619939,0.99,0.9766105054509416,0.99,power
35,0.017870146009553858,0.07961011703302752,0.99,0.9774033696729437,0.99,power
36,0.017535722148260945,0.07555082575564787,0.99,0.9774033696729437,0.99,power
37,0.017345969821073223,0.07171996547182713,0.99,0.9789890981169477,0.99,power
38,0.017039200455721264,0.06810251484760274,0.99,0.9797819623389495,0.99,power
39,0.01685917551619285,0.06468508700288554,0.99,0.9797819623389495,0.99,power
40,0.01657600227388449,0.06145522460200795,0.99,0.981270443823315,0.99,power
41,0.01640409680064239,0.05840145262826721,0.99,0.9829534192269574,0.99,power
42,0.01614123006090818,0.055513464018205255,0.99,0.9841427155599606,0.99,power
43,0.01597621544289385,0.05278161913871471,0.99,0.9845391476709614,0.99,power
44,0.015730960484519874,0.05019615204650179,0.99,0.9853320118929635,0.99,power
45,0.015571888629368768,0.04774867409387251,0.99,0.9853320118929635,0.99,power
46,0.015342017556806786,0.04543107408900881,0.99,0.9868199434046223,0.99,power
47,0.015188149981609899,0.04323577182773595,0.99,0.9885034687809714,0.99,power
48,0.014971805720275679,0.0411558917144872,0.99,0.9892963330029733,0.99,power
49,0.01482256202866743,0.03918485601008771,0.99,0.9900891972249753,0.99,power
50,0.014618185241260864,0.037316635156046385,1.0,0.9915065722952476,0.99,power
51,0.014473105265617577,0.035545502578000196,1.0,0.9919110212335692,0.99,power
52,0.014279377950861748,0.03386588356517621,1.0,0.9919110212335692,0.99,power
53,0.014138093650003195,0.03227262364253837,1.0,0.9919110212335692,0.99,power
54,0.013953895083012001,0.030760982814584885,1.0,0.9919110212335692,0.99,power
55,0.013816109486805384,0.029326448240247938,1.0,0.9923154701718907,0.99,power
56,0.013640481424849365,0.027964759807830617,1.0,0.9923154701718907,0.99,power
57,0.01350595272489963,0.026671950185923502,1.0,0.9923154701718907,0.99,power
58,0.013338071661708955,0.02544432615926153,1.0,0.9927199191102123,0.99,power
59,0.013206601098058086,0.02427834248358514,1.0,0.9931243680485339,0.99,power
60,0.013045755944538719,0.0231706566881554,1.0,0.9930239662519827,0.99,power
61,0.012917178518620783,0.022118086532776134,1.0,0.9930239662519827,0.99,power
62,0.012762752506436107,0.02111772476117427,1.0,0.993933265925177,0.99,power
63,0.012636929816357166,0.020166931334664486,1.0,0.993933265925177,0.99,power
64,0.012488385720017724,0.01926302072611562,1.0,0.993933265925177,0.99,power
65,0.012365200402148856,0.018403417285221574,1.0,0.9942371904013437,0.99,power
66,0.012222068392181937,0.017585844208724763,1.0,0.99474216380182,0.99,power
67,0.012101419787326042,0.016808079843508163,1.0,0.99474216380182,0.99,power
68,0.011963287386451709,0.016068069525123473,1.0,0.9951466127401416,0.99,power
69,0.011845088145759288,0.015363835066825066,1.0,0.9955510616784632,0.99,power
70,0.01171159187848718,0.014693538824554259,1.0,0.9959555106167847,0.99,power
71,0.011595765294914044,0.014055461549953505,1.0,0.9959555106167847,0.99,power
72,0.011466583710050184,0.013447924444949317,1.0,0.9959555106167847,0.99,power
73,0.011353061613065712,0.012869560672564192,1.0,0.9959555106167847,0.99,power
74,0.011227909426277327,0.012318975659331178,1.0,0.9963599595551063,0.99,power
75,0.01111663051602366,0.011794415761734636,1.0,0.9966636387000657,0.99,power
76,0.010995253671479579,0.011294569411364412,1.0,0.9970680467498528,0.99,power
77,0.01088616219734245,0.010818196099468888,1.0,0.9970680467498528,0.99,power
78,0.010768333687566568,0.01036413323462725,1.0,0.9971688574317491,0.99,power
79,0.010661378397770361,0.009931244360060442,1.0,0.9975733063700707,0.99,power
80,0.010546894712121915,0.009518478520837911,1.0,0.9975733063700707,0.99,power
81,0.010442028017372389,0.009124825873056967,1.0,0.9974724547996398,0.99,power
82,0.010330706114137856,0.00874935598940553,1.0,0.9975733063700707,0.99,power
83,0.01022788342085779,0.008391169415051077,1.0,0.9983822042467138,0.99,power
84,0.010119558137371466,0.008049402075751864,1.0,0.9982812708992138,0.99,power
85,0.01001873731568381,0.007723253794298961,1.0,0.9983822042467138,0.99,power
86,0.00991325914636783,0.007411958250763703,1.0,0.9983822042467138,0.99,power
87,0.009814400105399558,0.0071147980817159815,1.0,0.9983822042467138,0.99,power
88,0.009711633290007236,0.0068311280195671314,1.0,0.9983822042467138,0.99,power
89,0.009614697638843822,0.006560237089156387,1.0,0.9983822042467138,0.99,power
90,0.009514518513173276,0.0063015191155648635,1.0,0.9987866531850353,0.99,power
91,0.00941946929028102,0.006054378052988545,1.0,0.9987866531850353,0.99,power
92,0.00932176485971364,0.00581826869980528,1.0,0.9986856789490007,0.99,power
93,0.009228566317164478,0.005592653094747205,1.0,0.9991911021233569,0.99,power
94,0.009133233019963443,0.005377026056088326,1.0,0.9991911021233569,0.99,power
95,0.009041850451562026,0.005170914552344586,1.0,0.9991911021233569,0.99,power
96,0.008948793084250183,0.004973856817780849,1.0,0.9991911021233569,0.99,power
97,0.008859192688847627,0.004785453997169602,1.0,0.9991911021233569,0.99,power
98,0.008768323470406878,0.004605285849673431,1.0,0.9995955510616784,0.99,power
99,0.008680472243417043,0.004432957202431879,1.0,0.9995955510616784,0.99,power
100,0.008591709998700714,0.004268091285189943,1.0,0.9995955510616784,0.99,power
101,0.008505575646211867,0.0041103366616486526,1.0,0.9995955510616784,0.99,power
102,0.008418845091984775,0.00395942120190829,1.0,0.9994944950485747,0.99,power
103,0.008334395962957862,0.0038152333748968045,1.0,0.9995955510616784,0.99,power
104,0.008249627082492652,0.0036777602212259564,1.0,0.9995955510616784,0.99,power
105,0.008166832115415934,0.0035461205459906735,1.0,0.9995955510616784,0.99,power
106,0.008083959609673291,0.003420038021605704,1.0,0.9994944950485747,0.99,power
107,0.008002788290748103,0.003299287127817158,1.0,0.9995955510616784,0.99,power
108,0.0079217510959257,0.0031835815472748517,1.0,0.9995955510616784,0.99,power
109,0.00784217342642457,0.0030726817469586202,1.0,0.9995955510616784,0.99,power
110,0.007762914289136098,0.0029663723785905254,1.0,0.9995955510616784,0.99,power
111,0.0076849007600303994,0.0028644434700768667,1.0,0.9995955510616784,0.99,power
112,0.007607365862621945,0.002766699562690638,1.0,0.9995955510616784,0.99,power
113,0.0075308874349450435,0.002672966242975457,1.0,0.9995955510616784,0.99,power
114,0.007455026064507698,0.0025830488225199407,1.0,0.9994944950485747,0.99,power
115,0.007380054154216783,0.002496783089980535,1.0,0.9995955510616784,0.99,power
116,0.00730581840974715,0.0024140000863251353,1.0,0.9995955510616784,0.99,power
117,0.007232324876087941,0.0023345474332237054,1.0,0.9995955510616784,0.99,power
118,0.007159669409007215,0.002258272035103805,1.0,0.9995955510616784,0.99,power
119,0.00708762654558092,0.0021850289782546616,1.0,0.9994944950485747,0.99,power
120,0.007016508329469287,0.0021146912626741734,1.0,0.9995955510616784,0.99,power
121,0.006945888857359282,0.0020471302899713276,1.0,0.9995955510616784,0.99,power
122,0.0068762669833154644,0.0019822382711554266,1.0,0.9994944950485747,0.99,power
123,0.00680704404575959,0.0019198991595096102,1.0,0.9994944950485747,0.99,power
124,0.006738879540268468,0.001859984879504826,1.0,0.9995955510616784,0.99,power
125,0.006671026698467129,0.0018023873066657162,1.0,0.9994944950485747,0.99,power
126,0.006604282361064257,0.0017470089313588763,1.0,0.9995955510616784,0.99,power
127,0.006537773590798631,0.0016937704353336307,1.0,0.9994944950485747,0.99,power
128,0.006472413849170494,0.0016425769193808859,1.0,0.9995955510616784,0.99,power
129,0.006407223537974015,0.001593326669608609,1.0,0.9994944950485747,0.99,power
130,0.006343214318433497,0.0015459346059736832,1.0,0.9995955510616784,0.99,power
131,0.006279317263115282,0.0015003298284310953,1.0,0.9995955510616784,0.99,power
132,0.006216625874652085,0.001456435722782725,1.0,0.9995955510616784,0.99,power
133,0.006153997279015698,0.0014141773072219943,1.0,0.9995955510616784,0.99,power
134,0.006092592309346596,0.001373481533586113,1.0,0.9995955510616784,0.99,power
135,0.006031207781984196,0.0013342925150890022,1.0,0.9994944950485747,0.99,power
136,0.00597105900422274,0.0012965503887966707,1.0,0.9995955510616784,0.99,power
137,0.005910894556293489,0.0012601823590661955,1.0,0.9995955510616784,0.99,power
138,0.005851972845028491,0.001225130487614311,1.0,0.9995955510616784,0.99,power
139,0.005793004887954221,0.0011913584615496258,1.0,1.0,0.99,power
140,0.0057352821436729914,0.0011588074319315437,1.0,1.0,0.99,power
141,0.005677487486702382,0.0011274140287403614,1.0,1.0,0.99,power
142,0.005620936567623609,0.0010971316310124735,1.0,0.9998989030983618,0.99,power
143,0.005564292415231719,0.0010679208425912504,1.0,0.9998989030983618,0.99,power
144,0.005508887075723922,0.0010397392906890993,1.0,1.0,0.99,power
145,0.0054533710248252576,0.0010125413435593165,1.0,1.0,0.99,power
146,0.005399085859685062,0.0009862896161699493,1.0,1.0,0.99,power
147,0.005344675896648346,0.0009609627073078002,1.0,1.0,0.99,power
148,0.005291486290597894,0.0009365012810614577,1.0,0.9998989030983618,0.99,power
149,0.005238160788057677,0.0009128721941475158,1.0,1.0,0.99,power
150,0.005186042869895016,0.000890043833079508,1.0,1.0,0.99,power
151,0.005133780583360942,0.0008679785446177106,1.0,1.0,0.99,power
152,0.005082711184263402,0.0008466456765386901,1.0,0.9998989030983618,0.99,power
153,0.005031491248532199,0.0008260234213278058,1.0,1.0,0.99,power
154,0.004981447864070051,0.0008060836869746713,1.0,0.9998989030983618,0.99,power
155,0.00493124978944888,0.000786794443575551,1.0,1.0,0.99,power
156,0.004882210544916455,0.0007681301964607365,1.0,1.0,0.99,power
157,0.004833014213267978,0.0007500689118691116,1.0,1.0,0.99,power
158,0.004784957831985246,0.0007325869181174429,1.0,0.9998989030983618,0.99,power
159,0.004736743492606941,0.000715664756726292,1.0,1.0,0.99,power
160,0.004689649266882329,0.0006992789780865515,1.0,1.0,0.99,power
161,0.004642397532233169,0.0006834081779877833,1.0,0.9998989030983618,0.99,power
162,0.004596245296713965,0.0006680345339494884,1.0,1.0,0.99,power
163,0.004549937138002469,0.000653138663727341,1.0,1.0,0.99,power
164,0.004504707245169037,0.000638701967404776,1.0,0.9998989030983618,0.99,power
165,0.0044593239878168945,0.0006247037145308602,1.0,1.0,0.99,power
166,0.004414997285403831,0.0006111308641005334,1.0,1.0,0.99,power
167,0.004370520604399175,0.0005979722095045901,1.0,1.0,0.99,power
168,0.004327078414550713,0.0005852084001940326,1.0,1.0,0.99,power
169,0.004283490329704858,0.0005728227077459091,1.0,0.9998989030983618,0.99,power
170,0.0042409144296924476,0.0005608009304653952,1.0,1.0,0.99,power
171,0.0041981973008138156,0.0005491312943457693,1.0,0.9998989030983618,0.99,power
172,0.004156469905162509,0.0005378025117758542,1.0,1.0,0.99,power
173,0.004114606427160445,0.000526801019332678,1.0,0.9998989030983618,0.99,power
174,0.004073710171047485,0.0005161152278849992,1.0,1.0,0.99,power
175,0.00403268336897845,0.0005057353324823558,1.0,1.0,0.99,power
176,0.00399260129278181,0.0004956472379314447,1.0,1.0,0.99,power
177,0.003952394516849915,0.0004858448322171221,1.0,0.9998989030983618,0.99,power
178,0.003913110051737401,0.0004763201409521391,1.0,1.0,0.99,power
179,0.0038737069722598787,0.0004670600509068747,1.0,1.0,0.99,power
180,0.003835203926721513,0.00045805217206304624,1.0,1.0,0.99,power
181,0.003796588529069924,0.00044929369678944946,1.0,0.9998989030983618,0.99,power
182,0.0037588510763058424,0.0004407780692853705,1.0,1.0,0.99,power
183,0.003721007655832291,0.0004324893139229964,1.0,1.0,0.99,power
184,0.003684020321918206,0.00042441971488951774,1.0,1.0,0.99,power
185,0.003646933478875844,0.0004165617694215963,1.0,0.9998989030983618,0.99,power
186,0.003610681131635586,0.00040890837650526456,1.0,1.0,0.99,power
187,0.0035743357661014016,0.0004014526534116433,1.0,1.0,0.99,power
188,0.0035388036046238316,0.00039418737627517963,1.0,1.0,0.99,power
189,0.0035031849114314094,0.00038710692230799996,1.0,0.9998989030983618,0.99,power
190,0.003468358456175084,0.0003802067682207063,1.0,1.0,0.99,power
191,0.0034334519198643875,0.000373479971284666,1.0,0.9998989030983618,0.99,power
192,0.0033993170032992404,0.00036692025470423873,1.0,1.0,0.99,power
193,0.0033651083930896193,0.0003605215150785091,1.0,0.9998989030983618,0.99,power
194,0.003331651150830016,0.0003542782998701074,1.0,1.0,0.99,power
195,0.0032981265156223497,0.00034818532236314826,1.0,1.0,0.99,power
196,0.0032653333780104645,0.0003422381947604511,1.0,0.9998989030983618,0.99,power
197,0.0032324790414235793,0.00033643193529663267,1.0,1.0,0.99,power
198,0.0032003367255261125,0.00033076274999928464,1.0,1.0,0.99,power
199,0.0031681392809722363,0.00032522596083446863,1.0,1.0,0.99,power
200,0.0031366347829570843,0.0003198177005320114,1.0,1.0,0.99,power
201,0.003105081088760479,0.0003145340310990702,1.0,1.0,0.99,power
202,0.0030742016766235466,0.0003093706420128901,1.0,0.9998989030983618,0.99,power
203,0.0030432788511862876,0.0003043244377613933,1.0,1.0,0.99,power
204,0.0030130120578008924,0.00029939199940229137,1.0,1.0,0.99,power
205,0.0029827074748188893,0.0002945697433792394,1.0,0.9998989030983618,0.99,power
206,0.002953041091283735,0.0002898541690814629,1.0,1.0,0.99,power
207,0.0029233423750162192,0.0002852431616610015,1.0,1.0,0.99,power
208,0.002894264444279302,0.0002807342308349313,1.0,1.0,0.99,power
209,0.0028651594648741296,0.00027632258262900295,1.0,0.9998989030983618,0.99,power
210,0.002836658275613011,0.0002720054438276132,1.0,1.0,0.99,power
211,0.0028081351444902347,0.00026778059813120197,1.0,1.0,0.99,power
212,0.0027801992252300197,0.00026364512198577507,1.0,1.0,0.99,power
213,0.002752246290525676,0.00025959638416578226,1.0,1.0,0.99,power
214,0.002724864403978604,0.00025563202212865643,1.0,1.0,0.99,power
215,0.0026974702460501134,0.0002517497343094531,1.0,1.0,0.99,power
216,0.0026706313836615957,0.0002479472274050503,1.0,1.0,0.99,power
217,0.002643784810656632,0.0002442223797789487,1.0,1.0,0.99,power
218,0.002617478187344242,0.00024057295338875088,1.0,0.9998989030983618,0.99,power
219,0.002591168230833766,0.0002369968330266397,1.0,1.0,0.99,power
220,0.002565383279906751,0.0002334922875390077,1.0,0.9998989030983618,0.99,power
221,0.0025395991905835013,0.00023005736852835126,1.0,1.0,0.99,power
222,0.002514325558831706,0.00022669046092863574,1.0,1.0,0.99,power
223,0.0024890568022746485,0.00022338927354298882,1.0,0.9998989030983618,0.99,power
224,0.0024642843452163704,0.00022015217916475363,1.0,0.9998989030983618,0.99,power
225,0.002439520597721793,0.0002169775560542409,1.0,1.0,0.99,power
226,0.0024152393750013976,0.00021386354736784014,1.0,0.9998989030983618,0.99,power
227,0.002390970519480999,0.00021080854833407302,1.0,1.0,0.99,power
228,0.0023671707904077068,0.0002078111912387717,1.0,0.9998989030983618,0.99,power
229,0.0023433869123538863,0.00020487013115833626,1.0,1.0,0.99,power
230,0.0023200591315737816,0.00020198367222346787,1.0,0.9998989030983618,0.99,power
231,0.0022967505150921948,0.0001991504170521647,1.0,1.0,0.99,power
232,0.0022738853283865135,0.00019636933546062358,1.0,1.0,0.99,power
233,0.002251042452296015,0.00019363916099660172,1.0,1.0,0.99,power
234,0.002228630692498843,0.00019095852697274194,1.0,0.9998989030983618,0.99,power
235,0.0022062442264984368,0.00018832612853990333,1.0,1.0,0.99,power
236,0.002184276909528135,0.0001857409606335555,1.0,1.0,0.99,power
237,0.0021623377104308893,0.0001832018770766543,1.0,1.0,0.99,power
238,0.0021408060314293056,0.00018070765350660316,1.0,1.0,0.99,power
239,0.0021193051394628273,0.00017825722788401572,1.0,1.0,0.99,power
240,0.002098200469037502,0.00017584971613741071,1.0,1.0,0.99,power
241,0.002077129104210449,0.00017348392938232435,1.0,1.0,0.99,power
242,0.002056442984774964,0.00017115894413066704,1.0,1.0,0.99,power
243,0.0020357925433092607,0.00016887406062245037,1.0,1.0,0.99,power
244,0.0020155166855172686,0.00016662840677606535,1.0,0.9998989030983618,0.99,power
245,0.001995278736345449,0.00016442086158746785,1.0,1.0,0.99,power
246,0.0019754050156145365,0.0001622506346410653,1.0,1.0,0.99,power
247,0.00195557129694141,0.00016011677639724318,1.0,1.0,0.99,power
248,0.001936091750062973,0.000158018581801334,1.0,0.9998989030983618,0.99,power
249,0.0019166541659912085,0.00015595508707931446,1.0,1.0,0.99,power
250,0.0018975609878228309,0.00015392545665775432,1.0,0.9998989030983618,0.99,power
251,0.001878511605041632,0.00015192894484613375,1.0,1.0,0.99,power
252,0.001859797145278778,0.00014996480784100832,1.0,1.0,0.99,power
253,0.0018411281898148147,0.00014803234001576536,1.0,1.0,0.99,power
254,0.001822784949838827,0.000146130978412813,1.0,0.9998989030983618,0.99,power
255,0.0018044888038688217,0.00014426003711624351,1.0,1.0,0.99,power
256,0.0017865094336684468,0.00014241888292092377,1.0,1.0,0.99,power
257,0.0017685786323924709,0.0001406069192189013,1.0,1.0,0.99,power
258,0.0017509559275562196,0.000138823458126632,1.0,1.0,0.99,power
259,0.0017333831561309155,0.0001370679136013564,1.0,1.0,0.99,power
260,0.0017161100549078854,0.00013533978409295089,1.0,1.0,0.99,power
261,0.0016988881454387734,0.00013363847461947572,1.0,1.0,0.99,power
262,0.0016819577258655348,0.00013196343333308314,1.0,0.9998989030983618,0.99,power
263,0.0016650796544575254,0.00013031414076531344,1.0,1.0,0.99,power
264,0.0016484851315490545,0.00012869002767601989,1.0,1.0,0.99,power
265,0.0016319440154142413,0.00012709057063195163,1.0,1.0,0.99,power
266,0.0016156787384166934,0.00012551526757541962,1.0,1.0,0.99,power
267,0.0015994678330386407,0.0001239636589087913,1.0,0.9998989030983618,0.99,power
268,0.0015835252827422193,0.00012243528497515437,1.0,1.0,0.99,power
269,0.0015676379790956975,0.000120929650992281,1.0,1.0,0.99,power
270,0.001552011765205596,0.00011944636725927064,1.0,1.0,0.99,power
271,0.0015364415870309752,0.0001179850509021313,1.0,1.0,0.99,power
272,0.0015211254455949764,0.00011654521596659506,1.0,1.0,0.99,power
273,0.0015058660467263383,0.00011512656868798332,1.0,0.9998989030983618,0.99,power
274,0.0014908538376170982,0.00011372860623323094,1.0,1.0,0.99,power
275,0.001475898999363116,0.00011235091058517811,1.0,1.0,0.99,power
276,0.0014611847038138947,0.00011099309894434053,1.0,0.9998989030983618,0.99,power
277,0.0014465283323906108,0.00010965481741518672,1.0,0.9998989030983618,0.99,power
278,0.0014321060505828667,0.00010833571760354629,1.0,1.0,0.99,power
279,0.0014177421745974691,0.0001070354436153322,1.0,0.9998989030983618,0.99,power
280,0.0014036061232987915,0.00010575366854546029,1.0,0.9998989030983618,0.99,power
281,0.0013895288912834486,0.00010449007013934242,1.0,0.9998989030983618,0.99,power
282,0.0013756734015347672,0.00010324433736874349,1.0,1.0,0.99,power
283,0.001361877079529646,0.0001020161243864673,1.0,0.9998989030983618,0.99,power
284,0.0013482965943802862,0.00010080510513190541,1.0,1.0,0.99,power
285,0.0013347755635648867,9.961101732679295e-05,1.0,0.9998989030983618,0.99,power
286,0.0013214646358541608,9.843351983519069e-05,1.0,1.0,0.99,power
287,0.001308213390225961,9.727231491952396e-05,1.0,1.0,0.99,power
288,0.0012951666804104777,9.612713396841931e-05,1.0,1.0,0.99,power
289,0.0012821798245102418,9.49977010348551e-05,1.0,0.9998989030983618,0.99,power
290,0.001269392098535379,9.388374165160513e-05,1.0,1.0,0.99,power
291,0.0012566643452179467,9.278498222544781e-05,1.0,1.0,0.99,power
292,0.0012441304724327806,9.170115274737377e-05,1.0,1.0,0.99,power
293,0.0012316566406828126,9.06320401814814e-05,1.0,0.9998989030983618,0.99,power
294,0.0012193715917972682,8.957738450835205e-05,1.0,1.0,0.99,power
295,0.0012071466045888424,8.853693089745223e-05,1.0,1.0,0.99,power
296,0.0011951054496721128,8.751045688191481e-05,1.0,1.0,0.99,power
297,0.0011831243318714479,8.649770510684528e-05,1.0,0.9998989030983618,0.99,power
298,0.0011713222383908533,8.549845288946601e-05,1.0,1.0,0.99,power
299,0.0011595801147012527,8.451249282213769e-05,1.0,1.0,0.99,power
300,0.0011480123456005106,8.353961017140841e-05,1.0,1.0,0.99,power
301,0.0011365044385489005,8.257959671023532e-05,1.0,1.0,0.99,power
302,0.0011251663503647764,8.163226610653817e-05,1.0,1.0,0.99,power
303,0.0011138879783287618,8.069754840445064e-05,1.0,1.0,0.99,power
304,0.0011027750193455435,7.977513310836292e-05,1.0,1.0,0.99,power
305,0.0010917215946203733,7.886475565065579e-05,1.0,1.0,0.99,power
306,0.0010808293030612197,7.79662243367629e-05,1.0,1.0,0.99,power
307,0.0010699963299658289,7.707933157960687e-05,1.0,1.0,0.99,power
308,0.0010593203322200038,7.620389033217587e-05,1.0,1.0,0.99,power
309,0.0010487034052413936,7.533973107979241e-05,1.0,0.9998989030983618,0.99,power
310,0.0010382394141268785,7.44867000086776e-05,1.0,1.0,0.99,power
311,0.0010278342161019643,7.364460690072002e-05,1.0,0.9998989030983618,0.99,power
312,0.0010175780291625728,7.281328112797718e-05,1.0,1.0,0.99,power
313,0.0010073803294969393,7.199257687347038e-05,1.0,1.0,0.99,power
314,0.0009973278273331379,7.118231673998908e-05,1.0,1.0,0.99,power
315,0.00098733348025576,7.038232190797279e-05,1.0,1.0,0.99,power
316,0.0009774806248886271,6.959244603986191e-05,1.0,1.0,0.99,power
317,0.0009676855677420911,6.88125164810905e-05,1.0,1.0,0.99,power
318,0.0009580284010094742,6.804238466540265e-05,1.0,1.0,0.99,power
319,0.0009484286525746849,6.728190100443418e-05,1.0,1.0,0.99,power
320,0.0009389632945592996,6.65309431260452e-05,1.0,1.0,0.99,power
321,0.0009295549534141978,6.578938273935843e-05,1.0,1.0,0.99,power
322,0.0009202776009025537,6.505706964268589e-05,1.0,1.0,0.99,power
323,0.0009110568438141995,6.433393321054944e-05,1.0,1.0,0.99,power
324,0.0009019637687859419,6.361982339761039e-05,1.0,1.0,0.99,power
325,0.0008929268491350607,6.291455431373096e-05,1.0,1.0,0.99,power
326,0.000884014397282195,6.2218061410199e-05,1.0,1.0,0.99,power
327,0.0008751576435197528,6.153016009863724e-05,1.0,1.0,0.99,power
328,0.0008664222327948655,6.085070281939569e-05,1.0,1.0,0.99,power
329,0.0008577420469298687,6.017955790923145e-05,1.0,0.9998989030983618,0.99,power
330,0.000849180166123083,5.9516643747408106e-05,1.0,1.0,0.99,power
331,0.0008406730222411392,5.886187023694836e-05,1.0,1.0,0.99,power
332,0.0008322812295849172,5.821519860773074e-05,1.0,1.0,0.99,power
333,0.0008239436723967504,5.757633464363918e-05,1.0,1.0,0.99,power
334,0.0008157185941982014,5.694516565953859e-05,1.0,1.0,0.99,power
335,0.0008075472376176588,5.632158267337698e-05,1.0,0.9998989030983618,0.99,power
336,0.0007994855669176767,5.5705479017034523e-05,1.0,0.9998989030983618,0.99,power
337,0.0007914770926685305,5.5096751913632515e-05,1.0,1.0,0.99,power
338,0.000783575587927311,5.449530137560697e-05,1.0,1.0,0.99,power
339,0.0007757267441783651,5.39010249609532e-05,1.0,0.9998989030983618,0.99,power
340,0.000767982227986663,5.3313825589364874e-05,1.0,0.9998989030983618,0.99,power
341,0.000760289828014497,5.273360230171241e-05,1.0,1.0,0.99,power
342,0.0007526991858302753,5.21602593586259e-05,1.0,1.0,0.99,power
343,0.0007451601067090603,5.1593708497374e-05,1.0,1.0,0.99,power
344,0.0007377202856188147,5.103385355804832e-05,1.0,1.0,0.99,power
345,0.0007303314669367835,5.048060658331986e-05,1.0,1.0,0.99,power
346,0.0007230394744412614,4.993387609917211e-05,1.0,1.0,0.99,power
347,0.0007157979170431001,4.9393571558993324e-05,1.0,1.0,0.99,power
348,0.0007086508198667815,4.8859606823712204e-05,1.0,0.9998989030983618,0.99,power
349,0.0007015535846216555,4.833189556874343e-05,1.0,1.0,0.99,power
350,0.0006945485075456176,4.781036257486399e-05,1.0,0.9998989030983618,0.99,power
351,0.0006875927141399231,4.729492560523174e-05,1.0,1.0,0.99,power
352,0.0006807268388575615,4.6785494303009935e-05,1.0,1.0,0.99,power
353,0.0006739096646123923,4.628199203158846e-05,1.0,1.0,0.99,power
354,0.0006671802286076017,4.5784337005298065e-05,1.0,1.0,0.99,power
355,0.0006604989073200654,4.529245058288784e-05,1.0,1.0,0.99,power
356,0.0006539032027673982,4.480625640250458e-05,1.0,1.0,0.99,power
357,0.0006473550235753062,4.4325682571736545e-05,1.0,1.0,0.99,power
358,0.0006408903962616958,4.385065249375905e-05,1.0,1.0,0.99,power
359,0.000634472702531419,4.338109384360027e-05,1.0,1.0,0.99,power
360,0.0006281365507990661,4.291693792548853e-05,1.0,0.9998989030983618,0.99,power
361,0.0006218467390358333,4.245811536933181e-05,1.0,0.9998989030983618,0.99,power
362,0.0006156365127458062,4.2004553869464235e-05,1.0,1.0,0.99,power
363,0.0006094720315259792,4.1556187239614526e-05,1.0,1.0,0.99,power
364,0.0006033852310420997,4.111294437213338e-05,1.0,0.9998989030983618,0.99,power
365,0.0005973435799672501,4.067475750585643e-05,1.0,1.0,0.99,power
366,0.0005913777551599706,4.0241564954598094e-05,1.0,1.0,0.99,power
367,0.0005854564838319335,3.9813301947661596e-05,1.0,1.0,0.99,power
368,0.0005796092331016361,3.938990250888418e-05,1.0,0.9998989030983618,0.99,power
369,0.0005738059401184299,3.897130490138743e-05,1.0,1.0,0.99,power
370,0.0005680749094381017,3.85574479390283e-05,1.0,1.0,0.99,power
371,0.0005623872414100385,3.8148297400266124e-05,1.0,1.0,0.99,power
372,0.0005567701233863593,3.774378534213629e-05,1.0,1.0,0.99,power
373,0.0005511957739722319,3.734383546934563e-05,1.0,1.0,0.99,power
374,0.0005456903069254608,3.694839081768613e-05,1.0,1.0,0.99,power
375,0.0005402270158880364,3.655739391931042e-05,1.0,1.0,0.99,power
376,0.0005348309829497062,3.617078954457966e-05,1.0,1.0,0.99,power
377,0.0005294765352303945,3.578852248810033e-05,1.0,1.0,0.99,power
378,0.0005241877634587682,3.5410537782164e-05,1.0,0.9998989030983618,0.99,power
379,0.0005189399882710146,3.503678137089201e-05,1.0,1.0,0.99,power
380,0.0005137563477839124,3.466720113836292e-05,1.0,0.9998989030983618,0.99,power
381,0.0005086131177248678,3.430174540989891e-05,1.0,1.0,0.99,power
382,0.0005035325208495093,3.394036355258027e-05,1.0,0.9998989030983618,0.99,power
383,0.0004984917510296638,3.358300419185434e-05,1.0,1.0,0.99,power
384,0.0004935121514691812,3.322961757486352e-05,1.0,1.0,0.99,power
385,0.0004885717986595863,3.28801547092127e-05,1.0,0.9998989030983618,0.99,power
386,0.0004836911906758732,3.253457156298833e-05,1.0,1.0,0.99,power
387,0.00047884925247258174,3.219281793812245e-05,1.0,1.0,0.99,power
388,0.0004740656700852493,3.185484621606655e-05,1.0,1.0,0.99,power
389,0.0004693201840905759,3.152060982578455e-05,1.0,1.0,0.99,power
390,0.0004646317002915876,3.119006300312158e-05,1.0,1.0,0.99,power
391,0.00045998074331198615,3.08631630170025e-05,1.0,0.9998989030983618,0.99,power
392,0.00045538546929571936,3.0539864941169916e-05,1.0,1.0,0.99,power
393,0.00045082715655578765,3.0220124371886066e-05,1.0,0.9998989030983618,0.99,power
394,0.00044632324096425527,2.990389789843027e-05,1.0,0.9998989030983618,0.99,power
395,0.0004418557253365898,2.9591143580724287e-05,1.0,1.0,0.99,power
396,0.0004374413535193768,2.928181946342957e-05,1.0,0.9998989030983618,0.99,power
397,0.00043306282477002393,2.897588463811478e-05,1.0,1.0,0.99,power
398,0.0004287362180589561,2.8673299143969383e-05,1.0,0.9998989030983618,0.99,power
399,0.00042444490210798196,2.8374023068817943e-05,1.0,1.0,0.99,power
400,0.0004202043171058607,2.8078017936794534e-05,1.0,0.9998989030983618,0.99,power
401,0.00041599847530297195,2.778524483417638e-05,1.0,1.0,0.99,power
402,0.000411842203186343,2.7495663145490005e-05,1.0,1.0,0.99,power
403,0.000407720131600939,2.720923632635881e-05,1.0,1.0,0.99,power
404,0.00040364649743668306,2.6925926787641853e-05,1.0,1.0,0.99,power
405,0.00039960652616238286,2.6645698782291152e-05,1.0,1.0,0.99,power
406,0.0003956138882375213,2.6368514047571737e-05,1.0,0.9998989030983618,0.99,power
407,0.0003916543807106165,2.609433631800552e-05,1.0,1.0,0.99,power
408,0.00038774112987551197,2.5823131598887634e-05,1.0,1.0,0.99,power
409,0.0003838604822070815,2.555486603921413e-05,1.0,0.9998989030983618,0.99,power
410,0.0003800250412314333,2.5289502908556705e-05,1.0,1.0,0.99,power
411,0.0003762216815531248,2.50270083105313e-05,1.0,0.9998989030983618,0.99,power
412,0.00037246250449463,2.476734850269916e-05,1.0,1.0,0.99,power
413,0.000368734892317367,2.4510491282779422e-05,1.0,1.0,0.99,power
414,0.00036505046390291257,2.4256403360458657e-05,1.0,1.0,0.99,power
415,0.0003613970894886985,2.4005052174669947e-05,1.0,1.0,0.99,power
416,0.0003577859245075438,2.3756405829668306e-05,1.0,1.0,0.99,power
417,0.0003542053082538298,2.351043288899036e-05,1.0,0.9998989030983618,0.99,power
418,0.000350665950962938,2.3267102515215798e-05,1.0,1.0,0.99,power
419,0.0003471566427993825,2.302638440773927e-05,1.0,1.0,0.99,power
420,0.0003436876663402932,2.2788248339223232e-05,1.0,0.9998989030983618,0.99,power
421,0.0003402482451376892,2.2552664740712484e-05,1.0,1.0,0.99,power
422,0.00033684825096496316,2.23196039635916e-05,1.0,1.0,0.99,power
423,0.0003334773239560424,2.2089037535707288e-05,1.0,1.0,0.99,power
424,0.00033014494127692705,2.1860936863113767e-05,1.0,1.0,0.99,power
425,0.00032684114348881265,2.1635273502295144e-05,1.0,0.9998989030983618,0.99,power
426,0.0003235750287139472,2.141201940230169e-05,1.0,1.0,0.99,power
427,0.00032033702241200803,2.1191147197937146e-05,1.0,1.0,0.99,power
428,0.00031713585861694725,2.0972629650054926e-05,1.0,1.0,0.99,power
429,0.0003139623327598531,2.0756440035397052e-05,1.0,0.9998989030983618,0.99,power
430,0.00031082482915723584,2.054255183494431e-05,1.0,1.0,0.99,power
431,0.00030771449886298364,2.0330939056157863e-05,1.0,1.0,0.99,power
432,0.0003046393902850251,2.0121575947268237e-05,1.0,1.0,0.99,power
433,0.00030159099630767185,1.9914436909426003e-05,1.0,1.0,0.99,power
434,0.00029857704269887326,1.970949688727078e-05,1.0,0.9998989030983618,0.99,power
435,0.00029558935091576977,1.950673117701167e-05,1.0,1.0,0.99,power
436,0.0002926353368357617,1.9306115155935322e-05,1.0,1.0,0.99,power
437,0.0002897071377451347,1.9107624555355477e-05,1.0,1.0,0.99,power
438,0.00028681187188111314,1.8911235504152454e-05,1.0,1.0,0.99,power
439,0.0002839419801097194,1.8716924342246667e-05,1.0,1.0,0.99,power
440,0.00028110429479857445,1.852466774676827e-05,1.0,1.0,0.99,power
441,0.00027829154861920785,1.833444283652299e-05,1.0,1.0,0.99,power
442,0.0002755102993792329,1.8146226888629987e-05,1.0,0.9998989030983618,0.99,power
443,0.0002727535602380057,1.7959997380996693e-05,1.0,0.9998989030983618,0.99,power
444,0.0002700276253095237,1.777573215425868e-05,1.0,1.0,0.99,power
445,0.00026732577736257357,1.7593409361317385e-05,1.0,1.0,0.99,power
446,0.0002646540572579423,1.7413007337342672e-05,1.0,1.0,0.99,power
447,0.0002620060069174082,1.7234504825219596e-05,1.0,1.0,0.99,power
448,0.0002593874239796928,1.7057880941832783e-05,1.0,0.9998989030983618,0.99,power
449,0.0002567920994689656,1.6883115112596834e-05,1.0,1.0,0.99,power
450,0.0002542255974394027,1.671018761074732e-05,1.0,0.9998989030983618,0.99,power
451,0.0002516819483570516,1.6539076803084236e-05,1.0,1.0,0.99,power
452,0.0002491664919511266,1.636976239474777e-05,1.0,1.0,0.99,power
453,0.00024667348884382256,1.6202224797637595e-05,1.0,1.0,0.99,power
454,0.000244208063335453,1.603644428996485e-05,1.0,0.9998989030983618,0.99,power
455,0.00024176469727930572,1.5872401599571608e-05,1.0,0.9998989030983618,0.99,power
456,0.00023934830809356597,1.5710077796341665e-05,1.0,0.9998989030983618,0.99,power
457,0.00023695359028392594,1.554945384527296e-05,1.0,0.9998989030983618,0.99,power
458,0.00023458526259759356,1.5390510834324565e-05,1.0,1.0,0.99,power
459,0.00023223822394703706,1.5233230323080318e-05,1.0,1.0,0.99,power
460,0.00022991700229706594,1.5077594020792693e-05,1.0,0.9998989030983618,0.99,power
461,0.00022761669304148334,1.4923584268782101e-05,1.0,1.0,0.99,power
462,0.00022534164094129033,1.4771183132549369e-05,1.0,1.0,0.99,power
463,0.00022308713025388975,1.4620372979399653e-05,1.0,1.0,0.99,power
464,0.00022085732981707776,1.4471136371340728e-05,1.0,1.0,0.99,power
465,0.00021864770543002956,1.4323456148405823e-05,1.0,1.0,0.99,power
466,0.000216462257001723,1.4177315252429423e-05,1.0,1.0,0.99,power
467,0.0002142966248355071,1.403269699895526e-05,1.0,1.0,0.99,power
468,0.00021215464663080786,1.3889584843329637e-05,1.0,1.0,0.99,power
469,0.00021003213043093122,1.3747962374941022e-05,1.0,1.0,0.99,power
470,0.00020793275818058188,1.3607813419833521e-05,1.0,1.0,0.99,power
471,0.0002058524991615742,1.346912200618418e-05,1.0,1.0,0.99,power
472,0.00020379488576464187,1.3331872499746898e-05,1.0,1.0,0.99,power
473,0.00020175604226120757,1.3196049204769244e-05,1.0,1.0,0.99,power
474,0.0001997393574446751,1.3061636616129745e-05,1.0,1.0,0.99,power
475,0.00019774110456979887,1.292861950467983e-05,1.0,0.9998989030983618,0.99,power
476,0.0001957645345547313,1.2796982772116156e-05,1.0,1.0,0.99,power
477,0.00019380606386466408,1.26667115568377e-05,1.0,1.0,0.99,power
478,0.00019186881103912568,1.2537791232652828e-05,1.0,1.0,0.99,power
479,0.00018994933020509698,1.2410207253118514e-05,1.0,1.0,0.99,power
480,0.00018805061280347026,1.2283945269036023e-05,1.0,1.0,0.99,power
481,0.00018616934528995163,1.2158990955557029e-05,1.0,1.0,0.99,power
482,0.00018430839707860123,1.2035330295380977e-05,1.0,1.0,0.99,power
483,0.00018246458182798398,1.1912949323263734e-05,1.0,1.0,0.99,power
484,0.0001806406517971417,1.1791834383838897e-05,1.0,1.0,0.99,power
485,0.0001788335429207674,1.1671971858093088e-05,1.0,1.0,0.99,power
486,0.00017704589498254334,1.1553348635961757e-05,1.0,1.0,0.99,power
487,0.00017527476145792075,1.1435951333299763e-05,1.0,1.0,0.99,power
488,0.0001735226741502249,1.131976667462816e-05,1.0,0.9998989030983618,0.99,power
489,0.00017178679952430098,1.1204781764495105e-05,1.0,1.0,0.99,power
490,0.00017006956572066228,1.1090983669893602e-05,1.0,1.0,0.99,power
491,0.00016836824781903134,1.0978359825660108e-05,1.0,1.0,0.99,power
492,0.00016668517444414616,1.0866897743876843e-05,1.0,1.0,0.99,power
493,0.00016501772508605063,1.0756584941910405e-05,1.0,1.0,0.99,power
494,0.00016336813283698162,1.0647409319731636e-05,1.0,1.0,0.99,power
495,0.00016173387755607748,1.0539359230309104e-05,1.0,1.0,0.99,power
496,0.00016011710062893507,1.0432422171546766e-05,1.0,1.0,0.99,power
497,0.0001585153783996028,1.0326586247015967e-05,1.0,0.9998989030983618,0.99,power
498,0.00015693076422170366,1.02218397658055e-05,1.0,1.0,0.99,power
499,0.00015536092719083103,1.0118171169118645e-05,1.0,0.9998989030983618,0.99,power
500,0.00015380783615797944,1.0015569123832928e-05,1.0,1.0,0.99,power
501,0.0001522692493821414,9.914027306237678e-06,1.0,1.0,0.99,power
502,0.00015074705460141818,9.81353000674932e-06,1.0,1.0,0.99,power
503,0.00014923909578927678,9.714065459403948e-06,1.0,1.0,0.99,power
504,0.00014774718282658885,9.6156227489762e-06,1.0,1.0,0.99,power
505,0.00014626924208650512,9.518191081683065e-06,1.0,1.0,0.99,power
506,0.00014480700871936792,9.421759806996424e-06,1.0,1.0,0.99,power
507,0.00014335848831195766,9.32631830485433e-06,1.0,1.0,0.99,power
508,0.00014192534428707486,9.231856134036945e-06,1.0,1.0,0.99,power
509,0.00014050565838282994,9.138362969228871e-06,1.0,1.0,0.99,power
510,0.0001391010251785121,9.045828611581709e-06,1.0,0.9998989030983618,0.99,power
511,0.00013770959962017756,8.954242952295319e-06,1.0,1.0,0.99,power
512,0.00013633291021336718,8.863596010433339e-06,1.0,0.9998989030983618,0.99,power
513,0.00013496918228317,8.773877916751726e-06,1.0,1.0,0.99,power
514,0.0001336198809212575,8.685078912126263e-06,1.0,1.0,0.99,power
515,0.00013228329911263472,8.597189433889398e-06,1.0,1.0,0.99,power
516,0.00013096084108964247,8.510199861039136e-06,1.0,1.0,0.99,power
517,0.00012965086488366347,8.424100747597706e-06,1.0,0.9998989030983618,0.99,power
518,0.00012835471632092614,8.338882748792575e-06,1.0,0.9998989030983618,0.99,power
519,0.0001270708159672052,8.254536609795958e-06,1.0,1.0,0.99,power
520,0.00012580045359835977,8.171053190987891e-06,1.0,0.9998989030983618,0.99,power
521,0.00012454210990019978,8.088423476218728e-06,1.0,1.0,0.99,power
522,0.0001232970208605169,8.006638546670625e-06,1.0,0.9998989030983618,0.99,power
523,0.00012206372496446998,7.925689543212249e-06,1.0,1.0,0.99,power
524,0.00012084340658428014,7.845567761359286e-06,1.0,0.9998989030983618,0.99,power
525,0.00011963465977389201,7.766264567006977e-06,1.0,1.0,0.99,power
526,0.0001184386193760868,7.687771371746516e-06,1.0,1.0,0.99,power
527,0.00011725393286974113,7.610079775765391e-06,1.0,1.0,0.99,power
528,0.00011608168757141311,7.5331814484176675e-06,1.0,1.0,0.99,power
529,0.00011492058232420392,7.457068095893804e-06,1.0,0.9998989030983618,0.99,power
530,0.0001137716588420806,7.38173153600219e-06,1.0,0.9998989030983618,0.99,power
531,0.00011263366535165492,7.307163630623139e-06,1.0,0.9998989030983618,0.99,power
532,0.00011150759981142412,7.233356329569225e-06,1.0,0.9998989030983618,0.99,power
533,0.00011039225792780796,7.160301749333873e-06,1.0,1.0,0.99,power
534,0.00010928859567729238,7.087992039473604e-06,1.0,1.0,0.99,power
535,0.00010819545441626796,7.016419440095357e-06,1.0,1.0,0.99,power
536,0.00010711374984225518,6.945576333202837e-06,1.0,0.9998989030983618,0.99,power
537,0.00010604236720271628,6.8754553511955155e-06,1.0,1.0,0.99,power
538,0.00010498218355140746,6.806048757013106e-06,1.0,1.0,0.99,power
539,0.00010393212633626578,6.7373491309229e-06,1.0,1.0,0.99,power
540,0.0001028930355372424,6.669349405966261e-06,1.0,0.9998989030983618,0.99,power
541,0.00010186387917785066,6.602042187689435e-06,1.0,1.0,0.99,power
542,0.00010084546167168267,6.5354201190598776e-06,1.0,1.0,0.99,power
543,9.983679005584744e-05,6.469476124118489e-06,1.0,1.0,0.99,power
544,9.88386346249558e-05,6.40420316629653e-06,1.0,1.0,0.99,power
545,9.785003992841772e-05,6.339594324317554e-06,1.0,1.0,0.99,power
546,9.687174353137779e-05,6.275642688253302e-06,1.0,0.9998989030983618,0.99,power
547,9.590282605247289e-05,6.212341447148708e-06,1.0,1.0,0.99,power
548,9.494399366158254e-05,6.1496839008402146e-06,1.0,1.0,0.99,power
549,9.399436165950011e-05,6.087663430858747e-06,1.0,1.0,0.99,power
550,9.30546061015586e-05,6.026273438191426e-06,1.0,1.0,0.99,power
551,9.212387563746011e-05,5.965507376616744e-06,1.0,1.0,0.99,power
552,9.120281743776952e-05,5.905358818040464e-06,1.0,1.0,0.99,power
553,9.029061221944351e-05,5.845821374698616e-06,1.0,1.0,0.99,power
554,8.938787944877944e-05,5.786888732640364e-06,1.0,1.0,0.99,power
555,8.849383067816046e-05,5.7285546400860106e-06,1.0,1.0,0.99,power
556,8.760905880292594e-05,5.670812904950397e-06,1.0,0.9998989030983618,0.99,power
557,8.673280502672834e-05,5.613657425708647e-06,1.0,1.0,0.99,power
558,8.586563676193796e-05,5.557082150591014e-06,1.0,1.0,0.99,power
559,8.500682372529226e-05,5.501081127076404e-06,1.0,1.0,0.99,power
560,8.415690889060751e-05,5.4456484948376884e-06,1.0,1.0,0.99,power
561,8.3315189393549e-05,5.390778355604268e-06,1.0,0.9998989030983618,0.99,power
562,8.24821847720324e-05,5.3364648968474135e-06,1.0,0.9998989030983618,0.99,power
563,8.165721852900249e-05,5.282702376148054e-06,1.0,1.0,0.99,power
564,8.084078772884329e-05,5.229485127789491e-06,1.0,1.0,0.99,power
565,8.003224123077884e-05,5.176807582033221e-06,1.0,0.9998989030983618,0.99,power
566,7.923205454955776e-05,5.124664146053319e-06,1.0,1.0,0.99,power
567,7.843960092893373e-05,5.073049345031708e-06,1.0,1.0,0.99,power
568,7.765533522076028e-05,5.0219577494305006e-06,1.0,1.0,0.99,power
569,7.687865411917935e-05,4.971384067422204e-06,1.0,1.0,0.99,power
570,7.610999266439595e-05,4.921323011844948e-06,1.0,1.0,0.99,power
571,7.534877010293438e-05,4.871769258810694e-06,1.0,1.0,0.99,power
572,7.459540248036342e-05,4.8227175862870625e-06,1.0,1.0,0.99,power
573,7.384933073240256e-05,4.774162844502711e-06,1.0,1.0,0.99,power
574,7.311095269420189e-05,4.726099927744267e-06,1.0,1.0,0.99,power
575,7.237973016091648e-05,4.67852373091502e-06,1.0,1.0,0.99,power
576,7.16560435098802e-05,4.63142925950133e-06,1.0,0.9998989030983618,0.99,power
577,7.093937459802632e-05,4.584812300252341e-06,1.0,0.9998989030983618,0.99,power
578,7.023008706733981e-05,4.538667472104882e-06,1.0,1.0,0.99,power
579,6.952768206971062e-05,4.492989805719265e-06,1.0,1.0,0.99,power
580,6.883250720504991e-05,4.447774386662032e-06,1.0,1.0,0.99,power
581,6.814408218315166e-05,4.403016505704806e-06,1.0,1.0,0.99,power
582,6.74627392271877e-05,4.358711504114036e-06,1.0,0.9998989030983618,0.99,power
583,6.678801589624738e-05,4.3148547423047814e-06,1.0,1.0,0.99,power
584,6.612022967543351e-05,4.271441642887975e-06,1.0,0.9998989030983618,0.99,power
585,6.54589352918416e-05,4.228467628697982e-06,1.0,1.0,0.99,power
586,6.480443610535955e-05,4.185928205640058e-06,1.0,1.0,0.99,power
587,6.415630335622854e-05,4.1438189490229335e-06,1.0,1.0,0.99,power
588,6.35148268672367e-05,4.102135469668822e-06,1.0,1.0,0.99,power
589,6.287959376226195e-05,4.060873468053266e-06,1.0,1.0,0.99,power
590,6.22508808912865e-05,4.020028574704803e-06,1.0,1.0,0.99,power
591,6.162829065661809e-05,3.979596534442204e-06,1.0,1.0,0.99,power
592,6.10120874770358e-05,3.9395731256167266e-06,1.0,1.0,0.99,power
593,6.040188845143835e-05,3.899954175052348e-06,1.0,0.9998989030983618,0.99,power
594,5.979794608704587e-05,3.860735549394737e-06,1.0,1.0,0.99,power
595,5.9199891619978174e-05,3.821913158268447e-06,1.0,0.9998989030983618,0.99,power
596,5.8607966144606006e-05,3.7834829678775914e-06,1.0,1.0,0.99,power
597,5.802181449650098e-05,3.7454409880111857e-06,1.0,0.9998989030983618,0.99,power
598,5.7441666835572594e-05,3.707783283084838e-06,1.0,1.0,0.99,power
599,5.686718107987546e-05,3.670505892946463e-06,1.0,1.0,0.99,power
600,5.6298576913998394e-05,3.633604937785197e-06,1.0,1.0,0.99,power
601,5.573552484143232e-05,3.5970765837446306e-06,1.0,0.9998989030983618,0.99,power
602,5.5178234511860376e-05,3.5609170326420315e-06,1.0,0.9998989030983618,0.99,power
603,5.462638853634336e-05,3.5251225325981936e-06,1.0,1.0,0.99,power
604,5.408018695229642e-05,3.4896893603697288e-06,1.0,1.0,0.99,power
605,5.353932401892805e-05,3.45461385249311e-06,1.0,1.0,0.99,power
606,5.300399056678927e-05,3.419892354436463e-06,1.0,1.0,0.99,power
607,5.247389206156026e-05,3.3855212638171494e-06,1.0,1.0,0.99,power
608,5.1949210515889626e-05,3.351497010029424e-06,1.0,0.9998989030983618,0.99,power
609,5.142966217721313e-05,3.3178160688473295e-06,1.0,1.0,0.99,power
610,5.0915420613439196e-05,3.28447493868757e-06,1.0,1.0,0.99,power
611,5.040621244549684e-05,3.2514702154950206e-06,1.0,0.9998989030983618,0.99,power
612,4.990220315450525e-05,3.218798475436272e-06,1.0,1.0,0.99,power
613,4.9403129342258415e-05,3.186456423358199e-06,1.0,0.9998989030983618,0.99,power
614,4.890914874648146e-05,3.1544405725030453e-06,1.0,1.0,0.99,power
615,4.842000757239934e-05,3.12274762598943e-06,1.0,1.0,0.99,power
616,4.7935856143700484e-05,3.09137427689048e-06,1.0,1.0,0.99,power
617,4.745644990614216e-05,3.0603172913439008e-06,1.0,1.0,0.99,power
618,4.6981932085320943e-05,3.029573439485761e-06,1.0,1.0,0.99,power
619,4.6512067018586045e-05,2.9991395545341884e-06,1.0,1.0,0.99,power
620,4.60469911364665e-05,2.9690124901039513e-06,1.0,1.0,0.99,power
621,4.558647733237445e-05,2.939189167980291e-06,1.0,1.0,0.99,power
622,4.513065553245105e-05,2.909666447314063e-06,1.0,0.9998989030983618,0.99,power
623,4.467930686350259e-05,2.880441285172244e-06,1.0,1.0,0.99,power
624,4.423255502606499e-05,2.8515106582477703e-06,1.0,0.9998989030983618,0.99,power
625,4.379018907019874e-05,2.822871584422195e-06,1.0,0.9998989030983618,0.99,power
626,4.3352326738118963e-05,2.7945211292938577e-06,1.0,1.0,0.99,power
627,4.2918764704881874e-05,2.7664563653355116e-06,1.0,0.9998989030983618,0.99,power
628,4.248961501076713e-05,2.738674372224281e-06,1.0,1.0,0.99,power
629,4.206468166894189e-05,2.7111722886802206e-06,1.0,1.0,0.99,power
630,4.164407126371947e-05,2.6839472735831827e-06,1.0,1.0,0.99,power
631,4.122759487053301e-05,2.6569965031937442e-06,1.0,0.9998989030983618,0.99,power
632,4.081535385350242e-05,2.6303171999025588e-06,1.0,1.0,0.99,power
633,4.040716608511411e-05,2.603906775457067e-06,1.0,1.0,0.99,power
634,4.000312793533999e-05,2.5777626280835146e-06,1.0,0.9998989030983618,0.99,power
635,3.960306381874829e-05,2.551881853054472e-06,1.0,1.0,0.99,power
636,3.920706532795018e-05,2.5262616938046344e-06,1.0,1.0,0.99,power
637,3.881496317427112e-05,2.5008995384495922e-06,1.0,1.0,0.99,power
638,3.842684438084618e-05,2.4757927301482915e-06,1.0,0.9998989030983618,0.99,power
639,3.804254571991571e-05,2.4509386897704643e-06,1.0,1.0,0.99,power
640,3.766214984440248e-05,2.426334854774517e-06,1.0,1.0,0.99,power
641,3.7285499360670937e-05,2.401978709114001e-06,1.0,0.9998989030983618,0.99,power
642,3.6912672742494926e-05,2.3778677329851743e-06,1.0,0.9998989030983618,0.99,power
643,3.654351821224331e-05,2.353999441655417e-06,1.0,1.0,0.99,power
644,3.6178110247657e-05,2.3303713737310034e-06,1.0,0.9998989030983618,0.99,power
645,3.581630247736163e-05,2.3069811032337335e-06,1.0,1.0,0.99,power
646,3.5458165558709176e-05,2.283826217363726e-06,1.0,1.0,0.99,power
647,3.510355832477039e-05,2.260904339495879e-06,1.0,1.0,0.99,power
648,3.475254778080185e-05,2.238213109168872e-06,1.0,1.0,0.99,power
649,3.4404997770357084e-05,2.2157502610320737e-06,1.0,1.0,0.99,power
650,3.406097180795107e-05,2.1935134275203856e-06,1.0,1.0,0.99,power
651,3.372033856097482e-05,2.1715003158844416e-06,1.0,0.9998989030983618,0.99,power
652,3.3383158207785626e-05,2.1497086659953128e-06,1.0,1.0,0.99,power
653,3.304930406019757e-05,2.128136238137555e-06,1.0,0.9998989030983618,0.99,power
654,3.271883310866165e-05,2.1067808107229307e-06,1.0,0.9998989030983618,0.99,power
655,3.2391623136724046e-05,2.085640204319691e-06,1.0,1.0,0.99,power
656,3.206772808898804e-05,2.0647122365365994e-06,1.0,1.0,0.99,power
657,3.1747030054737697e-05,2.043994759156515e-06,1.0,0.9998989030983618,0.99,power
658,3.142958006879146e-05,2.0234856513717068e-06,1.0,1.0,0.99,power
659,3.111526436650419e-05,2.003182811845633e-06,1.0,1.0,0.99,power
660,3.080413120339794e-05,1.9830841401381377e-06,1.0,1.0,0.99,power
661,3.049607080725386e-05,1.9631875811960854e-06,1.0,1.0,0.99,power
662,3.019112877926205e-05,1.943491087400503e-06,1.0,1.0,0.99,power
663,2.9889199191931736e-05,1.9239926446457937e-06,1.0,1.0,0.99,power
664,2.9590325111844513e-05,1.904690244821876e-06,1.0,1.0,0.99,power
665,2.9294404314149192e-05,1.8855819169447793e-06,1.0,1.0,0.99,power
666,2.9001477445566324e-05,1.8666656935187027e-06,1.0,1.0,0.99,power
667,2.8711445847124112e-05,1.8479396423766323e-06,1.0,1.0,0.99,power
668,2.8424347855669156e-05,1.8294018390166897e-06,1.0,1.0,0.99,power
669,2.814008824658617e-05,1.8110503845927373e-06,1.0,1.0,0.99,power
670,2.785870315212454e-05,1.7928833929593587e-06,1.0,1.0,0.99,power
671,2.7580100655550542e-05,1.774899020320207e-06,1.0,1.0,0.99,power
672,2.730431478538511e-05,1.757095410176045e-06,1.0,1.0,0.99,power
673,2.703125681109534e-05,1.7394707420213069e-06,1.0,1.0,0.99,power
674,2.6760958754079093e-05,1.7220232035734413e-06,1.0,1.0,0.99,power
675,2.6493334952906796e-05,1.7047510124936495e-06,1.0,1.0,0.99,power
676,2.6228415514437667e-05,1.6876523940905803e-06,1.0,1.0,0.99,power
677,2.5966117733722658e-05,1.670725603134391e-06,1.0,1.0,0.99,power
678,2.5706469891659844e-05,1.653968904307628e-06,1.0,0.9998989030983618,0.99,power
679,2.5449392131445526e-05,1.6373805832927458e-06,1.0,1.0,0.99,power
680,2.519491099289959e-05,1.6209589387619743e-06,1.0,1.0,0.99,power
681,2.4942949363118558e-05,1.6047022929426377e-06,1.0,1.0,0.99,power
682,2.4693532122123727e-05,1.5886090098651896e-06,1.0,0.9998989030983618,0.99,power
683,2.444658480057754e-05,1.5726774165178912e-06,1.0,1.0,0.99,power
684,2.4202130696512284e-05,1.556905881409792e-06,1.0,0.9998989030983618,0.99,power
685,2.396009788770866e-05,1.5412927953880959e-06,1.0,1.0,0.99,power
686,2.3720508164719078e-05,1.5258365518723162e-06,1.0,1.0,0.99,power
687,2.348329205951677e-05,1.5105355792645794e-06,1.0,1.0,0.99,power
688,2.3248469926512256e-05,1.4953883039699871e-06,1.0,1.0,0.99,power
689,2.301597466258534e-05,1.4803931989768043e-06,1.0,1.0,0.99,power
690,2.2785825254260676e-05,1.4655487047746703e-06,1.0,1.0,0.99,power
691,2.255795687733072e-05,1.4508533108592967e-06,1.0,1.0,0.99,power
692,2.2332387215781305e-05,1.4363055095576936e-06,1.0,1.0,0.99,power
693,2.210905364163172e-05,1.4219038221735005e-06,1.0,1.0,0.99,power
694,2.1887972598893176e-05,1.4076467671654554e-06,1.0,1.0,0.99,power
695,2.166908357614919e-05,1.39353289350515e-06,1.0,1.0,0.99,power
696,2.1452401837322806e-05,1.379560756565641e-06,1.0,1.0,0.99,power
697,2.123786891096223e-05,1.365728934266253e-06,1.0,0.9998989030983618,0.99,power
698,2.1025498938149195e-05,1.3520360034767415e-06,1.0,1.0,0.99,power
699,2.0815235413737152e-05,1.3384805756985776e-06,1.0,1.0,0.99,power
700,2.0607091410769536e-05,1.3250612568151465e-06,1.0,1.0,0.99,power
701,2.0401012319412485e-05,1.3117766786110582e-06,1.0,1.0,0.99,power
702,2.019701019709485e-05,1.2986254796540633e-06,1.0,1.0,0.99,power
703,1.9995032261080835e-05,1.2856063224943944e-06,1.0,1.0,0.99,power
704,1.979508960335482e-05,1.2727178726438576e-06,1.0,1.0,0.99,power
705,1.9597131202491233e-05,1.259958820741587e-06,1.0,0.9998989030983618,0.99,power
706,1.9401167233049023e-05,1.2473278596690278e-06,1.0,1.0,0.99,power
707,1.9207148371681892e-05,1.234823704748746e-06,1.0,1.0,0.99,power
708,1.901508392138408e-05,1.2224450716920162e-06,1.0,0.9998989030983618,0.99,power
709,1.8824926196040603e-05,1.2101907020239935e-06,1.0,1.0,0.99,power
710,1.863668367096457e-05,1.1980593416998362e-06,1.0,1.0,0.99,power
711,1.8450310238648462e-05,1.1860497913217171e-06,1.0,1.0,0.99,power
712,1.8265813588720996e-05,1.1741607838824625e-06,1.0,1.0,0.99,power
713,1.8083149135883408e-05,1.1623911222455517e-06,1.0,1.0,0.99,power
714,1.7902323824188688e-05,1.150739715265268e-06,1.0,1.0,0.99,power
715,1.7723294536278406e-05,1.1392054566886845e-06,1.0,1.0,0.99,power
716,1.75460675089354e-05,1.1277870291115308e-06,1.0,1.0,0.99,power
717,1.7370601040495854e-05,1.1164832038587612e-06,1.0,1.0,0.99,power
718,1.7196900697184404e-05,1.10529285893719e-06,1.0,0.9998989030983618,0.99,power
719,1.702492614269912e-05,1.0942148180844663e-06,1.0,1.0,0.99,power
720,1.6854682307723475e-05,1.0832479355043276e-06,1.0,0.9998989030983618,0.99,power
721,1.668613017286716e-05,1.0723911032856397e-06,1.0,0.9998989030983618,0.99,power
722,1.651927406681687e-05,1.0616432098247063e-06,1.0,1.0,0.99,power
723,1.6354076240454433e-05,1.0510031610406975e-06,1.0,1.0,0.99,power
724,1.6190540452432603e-05,1.0404698658661766e-06,1.0,0.9998989030983618,0.99,power
725,1.6028630178984502e-05,1.030042256912368e-06,1.0,1.0,0.99,power
726,1.5868348639383518e-05,1.0197192679752363e-06,1.0,1.0,0.99,power
727,1.570966049195211e-05,1.0094998503616703e-06,1.0,1.0,0.99,power
728,1.555256844570712e-05,9.993829595988845e-07,1.0,1.0,0.99,power
729,1.5397038299555152e-05,9.893675860763259e-07,1.0,1.0,0.99,power
730,1.5243072280120599e-05,9.79452695050704e-07,1.0,1.0,0.99,power
731,1.5090637286759891e-05,9.696372827018637e-07,1.0,1.0,0.99,power
732,1.493973509037705e-05,9.59920346257855e-07,1.0,0.9998989030983618,0.99,power
733,1.479033365216043e-05,9.503008878893858e-07,1.0,1.0,0.99,power
734,1.4642434312758468e-05,9.407779278537341e-07,1.0,1.0,0.99,power
735,1.449600605801214e-05,9.31350498561905e-07,1.0,1.0,0.99,power
736,1.4351049822575346e-05,9.220176585610161e-07,1.0,1.0,0.99,power
737,1.4207535581196392e-05,9.127784408558653e-07,1.0,1.0,0.99,power
738,1.4065463885644256e-05,9.036318942385734e-07,1.0,1.0,0.99,power
739,1.3924805665112376e-05,8.945770920039891e-07,1.0,1.0,0.99,power
740,1.3785561110681926e-05,8.856131072469633e-07,1.0,1.0,0.99,power
741,1.3647702072704553e-05,8.767390319568671e-07,1.0,1.0,0.99,power
742,1.3511228402680456e-05,8.679539589457469e-07,1.0,0.9998989030983618,0.99,power
743,1.3376112840177833e-05,8.592570172540936e-07,1.0,1.0,0.99,power
744,1.3242354917237079e-05,8.506474632813726e-07,1.0,0.9998989030983618,0.99,power
745,1.3109928231845214e-05,8.421243653446261e-07,1.0,0.9998989030983618,0.99,power
746,1.297883201576842e-05,8.336867364683386e-07,1.0,0.9998989030983618,0.99,power
747,1.284904069573293e-05,8.253337224358966e-07,1.0,1.0,0.99,power
748,1.2720553221577684e-05,8.170644682263738e-07,1.0,1.0,0.99,power
749,1.2593344820197943e-05,8.088781376298878e-07,1.0,1.0,0.99,power
750,1.246741417687328e-05,8.007738931574555e-07,1.0,1.0,0.99,power
751,1.2342737291197468e-05,7.927509160663751e-07,1.0,0.9998989030983618,0.99,power
752,1.221931260057838e-05,7.848083842284624e-07,1.0,1.0,0.99,power
753,1.2097116850718813e-05,7.769454955537009e-07,1.0,1.0,0.99,power
754,1.1976148247030212e-05,7.691614449613367e-07,1.0,0.9998989030983618,0.99,power
755,1.1856384255752364e-05,7.614554462032582e-07,1.0,1.0,0.99,power
756,1.1737822865422383e-05,7.538267120506064e-07,1.0,1.0,0.99,power
757,1.1620442238212793e-05,7.462744696212614e-07,1.0,1.0,0.99,power
758,1.1504240160174896e-05,7.387979465986759e-07,1.0,0.9998989030983618,0.99,power
759,1.1389195465676958e-05,7.313963885435956e-07,1.0,0.9998989030983618,0.99,power
760,1.1275305751968475e-05,7.240690366690519e-07,1.0,1.0,0.99,power
761,1.1162550502791245e-05,7.168151505673503e-07,1.0,1.0,0.99,power
762,1.1050927139642038e-05,7.096339877433437e-07,1.0,1.0,0.99,power
763,1.0940415773590765e-05,7.02524822737316e-07,1.0,1.0,0.99,power
764,1.083101366282908e-05,6.954869280273979e-07,1.0,0.9998989030983618,0.99,power
765,1.0722701524475052e-05,6.885195933231205e-07,1.0,1.0,0.99,power
766,1.0615476465269541e-05,6.816221053541815e-07,1.0,1.0,0.99,power
767,1.0509319787931003e-05,6.747937676487635e-07,1.0,1.0,0.99,power
768,1.0404228458974595e-05,6.6803388134654e-07,1.0,1.0,0.99,power
769,1.0300184346999244e-05,6.613417638795075e-07,1.0,1.0,0.99,power
770,1.0197184288989153e-05,6.547167305970379e-07,1.0,1.0,0.99,power
771,1.0095210700438097e-05,6.48158112979805e-07,1.0,1.0,0.99,power
772,9.994260298927423e-06,6.416652396338531e-07,1.0,1.0,0.99,power
773,9.894316028544819e-06,6.352374555324137e-07,1.0,1.0,0.99,power
774,9.795374497180593e-06,6.288741020702515e-07,1.0,1.0,0.99,power
775,9.697419159798417e-06,6.225745390085638e-07,1.0,1.0,0.99,power
776,9.600446523762482e-06,6.163381247967719e-07,1.0,1.0,0.99,power
777,9.504440537921844e-06,6.101642261763397e-07,1.0,1.0,0.99,power
778,9.409397617857321e-06,6.040522107965448e-07,1.0,1.0,0.99,power
779,9.315302189851875e-06,5.980014620515068e-07,1.0,1.0,0.99,power
780,9.222150585984523e-06,5.920113602096781e-07,1.0,1.0,0.99,power
781,9.129927694164113e-06,5.860813019815918e-07,1.0,1.0,0.99,power
782,9.038629770835094e-06,5.802106794223569e-07,1.0,1.0,0.99,power
783,8.948242150219508e-06,5.743989011115425e-07,1.0,0.9998989030983618,0.99,power
784,8.858761020634923e-06,5.686453735277783e-07,1.0,1.0,0.99,power
785,8.770172147918593e-06,5.629495157246796e-07,1.0,1.0,0.99,power
786,8.682471659275122e-06,5.57310744367773e-07,1.0,1.0,0.99,power
787,8.595645738004866e-06,5.517284917137716e-07,1.0,1.0,0.99,power
788,8.509690456895166e-06,5.462021857009568e-07,1.0,1.0,0.99,power
789,8.424592403003833e-06,5.407312693056897e-07,1.0,1.0,0.99,power
790,8.340347601095017e-06,5.353151819155292e-07,1.0,1.0,0.99,power
791,8.25694302877886e-06,5.29953379074203e-07,1.0,0.9998989030983618,0.99,power
792,8.174374668763281e-06,5.246453137800146e-07,1.0,0.9998989030983618,0.99,power
793,8.092629876509626e-06,5.193904541634261e-07,1.0,1.0,0.99,power
794,8.011704598401902e-06,5.141882601952865e-07,1.0,1.0,0.99,power
795,7.931586555405103e-06,5.090382051032664e-07,1.0,0.9998989030983618,0.99,power
796,7.852271663008168e-06,5.039397616233113e-07,1.0,1.0,0.99,power
797,7.773747995847656e-06,4.988924151892006e-07,1.0,0.9998989030983618,0.99,power
798,7.69601144358599e-06,4.938956476031855e-07,1.0,1.0,0.99,power
799,7.619050423111528e-06,4.889489567029779e-07,1.0,1.0,0.99,power
800,7.542860803083721e-06,4.840518350619654e-07,1.0,0.9998989030983618,0.99,power
801,7.4674313315812324e-06,4.792037905867785e-07,1.0,1.0,0.99,power
802,7.392757860839429e-06,4.744043259231149e-07,1.0,1.0,0.99,power
803,7.3188294594947735e-06,4.69652958786631e-07,1.0,1.0,0.99,power
804,7.2456419676213935e-06,4.649492020356643e-07,1.0,1.0,0.99,power
805,7.173184764188952e-06,4.602925825890793e-07,1.0,1.0,0.99,power
806,7.101453681151955e-06,4.5568262304934083e-07,1.0,1.0,0.99,power
807,7.030438397896925e-06,4.5111886036959396e-07,1.0,1.0,0.99,power
808,6.960134742065546e-06,4.4660082693503937e-07,1.0,1.0,0.99,power
809,6.890532683868113e-06,4.421280694318977e-07,1.0,1.0,0.99,power
810,6.8216280502924135e-06,4.377001275330719e-07,1.0,1.0,0.99,power
811,6.753411093137521e-06,4.3331655707870775e-07,1.0,0.9998989030983618,0.99,power
812,6.685877642105916e-06,4.289769078243763e-07,1.0,0.9998989030983618,0.99,power
813,6.61901822168102e-06,4.2468074454761163e-07,1.0,0.9998989030983618,0.99,power
814,6.552828667435293e-06,4.204276259228595e-07,1.0,1.0,0.99,power
815,6.487299767977555e-06,4.1621712551446103e-07,1.0,1.0,0.99,power
816,6.422427367756512e-06,4.1204881082021214e-07,1.0,1.0,0.99,power
817,6.358202511154345e-06,4.079222636570908e-07,1.0,1.0,0.99,power
818,6.2946210543178315e-06,4.038370603448879e-07,1.0,1.0,0.99,power
819,6.2316742893925636e-06,3.997927915140346e-07,1.0,1.0,0.99,power
820,6.169358086858895e-06,3.957890412558398e-07,1.0,1.0,0.99,power
821,6.107663978921819e-06,3.9182540849238094e-07,1.0,1.0,0.99,power
822,6.046587852808395e-06,3.879014858830754e-07,1.0,1.0,0.99,power
823,5.986121473291863e-06,3.8401688024528177e-07,1.0,1.0,0.99,power
824,5.926260746726542e-06,3.8017119265322194e-07,1.0,0.9998989030983618,0.99,power
825,5.866997663239452e-06,3.7636403789541695e-07,1.0,1.0,0.99,power
826,5.808328150392193e-06,3.725950247659346e-07,1.0,1.0,0.99,power
827,5.750244416701176e-06,3.6886377532852614e-07,1.0,1.0,0.99,power
828,5.692742413024677e-06,3.651699060246222e-07,1.0,1.0,0.99,power
829,5.635814559500927e-06,3.6151304721562584e-07,1.0,0.9998989030983618,0.99,power
830,5.5794568321166235e-06,3.5789282251641736e-07,1.0,0.9998989030983618,0.99,power
831,5.523661856169906e-06,3.543088697460476e-07,1.0,1.0,0.99,power
832,5.468425634547251e-06,3.507608204927297e-07,1.0,1.0,0.99,power
833,5.4137409913817904e-06,3.4724831986918697e-07,1.0,1.0,0.99,power
834,5.359603958084767e-06,3.437710076504842e-07,1.0,1.0,0.99,power
835,5.306007551560176e-06,3.4032853449394293e-07,1.0,1.0,0.99,power
836,5.252947833230268e-06,3.369205463275685e-07,1.0,1.0,0.99,power
837,5.2004180069408136e-06,3.3354670235087246e-07,1.0,1.0,0.99,power
838,5.148414165521106e-06,3.302066552664422e-07,1.0,1.0,0.99,power
839,5.096929694039096e-06,3.269000711288025e-07,1.0,1.0,0.99,power
840,5.045960718018632e-06,3.2362660957415157e-07,1.0,1.0,0.99,power
841,4.9955007983485934e-06,3.203859437152277e-07,1.0,0.9998989030983618,0.99,power
842,4.945546094363731e-06,3.171777393906272e-07,1.0,1.0,0.99,power
843,4.896090337452577e-06,3.140016764087057e-07,1.0,1.0,0.99,power
844,4.847129721932226e-06,3.1085742752982324e-07,1.0,1.0,0.99,power
845,4.7986581445492264e-06,3.0774467956075e-07,1.0,1.0,0.99,power
846,4.750671835521916e-06,3.0466311121976136e-07,1.0,0.9998989030983618,0.99,power
847,4.7031648520641315e-06,3.0161241479181564e-07,1.0,0.9998989030983618,0.99,power
848,4.656133461261232e-06,2.985922757466117e-07,1.0,0.9998989030983618,0.99,power
849,4.609571875922435e-06,2.9560239290540174e-07,1.0,1.0,0.99,power
850,4.563476400834404e-06,2.9264245768469053e-07,1.0,0.9998989030983618,0.99,power
851,4.51784139983099e-06,2.897121751942422e-07,1.0,1.0,0.99,power
852,4.472663216074701e-06,2.8681124323934564e-07,1.0,0.9998989030983618,0.99,power
853,4.4279363600270925e-06,2.8393937254746877e-07,1.0,1.0,0.99,power
854,4.383657213911188e-06,2.8109626654755826e-07,1.0,1.0,0.99,power
855,4.3398204303688135e-06,2.7828164250102407e-07,1.0,0.9998989030983618,0.99,power
856,4.2964224313261126e-06,2.7549520936570334e-07,1.0,0.9998989030983618,0.99,power
857,4.25345800754407e-06,2.727366899562709e-07,1.0,1.0,0.99,power
858,4.210923621089779e-06,2.7000579958999924e-07,1.0,1.0,0.99,power
859,4.168814196773159e-06,2.6730226691891844e-07,1.0,1.0,0.99,power
860,4.127126237336694e-06,2.6462581191201743e-07,1.0,0.9998989030983618,0.99,power
861,4.085854797698602e-06,2.619761683547875e-07,1.0,1.0,0.99,power
862,4.044996421671339e-06,2.593530620827945e-07,1.0,1.0,0.99,power
863,4.004546290511067e-06,2.567562326404419e-07,1.0,0.9998989030983618,0.99,power
864,3.964500989490118e-06,2.541854113222856e-07,1.0,1.0,0.99,power
865,3.924855822494118e-06,2.5164034276980606e-07,1.0,1.0,0.99,power
866,3.8856074165399e-06,2.4912076367715807e-07,1.0,1.0,0.99,power
867,3.846751194665656e-06,2.466264237276192e-07,1.0,1.0,0.99,power
868,3.808283825821071e-06,2.44157064897135e-07,1.0,0.9998989030983618,0.99,power
869,3.770200848801538e-06,2.417124417738466e-07,1.0,1.0,0.99,power
870,3.7324989746922344e-06,2.392923014993976e-07,1.0,0.9998989030983618,0.99,power
871,3.6951738547025156e-06,2.3689640385732523e-07,1.0,1.0,0.99,power
872,3.6582222422229822e-06,2.3452450076955016e-07,1.0,1.0,0.99,power
873,3.6216398976594075e-06,2.3217635701743869e-07,1.0,1.0,0.99,power
874,3.5854236168572614e-06,2.2985172923988294e-07,1.0,1.0,0.99,power
875,3.549569266275925e-06,2.275503869886005e-07,1.0,1.0,0.99,power
876,3.5140736842411407e-06,2.2527209163359723e-07,1.0,1.0,0.99,power
877,3.4789328403352044e-06,2.2301661744286467e-07,1.0,1.0,0.99,power
878,3.4441436153913188e-06,2.2078373056667534e-07,1.0,0.9998989030983618,0.99,power
879,3.4097020791707235e-06,2.1857320981776438e-07,1.0,1.0,0.99,power
880,3.3756051550137872e-06,2.163848260275694e-07,1.0,1.0,0.99,power
881,3.3418490100561956e-06,2.1421836225321087e-07,1.0,1.0,0.99,power
882,3.308430610109435e-06,2.1207359399050114e-07,1.0,1.0,0.99,power
883,3.2753462169147936e-06,2.099503084872797e-07,1.0,1.0,0.99,power
884,3.2425928387384456e-06,2.0784828607915902e-07,1.0,1.0,0.99,power
885,3.2101668292882894e-06,2.0576731831382193e-07,1.0,0.9998989030983618,0.99,power
886,3.1780652391117676e-06,2.0370718912951746e-07,1.0,0.9998989030983618,0.99,power
887,3.1462845113821534e-06,2.016676951749099e-07,1.0,0.9998989030983618,0.99,power
888,3.1148217387989673e-06,1.996486242874391e-07,1.0,1.0,0.99,power
889,3.0836734515178884e-06,1.9764977687406236e-07,1.0,1.0,0.99,power
890,3.052836784229851e-06,1.9567094549458195e-07,1.0,1.0,0.99,power
891,3.0223083516507756e-06,1.9371193437029849e-07,1.0,1.0,0.99,power
892,2.9920853303417202e-06,1.9177253988944095e-07,1.0,1.0,0.99,power
893,2.962164417205961e-06,1.8985257079266908e-07,1.0,1.0,0.99,power
894,2.932542830459913e-06,1.879518271269175e-07,1.0,1.0,0.99,power
895,2.903217346992538e-06,1.8607012148935098e-07,1.0,0.9998989030983618,0.99,power
896,2.874185226398171e-06,1.8420725807702424e-07,1.0,0.9998989030983618,0.99,power
897,2.8454433234032474e-06,1.8236305295277014e-07,1.0,1.0,0.99,power
898,2.8169889387370624e-06,1.8053731440617776e-07,1.0,1.0,0.99,power
899,2.7888190028116524e-06,1.7872986254164643e-07,1.0,1.0,0.99,power
900,2.7609308572765225e-06,1.7694050900722671e-07,1.0,1.0,0.99,power
901,2.7333215061388774e-06,1.7516907740928715e-07,1.0,1.0,0.99,power
902,2.705988331688047e-06,1.7341538315318073e-07,1.0,1.0,0.99,power
903,2.6789284095907414e-06,1.716792534163205e-07,1.0,1.0,0.99,power
904,2.6521391624192487e-06,1.6996050724579865e-07,1.0,1.0,0.99,power
905,2.6256177356004913e-06,1.6825897574762102e-07,1.0,0.9998989030983618,0.99,power
906,2.599361591695409e-06,1.6657448126876026e-07,1.0,1.0,0.99,power
907,2.573367943973041e-06,1.6490685799242773e-07,1.0,1.0,0.99,power
908,2.5476342946744018e-06,1.6325593217047767e-07,1.0,1.0,0.99,power
909,2.5221579231303987e-06,1.6162154132670926e-07,1.0,1.0,0.99,power
910,2.4969363709273793e-06,1.6000351478512965e-07,1.0,0.9998989030983618,0.99,power
911,2.471966981666903e-06,1.5840169393048384e-07,1.0,1.0,0.99,power
912,2.4472473359187283e-06,1.5681591082423657e-07,1.0,1.0,0.99,power
913,2.422774839886206e-06,1.552460104302985e-07,1.0,1.0,0.99,power
914,2.3985471127524865e-06,1.5369182806395322e-07,1.0,1.0,0.99,power
915,2.3745616216621783e-06,1.5215321185959953e-07,1.0,1.0,0.99,power
916,2.3508160240807143e-06,1.506300002156769e-07,1.0,1.0,0.99,power
917,2.3273078464324383e-06,1.4912204427375544e-07,1.0,1.0,0.99,power
918,2.304034784118151e-06,1.476291861026397e-07,1.0,1.0,0.99,power
919,2.2809944213029407e-06,1.461512795899152e-07,1.0,1.0,0.99,power
920,2.258184490899631e-06,1.4468816965030175e-07,1.0,1.0,0.99,power
921,2.2356026332962785e-06,1.4323971322709665e-07,1.0,0.9998989030983618,0.99,power
922,2.2132466185287203e-06,1.4180575843055806e-07,1.0,0.9998989030983618,0.99,power
923,2.1911141418142198e-06,1.403861652480613e-07,1.0,1.0,0.99,power
924,2.1692030098583863e-06,1.3898078451396395e-07,1.0,1.0,0.99,power
925,2.1475109712892646e-06,1.3758947896839934e-07,1.0,1.0,0.99,power
926,2.126035869068764e-06,1.362121026370316e-07,1.0,1.0,0.99,power
927,2.1047755038110856e-06,1.3484852104086606e-07,1.0,1.0,0.99,power
928,2.083727754404636e-06,1.3349859081953894e-07,1.0,1.0,0.99,power
929,2.062890472090869e-06,1.321621803619878e-07,1.0,1.0,0.99,power
930,2.0422615712546795e-06,1.3083914921636706e-07,1.0,1.0,0.99,power
931,2.0218389524717814e-06,1.2952936840135407e-07,1.0,1.0,0.99,power
932,2.001620565180871e-06,1.2823270010936353e-07,1.0,1.0,0.99,power
933,1.9816043580589473e-06,1.2694901818996317e-07,1.0,0.9998989030983618,0.99,power
934,1.961788315156734e-06,1.256781871185578e-07,1.0,1.0,0.99,power
935,1.942170432038646e-06,1.2442008382669858e-07,1.0,1.0,0.99,power
936,1.9227487269528076e-06,1.2317457496518328e-07,1.0,1.0,0.99,power
937,1.9035212411322398e-06,1.219415402877182e-07,1.0,0.9998989030983618,0.99,power
938,1.8844860265877492e-06,1.2072084925346645e-07,1.0,1.0,0.99,power
939,1.8656411690782946e-06,1.1951238341144393e-07,1.0,1.0,0.99,power
940,1.846984753981777e-06,1.1831601544579128e-07,1.0,1.0,0.99,power
941,1.8285149104522163e-06,1.1713162879350329e-07,1.0,1.0,0.99,power
942,1.8102297567425758e-06,1.1595909904467146e-07,1.0,1.0,0.99,power
943,1.7921274643265709e-06,1.1479831197968324e-07,1.0,0.9998989030983618,0.99,power
944,1.7742061839565587e-06,1.1364914523795224e-07,1.0,1.0,0.99,power
945,1.756464128358944e-06,1.1251148727965157e-07,1.0,0.9998989030983618,0.99,power
946,1.738899480302742e-06,1.1138521766420169e-07,1.0,0.9998989030983618,0.99,power
947,1.7215104927521673e-06,1.102702277956834e-07,1.0,1.0,0.99,power
948,1.7042953800880627e-06,1.0916639923988071e-07,1.0,1.0,0.99,power
949,1.6872524344678478e-06,1.0807362537328086e-07,1.0,0.9998989030983618,0.99,power
950,1.670379901467128e-06,1.0699179046745892e-07,1.0,1.0,0.99,power
951,1.6536761115067917e-06,1.0592078991713238e-07,1.0,1.0,0.99,power
952,1.6371393409095774e-06,1.0486051003397274e-07,1.0,1.0,0.99,power
953,1.6207679573829653e-06,1.0381084890579621e-07,1.0,1.0,0.99,power
954,1.604560267543765e-06,1.027716947707675e-07,1.0,1.0,0.99,power
955,1.5885146754743174e-06,1.0174294753839326e-07,1.0,1.0,0.99,power
956,1.5726295177380889e-06,1.0072449788273282e-07,1.0,1.0,0.99,power
957,1.5569032338788935e-06,9.97162477962396e-08,1.0,1.0,0.99,power
958,1.5413341898757404e-06,9.871809003893914e-08,1.0,0.9998989030983618,0.99,power
959,1.525920859950675e-06,9.772992862619882e-08,1.0,1.0,0.99,power
960,1.510661639072592e-06,9.675165817623097e-08,1.0,0.9998989030983618,0.99,power
961,1.4955550352335924e-06,9.578318502635891e-08,1.0,1.0,0.99,power
962,1.480599472037468e-06,9.482440577297965e-08,1.0,1.0,0.99,power
963,1.4657934904243727e-06,9.387522856993945e-08,1.0,1.0,0.99,power
964,1.4511355421467535e-06,9.293555205737504e-08,1.0,1.0,0.99,power
965,1.4366242003253848e-06,9.200528610803867e-08,1.0,1.0,0.99,power
966,1.4222579444817477e-06,9.108433147454521e-08,1.0,1.0,0.99,power
967,1.408035379091234e-06,9.017260009876905e-08,1.0,1.0,0.99,power
968,1.3939550110261222e-06,8.926999434324817e-08,1.0,0.9998989030983618,0.99,power
969,1.380015475387959e-06,8.837642780854484e-08,1.0,1.0,0.99,power
970,1.3662153059583516e-06,8.749180500658868e-08,1.0,1.0,0.99,power
971,1.3525531677360566e-06,8.66160413832805e-08,1.0,1.0,0.99,power
972,1.3390276210335854e-06,8.574904338821532e-08,1.0,1.0,0.99,power
973,1.3256373600126458e-06,8.489072805463644e-08,1.0,1.0,0.99,power
974,1.3123809710516705e-06,8.404100344385304e-08,1.0,0.9998989030983618,0.99,power
975,1.2992571768304907e-06,8.31997886131648e-08,1.0,1.0,0.99,power
976,1.2862645894230864e-06,8.236699310800037e-08,1.0,1.0,0.99,power
977,1.2734019593022412e-06,8.154253788784513e-08,1.0,1.0,0.99,power
978,1.2606679237997177e-06,8.072633443958463e-08,1.0,1.0,0.99,power
979,1.2480612605704395e-06,7.991830470351505e-08,1.0,1.0,0.99,power
980,1.235580631842912e-06,7.91183622627866e-08,1.0,1.0,0.99,power
981,1.2232248417515893e-06,7.832643111277271e-08,1.0,1.0,0.99,power
982,1.2109925770111264e-06,7.754242575049888e-08,1.0,1.0,0.99,power
983,1.1988826676339063e-06,7.676627209191292e-08,1.0,0.9998989030983618,0.99,power
984,1.1868938244777533e-06,7.599788610395228e-08,1.0,0.9998989030983618,0.99,power
985,1.17502490279198e-06,7.523719544763729e-08,1.0,1.0,0.99,power
986,1.163274637130365e-06,7.448411803791094e-08,1.0,1.0,0.99,power
987,1.1516419074444477e-06,7.373858216008882e-08,1.0,1.0,0.99,power
988,1.1401254716049728e-06,7.300050761717003e-08,1.0,1.0,0.99,power
989,1.1287242337054523e-06,7.226982484523443e-08,1.0,0.9998989030983618,0.99,power
990,1.1174369745177577e-06,7.154645470007276e-08,1.0,1.0,0.99,power
991,1.1062626216470005e-06,7.083032880178522e-08,1.0,1.0,0.99,power
992,1.0951999784999826e-06,7.01213697095795e-08,1.0,1.0,0.99,power
993,1.0842479956623887e-06,6.941951063017681e-08,1.0,1.0,0.99,power
994,1.0734054987352316e-06,6.872467558342244e-08,1.0,1.0,0.99,power
995,1.0626714607503645e-06,6.803679896607083e-08,1.0,1.0,0.99,power
996,1.0520447291207689e-06,6.735580656775895e-08,1.0,1.0,0.99,power
997,1.0415242988548523e-06,6.668163404651567e-08,1.0,1.0,0.99,power
998,1.031109038818026e-06,6.601420835361419e-08,1.0,0.9998989030983618,0.99,power
999,1.0207979654654856e-06,6.535346658493323e-08,1.0,1.0,0.99,power
1000,1.0105899687744383e-06,6.469933702314837e-08,1.0,1.0,0.99,power
1001,1.0004840861183297e-06,6.405175855917755e-08,1.0,1.0,0.99,power
1002,9.904792282223448e-07,6.341066043130602e-08,1.0,1.0,0.99,power
1003,9.805744529597856e-07,6.27759827979139e-08,1.0,1.0,0.99,power
1004,9.707686914259963e-07,6.214765640199726e-08,1.0,1.0,0.99,power
1005,9.610610214848852e-07,6.152562263787737e-08,1.0,1.0,0.99,power
1006,9.514503943176876e-07,6.090981340893485e-08,1.0,1.0,0.99,power
1007,9.419359072853754e-07,6.030017152250346e-08,1.0,1.0,0.99,power
1008,9.325165313166601e-07,5.969663023457634e-08,1.0,1.0,0.99,power
1009,9.231913828785444e-07,5.9099133136891454e-08,1.0,0.9998989030983618,0.99,power
1010,9.139594522207109e-07,5.850761506001095e-08,1.0,1.0,0.99,power
1011,9.048198744877679e-07,5.79220210728451e-08,1.0,0.9998989030983618,0.99,power
1012,8.957716589783424e-07,5.734228667487026e-08,1.0,1.0,0.99,power
1013,8.868139590969054e-07,5.676835838697211e-08,1.0,1.0,0.99,power
1014,8.779458028365309e-07,5.6200173051225885e-08,1.0,0.9998989030983618,0.99,power
1015,8.691663614204744e-07,5.563767820675612e-08,1.0,1.0,0.99,power
1016,8.604746812330835e-07,5.5080811696385244e-08,1.0,1.0,0.99,power
1017,8.518699509346398e-07,5.452952215263429e-08,1.0,1.0,0.99,power
1018,8.433512349632914e-07,5.3983748903207485e-08,1.0,1.0,0.99,power
1019,8.349177390068211e-07,5.3443441493714246e-08,1.0,1.0,0.99,power
1020,8.265685452741304e-07,5.290854058003526e-08,1.0,0.9998989030983618,0.99,power
1021,8.183028761031774e-07,5.237899667213161e-08,1.0,1.0,0.99,power
1022,8.101198311310708e-07,5.1854751284734314e-08,1.0,1.0,0.99,power
1023,8.020186489674339e-07,5.133575640349531e-08,1.0,0.9998989030983618,0.99,power
1024,7.939984463887087e-07,5.082195445864634e-08,1.0,0.9998989030983618,0.99,power
1025,7.860584779435549e-07,5.031329811927614e-08,1.0,1.0,0.99,power
1026,7.781978772096783e-07,4.980973119591742e-08,1.0,1.0,0.99,power
1027,7.704159143233795e-07,4.931120779795098e-08,1.0,0.9998989030983618,0.99,power
1028,7.627117393655709e-07,4.88176719536978e-08,1.0,1.0,0.99,power
1029,7.550846377017892e-07,4.832907951309037e-08,1.0,1.0,0.99,power
1030,7.475337756644256e-07,4.7845375143557844e-08,1.0,0.9998989030983618,0.99,power
1031,7.400584534825724e-07,4.736651554791993e-08,1.0,1.0,0.99,power
1032,7.326578534436943e-07,4.689244678963868e-08,1.0,1.0,0.99,power
1033,7.253312903372766e-07,4.642312610995771e-08,1.0,1.0,0.99,power
1034,7.180779620858993e-07,4.5958501062423137e-08,1.0,0.9998989030983618,0.99,power
1035,7.108971977252105e-07,4.549852948366819e-08,1.0,1.0,0.99,power
1036,7.037882105611037e-07,4.504315973076408e-08,1.0,0.9998989030983618,0.99,power
1037,6.967503435525765e-07,4.459235086247029e-08,1.0,1.0,0.99,power
1038,6.897828251075974e-07,4.414605185914785e-08,1.0,1.0,0.99,power
1039,6.828850117830244e-07,4.3704223099926456e-08,1.0,1.0,0.99,power
1040,6.760561468269026e-07,4.32668145383703e-08,1.0,1.0,0.99,power
1041,6.69295600108836e-07,4.283378688437036e-08,1.0,0.9998989030983618,0.99,power
1042,6.626026294364593e-07,4.240509188553012e-08,1.0,1.0,0.99,power
1043,6.559766177224409e-07,4.198069073170118e-08,1.0,1.0,0.99,power
1044,6.494168370541047e-07,4.1560535325940864e-08,1.0,0.9998989030983618,0.99,power
1045,6.429226831003799e-07,4.1144588028558645e-08,1.0,1.0,0.99,power
1046,6.364934419481959e-07,4.0732801763630024e-08,1.0,0.9998989030983618,0.99,power
1047,6.301285217455695e-07,4.032514017329213e-08,1.0,1.0,0.99,power
1048,6.23827222385236e-07,3.992155660559434e-08,1.0,1.0,0.99,power
1049,6.175889642167295e-07,3.9522015345647176e-08,1.0,1.0,0.99,power
1050,6.114130606232061e-07,3.91264709373299e-08,1.0,1.0,0.99,power
1051,6.05298943875772e-07,3.8734888119112393e-08,1.0,1.0,0.99,power
1052,5.992459406636461e-07,3.8347222592875104e-08,1.0,0.9998989030983618,0.99,power
1053,5.932534949155135e-07,3.796344015058937e-08,1.0,1.0,0.99,power
1054,5.873209463937047e-07,3.7583496779465684e-08,1.0,1.0,0.99,power
1055,5.814477504197173e-07,3.7207358704866354e-08,1.0,1.0,0.99,power
1056,5.756332595054276e-07,3.683498329952987e-08,1.0,1.0,0.99,power
1057,5.698769402188625e-07,3.646633788704462e-08,1.0,0.9998989030983618,0.99,power
1058,5.641781576150771e-07,3.61013798991568e-08,1.0,1.0,0.99,power
1059,5.585363891518422e-07,3.574007731448294e-08,1.0,1.0,0.99,power
1060,5.529510122327659e-07,3.538238904250356e-08,1.0,0.9998989030983618,0.99,power
1061,5.474215150361804e-07,3.50282834359131e-08,1.0,1.0,0.99,power
1062,5.419472870593476e-07,3.4677719795185664e-08,1.0,1.0,0.99,power
1063,5.365278269202939e-07,3.4330667720701796e-08,1.0,0.9998989030983618,0.99,power
1064,5.311625360100575e-07,3.398708701054246e-08,1.0,1.0,0.99,power
1065,5.258509232123765e-07,3.364694786261277e-08,1.0,1.0,0.99,power
1066,5.205924015161452e-07,3.3310210841649146e-08,1.0,1.0,0.99,power
1067,5.153864898624681e-07,3.297684677696915e-08,1.0,1.0,0.99,power
1068,5.10232612695117e-07,3.2646816957322045e-08,1.0,1.0,0.99,power
1069,5.051302987380353e-07,3.232009310314493e-08,1.0,1.0,0.99,power
1070,5.000789836673577e-07,3.1996637054479305e-08,1.0,1.0,0.99,power
1071,4.950782058085104e-07,3.167642118728996e-08,1.0,1.0,0.99,power
1072,4.901274118514119e-07,3.135940779865408e-08,1.0,1.0,0.99,power
1073,4.852261495302421e-07,3.1045570145362e-08,1.0,1.0,0.99,power
1074,4.803738763390329e-07,3.073487127056768e-08,1.0,1.0,0.99,power
1075,4.755701491857244e-07,3.0427285385162756e-08,1.0,1.0,0.99,power
1076,4.7081443617648965e-07,3.0122776261095966e-08,1.0,1.0,0.99,power
1077,4.661063032371932e-07,2.982131718293672e-08,1.0,1.0,0.99,power
1078,4.61445228853446e-07,2.952287294593829e-08,1.0,0.9998989030983618,0.99,power
1079,4.5683078782039534e-07,2.92274184951382e-08,1.0,0.9998989030983618,0.99,power
1080,4.522624687860933e-07,2.893491884044926e-08,1.0,1.0,0.99,power
1081,4.477398551529228e-07,2.864534944316753e-08,1.0,1.0,0.99,power
1082,4.432624456397912e-07,2.8358675673779063e-08,1.0,0.9998989030983618,0.99,power
1083,4.388298320680615e-07,2.8074873739094276e-08,1.0,1.0,0.99,power
1084,4.3444152295159846e-07,2.7793910045402774e-08,1.0,1.0,0.99,power
1085,4.3009711842910186e-07,2.751576094148384e-08,1.0,1.0,0.99,power
1086,4.2579613662484575e-07,2.7240393395311144e-08,1.0,1.0,0.99,power
1087,4.2153818578580563e-07,2.6967784485760204e-08,1.0,1.0,0.99,power
1088,4.1732279348760653e-07,2.6697901424039943e-08,1.0,1.0,0.99,power
1089,4.131495758965035e-07,2.643072235607267e-08,1.0,1.0,0.99,power
1090,4.090180698887338e-07,2.616621491073375e-08,1.0,1.0,0.99,power
1091,4.0492789935473233e-07,2.5904357317861888e-08,1.0,1.0,0.99,power
1092,4.0087861027450264e-07,2.56451181563807e-08,1.0,0.9998989030983618,0.99,power
1093,3.9686983416149404e-07,2.538847649089892e-08,1.0,0.9998989030983618,0.99,power
1094,3.9290112592024977e-07,2.5134400806793417e-08,1.0,1.0,0.99,power
1095,3.88972124473628e-07,2.4882870795465453e-08,1.0,0.9998989030983618,0.99,power
1096,3.850823934918639e-07,2.4633855702954162e-08,1.0,1.0,0.99,power
1097,3.8123157921333895e-07,2.4387335309142928e-08,1.0,1.0,0.99,power
1098,3.7741925385759893e-07,2.4143279960352495e-08,1.0,1.0,0.99,power
1099,3.736450707903608e-07,2.3901669774810804e-08,1.0,1.0,0.99,power
1100,3.699086106907888e-07,2.366247522681956e-08,1.0,1.0,0.99,power
1101,3.6620953389305383e-07,2.3425677316525976e-08,1.0,0.9998989030983618,0.99,power
1102,3.625474293403061e-07,2.3191246973594974e-08,1.0,0.9998989030983618,0.99,power
1103,3.5892196418898953e-07,2.2959165422484818e-08,1.0,0.9998989030983618,0.99,power
1104,3.5533273548211296e-07,2.2729404216974002e-08,1.0,1.0,0.99,power
1105,3.517794171082636e-07,2.250194528413843e-08,1.0,1.0,0.99,power
1106,3.4826161402804325e-07,2.227676014230234e-08,1.0,1.0,0.99,power
1107,3.4477900671344377e-07,2.20538315254807e-08,1.0,1.0,0.99,power
1108,3.4133120790851275e-07,2.1833131472491237e-08,1.0,1.0,0.99,power
1109,3.3791790447465494e-07,2.161464269209336e-08,1.0,1.0,0.99,power
1110,3.3453871685642705e-07,2.1398338448420327e-08,1.0,0.9998989030983618,0.99,power
1111,3.3119333819880406e-07,2.1184201436148144e-08,1.0,1.0,0.99,power
1112,3.278813963907758e-07,2.097220518445769e-08,1.0,1.0,0.99,power
1113,3.2460259076316224e-07,2.0762333351644167e-08,1.0,1.0,0.99,power
1114,3.2135655659131387e-07,2.0554560682557975e-08,1.0,0.9998989030983618,0.99,power
1115,3.181429992162154e-07,2.0348870120941135e-08,1.0,0.9998989030983618,0.99,power
1116,3.1496156111735203e-07,2.014523549402996e-08,1.0,0.9997978368522756,0.99,power
1117,3.118119535366334e-07,1.99436413912761e-08,1.0,1.0,0.99,power
1118,3.0869382604694204e-07,1.9744062436658568e-08,1.0,1.0,0.99,power
1119,3.056068956620866e-07,1.954648349617214e-08,1.0,1.0,0.99,power
1120,3.025508189060736e-07,1.935087956210693e-08,1.0,1.0,0.99,power
1121,2.9952531845377344e-07,1.9157235644180146e-08,1.0,1.0,0.99,power
1122,2.9653005761030663e-07,1.8965527284796767e-08,1.0,1.0,0.99,power
1123,2.935647646263655e-07,1.8775740124767548e-08,1.0,0.9998989030983618,0.99,power
1124,2.906291094616559e-07,1.858785001668559e-08,1.0,0.9998989030983618,0.99,power
1125,2.877228258193617e-07,1.8401842701358756e-08,1.0,1.0,0.99,power
1126,2.848455901834153e-07,1.821769443398253e-08,1.0,1.0,0.99,power
1127,2.8199714157637047e-07,1.8035391885465404e-08,1.0,1.0,0.99,power
1128,2.7917716292819873e-07,1.7854911213954902e-08,1.0,1.0,0.99,power
1129,2.7638539846018033e-07,1.767623922333797e-08,1.0,1.0,0.99,power
1130,2.736215373757253e-07,1.7499352943406897e-08,1.0,0.9998989030983618,0.99,power
1131,2.7088532902857493e-07,1.732423970891022e-08,1.0,0.9998989030983618,0.99,power
1132,2.6817646877895904e-07,1.715087628909247e-08,1.0,1.0,0.99,power
1133,2.6549471097705834e-07,1.6979250533818285e-08,1.0,1.0,0.99,power
1134,2.628397570474125e-07,1.6809339846843305e-08,1.0,1.0,0.99,power
1135,2.602113662205302e-07,1.664113218461009e-08,1.0,1.0,0.99,power
1136,2.5760924587334836e-07,1.64746056377172e-08,1.0,1.0,0.99,power
1137,2.550331600386783e-07,1.6309747851192144e-08,1.0,1.0,0.99,power
1138,2.524828218755942e-07,1.6146537668472347e-08,1.0,1.0,0.99,power
1139,2.499580001571701e-07,1.5984963341448e-08,1.0,1.0,0.99,power
1140,2.474584137265053e-07,1.5825003705736717e-08,1.0,1.0,0.99,power
1141,2.4498383596105317e-07,1.566664732801938e-08,1.0,1.0,0.99,power
1142,2.4253399129281846e-07,1.550987327806125e-08,1.0,1.0,0.99,power
1143,2.401086576253616e-07,1.5354670746362223e-08,1.0,1.0,0.99,power
1144,2.3770756487014957e-07,1.5201018867787125e-08,1.0,0.9998989030983618,0.99,power
1145,2.353304953323653e-07,1.5048907322836574e-08,1.0,1.0,0.99,power
1146,2.3297718432040158e-07,1.4898315483738382e-08,1.0,0.9998989030983618,0.99,power
1147,2.3064741847960527e-07,1.4749233417983674e-08,1.0,1.0,0.99,power
1148,2.2834093835813882e-07,1.4601640716282458e-08,1.0,0.9998989030983618,0.99,power
1149,2.2605753486580542e-07,1.4455527598690046e-08,1.0,1.0,0.99,power
1150,2.2379695369811692e-07,1.4310874374548938e-08,1.0,1.0,0.99,power
1151,2.2155898992483178e-07,1.4167671436428587e-08,1.0,1.0,0.99,power
1152,2.1934339431754099e-07,1.4025898863015106e-08,1.0,1.0,0.99,power
1153,2.171499660107739e-07,1.3885547951691035e-08,1.0,1.0,0.99,power
1154,2.149784607640227e-07,1.3746598881980913e-08,1.0,1.0,0.99,power
1155,2.1282868167611616e-07,1.3609043017649675e-08,1.0,1.0,0.99,power
1156,2.107003893921496e-07,1.3472861131032268e-08,1.0,1.0,0.99,power
1157,2.0859339091268486e-07,1.3338044822488987e-08,1.0,1.0,0.99,power
1158,2.06507451633752e-07,1.320457501568018e-08,1.0,1.0,0.99,power
1159,2.0444238243149257e-07,1.3072443639480036e-08,1.0,1.0,0.99,power
1160,2.0239795335595922e-07,1.2941631894839959e-08,1.0,0.9998989030983618,0.99,power
1161,2.0037397903712998e-07,1.2812131950682431e-08,1.0,1.0,0.99,power
1162,1.983702340947628e-07,1.2683925446319582e-08,1.0,1.0,0.99,power
1163,1.9638653684787123e-07,1.2557004576072599e-08,1.0,0.9998989030983618,0.99,power
1164,1.9442266643231982e-07,1.2431351249351667e-08,1.0,1.0,0.99,power
1165,1.9247844477462146e-07,1.2306958061102534e-08,1.0,1.0,0.99,power
1166,1.9055365538186386e-07,1.2183807118061239e-08,1.0,1.0,0.99,power
1167,1.8864812371245678e-07,1.2061891217222864e-08,1.0,1.0,0.99,power
1168,1.867616376303305e-07,1.1941192898171684e-08,1.0,1.0,0.99,power
1169,1.848940260534856e-07,1.182170482098668e-08,1.0,1.0,0.99,power
1170,1.8304508104886693e-07,1.1703410205612709e-08,1.0,1.0,0.99,power
1171,1.8121463493433967e-07,1.158630199470233e-08,1.0,1.0,0.99,power
1172,1.7940248393823244e-07,1.1470363054137875e-08,1.0,1.0,0.99,power
1173,1.7760846369523575e-07,1.1355587080231963e-08,1.0,1.0,0.99,power
1174,1.7583237450686668e-07,1.1241957075637122e-08,1.0,1.0,0.99,power
1175,1.7407405526141442e-07,1.1129466856663225e-08,1.0,1.0,0.99,power
1176,1.7233331025297372e-07,1.1018099843430187e-08,1.0,1.0,0.99,power
1177,1.7060998155960118e-07,1.0907849789411164e-08,1.0,0.9998989030983618,0.99,power
1178,1.6890387738001725e-07,1.0798700501901233e-08,1.0,1.0,0.99,power
1179,1.6721484291433404e-07,1.0690646265233027e-08,1.0,1.0,0.99,power
1180,1.65542690221152e-07,1.0583670525539903e-08,1.0,0.9998989030983618,0.99,power
1181,1.6388726755152171e-07,1.047776813527029e-08,1.0,1.0,0.99,power
1182,1.6224839069393833e-07,1.0372922885007517e-08,1.0,1.0,0.99,power
1183,1.6062591093300554e-07,1.026912946429292e-08,1.0,1.0,0.99,power
1184,1.5901964773183416e-07,1.0166372255419092e-08,1.0,1.0,0.99,power
1185,1.5742945530077183e-07,1.0064645826483386e-08,1.0,1.0,0.99,power
1186,1.5585515674350074e-07,9.963935020426462e-09,1.0,1.0,0.99,power
1187,1.5429660913593408e-07,9.864234313853199e-09,1.0,0.9998989030983618,0.99,power
1188,1.5275363913006488e-07,9.765529121551658e-09,1.0,1.0,0.99,power
1189,1.512261066061696e-07,9.66781408175945e-09,1.0,0.9998989030983618,0.99,power
1190,1.4971384169797555e-07,9.571074402382767e-09,1.0,1.0,0.99,power
1191,1.4821670708039836e-07,9.475305396396985e-09,1.0,1.0,0.99,power
1192,1.4673453625786286e-07,9.380492220444804e-09,1.0,1.0,0.99,power
1193,1.452671946112944e-07,9.286630433912377e-09,1.0,1.0,0.99,power
1194,1.438145189991745e-07,9.193705394183284e-09,1.0,1.0,0.99,power
1195,1.423763774500201e-07,9.101712805231989e-09,1.0,1.0,0.99,power
1196,1.4095261006876475e-07,9.010638131819169e-09,1.0,1.0,0.99,power
1197,1.3954308752619528e-07,8.920477591666794e-09,1.0,1.0,0.99,power
1198,1.3814765311700758e-07,8.831216795051353e-09,1.0,1.0,0.99,power
1199,1.3676618008752586e-07,8.74285178180011e-09,1.0,0.9998989030983618,0.99,power
1200,1.353985148251995e-07,8.655368364421849e-09,1.0,0.9998989030983618,0.99,power
1201,1.3404453309116045e-07,8.568762975488868e-09,1.0,1.0,0.99,power
1202,1.327040843896961e-07,8.483021898493727e-09,1.0,1.0,0.99,power
1203,1.313770468853748e-07,8.39814135621264e-09,1.0,1.0,0.99,power
1204,1.300632731131276e-07,8.3141075899464e-09,1.0,1.0,0.99,power
1205,1.2876264365025682e-07,8.230917145324178e-09,1.0,1.0,0.99,power
1206,1.2747501397800077e-07,8.148556974549026e-09,1.0,1.0,0.99,power
1207,1.2620026703936606e-07,8.067023403511348e-09,1.0,1.0,0.99,power
1208,1.2493826121130097e-07,7.986303181478017e-09,1.0,1.0,0.99,power
1209,1.2368888172915898e-07,7.906393290039713e-09,1.0,1.0,0.99,power
1210,1.2245198981021674e-07,7.827280498446296e-09,1.0,1.0,0.99,power
1211,1.2122747298106995e-07,7.748961885079963e-09,1.0,1.0,0.99,power
1212,1.2001519522526743e-07,7.671424463460052e-09,1.0,1.0,0.99,power
1213,1.18815046261041e-07,7.594665729641763e-09,1.0,0.9998989030983618,0.99,power
1214,1.1762689283258784e-07,7.518672455211286e-09,1.0,1.0,0.99,power
1215,1.1645062684305681e-07,7.443442251273129e-09,1.0,1.0,0.99,power
1216,1.152861176741743e-07,7.368962108243173e-09,1.0,0.9998989030983618,0.99,power
1217,1.1413325936765422e-07,7.295229890781005e-09,1.0,0.9998989030983618,0.99,power
1218,1.1299192392790012e-07,7.2222331484899396e-09,1.0,1.0,0.99,power
1219,1.1186200750336754e-07,7.149969316934743e-09,1.0,1.0,0.99,power
1220,1.1074338464322204e-07,7.078426178322024e-09,1.0,1.0,0.99,power
1221,1.0963595355024522e-07,7.007601399931305e-09,1.0,0.9998989030983618,0.99,power
1222,1.0853959129770606e-07,6.937482788437649e-09,1.0,1.0,0.99,power
1223,1.0745419807134445e-07,6.868068476676355e-09,1.0,1.0,0.99,power
1224,1.0637965342733523e-07,6.799346260006125e-09,1.0,1.0,0.99,power
1225,1.0531585952806278e-07,6.73131416257332e-09,1.0,0.9998989030983618,0.99,power
1226,1.0426269832548933e-07,6.663960372729013e-09,1.0,1.0,0.99,power
1227,1.0322007391932372e-07,6.59728305476879e-09,1.0,0.9998989030983618,0.99,power
1228,1.0218787062900293e-07,6.531270596032303e-09,1.0,0.9998989030983618,0.99,power
1229,1.0116599443702141e-07,6.465921075134156e-09,1.0,1.0,0.99,power
1230,1.0015433200041147e-07,6.401223190770607e-09,1.0,1.0,0.99,power
1231,9.915279114635636e-08,6.337175132721287e-09,1.0,1.0,0.99,power
1232,9.816126078944641e-08,6.273765513002608e-09,1.0,1.0,0.99,power
1233,9.717965059699331e-08,6.210992739502855e-09,1.0,1.0,0.99,power
1234,9.620785170727234e-08,6.148845730777336e-09,1.0,1.0,0.99,power
1235,9.524577553852049e-08,6.087323168308306e-09,1.0,0.9998989030983618,0.99,power
1236,9.429331546083798e-08,6.026413744582638e-09,1.0,1.0,0.99,power
1237,9.335038459594589e-08,5.966116310274454e-09,1.0,1.0,0.99,power
1238,9.241687848271152e-08,5.906419727956326e-09,1.0,0.9998989030983618,0.99,power
1239,9.149271194557617e-08,5.847323105597738e-09,1.0,1.0,0.99,power
1240,9.057778260082643e-08,5.788815107159611e-09,1.0,1.0,0.99,power
1241,8.967200697743537e-08,5.7308952868400344e-09,1.0,1.0,0.99,power
1242,8.877528472299643e-08,5.6735525377126e-09,1.0,0.9998989030983618,0.99,power
1243,8.788753403550745e-08,5.616786113559915e-09,1.0,1.0,0.99,power
1244,8.700865656206898e-08,5.5605852350749985e-09,1.0,1.0,0.99,power
1245,8.613857210292854e-08,5.50494922892002e-09,1.0,1.0,0.99,power
1246,8.52771842979458e-08,5.449867457168384e-09,1.0,1.0,0.99,power
1247,8.442441450944492e-08,5.39533925403229e-09,1.0,1.0,0.99,power
1248,8.358016832755854e-08,5.341354161104034e-09,1.0,1.0,0.99,power
1249,8.274436866421133e-08,5.287912085898841e-09,1.0,1.0,0.99,power
1250,8.19169229810411e-08,5.235001965602297e-09,1.0,1.0,0.99,power
1251,8.109775574051108e-08,5.182623871233668e-09,1.0,1.0,0.99,power
1252,8.02867762264856e-08,5.13076747138344e-09,1.0,1.0,0.99,power
1253,7.948391039847272e-08,5.079432428149844e-09,1.0,1.0,0.99,power
1254,7.868906937326153e-08,5.028608632024823e-09,1.0,1.0,0.99,power
1255,7.790218058005954e-08,4.978295848119576e-09,1.0,0.9998989030983618,0.99,power
1256,7.712315689569771e-08,4.9284841174846725e-09,1.0,1.0,0.99,power
1257,7.635192717660155e-08,4.879173202134982e-09,1.0,1.0,0.99,power
1258,7.558840608105389e-08,4.830353218463595e-09,1.0,1.0,0.99,power
1259,7.483252382545013e-08,4.782024320283649e-09,1.0,0.9998989030983618,0.99,power
1260,7.408419679624885e-08,4.7341765622255545e-09,1.0,1.0,0.99,power
1261,7.334335660869645e-08,4.686809953279085e-09,1.0,1.0,0.99,power
1262,7.260992128905634e-08,4.639914969166495e-09,1.0,1.0,0.99,power
1263,7.188382380370874e-08,4.5934914596582325e-09,1.0,1.0,0.99,power
1264,7.116498385835432e-08,4.5475302786018e-09,1.0,1.0,0.99,power
1265,7.045333570687249e-08,4.5020315446552904e-09,1.0,1.0,0.99,power
1266,6.974880067031437e-08,4.456985337727332e-09,1.0,1.0,0.99,power
1267,6.905131432302873e-08,4.412392442783051e-09,1.0,1.0,0.99,power
1268,6.836079955418719e-08,4.3682434290190225e-09,1.0,0.9998989030983618,0.99,power
1269,6.767719316809103e-08,4.324538531666883e-09,1.0,1.0,0.99,power
1270,6.700041963969556e-08,4.281268632126213e-09,1.0,1.0,0.99,power
1271,6.633041702073561e-08,4.2384339173102885e-09,1.0,1.0,0.99,power
1272,6.566711129137644e-08,4.196025532921345e-09,1.0,1.0,0.99,power
1273,6.501044171327888e-08,4.154043979376494e-09,1.0,1.0,0.99,power
1274,6.436033576376087e-08,4.112479928437837e-09,1.0,0.9998989030983618,0.99,power
1275,6.37167339237517e-08,4.071334316213577e-09,1.0,1.0,0.99,power
1276,6.307956509797502e-08,4.030597871751498e-09,1.0,0.9998989030983618,0.99,power
1277,6.244877091715508e-08,3.990271695842915e-09,1.0,1.0,0.99,power
1278,6.182428175066427e-08,3.950346359265388e-09,1.0,1.0,0.99,power
1279,6.120604038685863e-08,3.910823254406618e-09,1.0,1.0,0.99,power
1280,6.059397854890753e-08,3.871692960639009e-09,1.0,0.9998989030983618,0.99,power
1281,5.99880401768221e-08,3.832956715128084e-09,1.0,1.0,0.99,power
1282,5.9388158381396595e-08,3.79460569013162e-09,1.0,1.0,0.99,power
1283,5.879427817402935e-08,3.756640677819603e-09,1.0,1.0,0.99,power
1284,5.820633400488145e-08,3.719053282337299e-09,1.0,1.0,0.99,power
1285,5.7624272024943943e-08,3.681844328601412e-09,1.0,1.0,0.99,power
1286,5.704802798436775e-08,3.6450054776697736e-09,1.0,1.0,0.99,power
1287,5.647754900337812e-08,3.6085374949173317e-09,1.0,0.9998989030983618,0.99,power
1288,5.591277220903576e-08,3.5724319278304694e-09,1.0,0.9998989030983618,0.99,power
1289,5.535364577463423e-08,3.536690053458315e-09,1.0,1.0,0.99,power
1290,5.480010805108676e-08,3.501303556838414e-09,1.0,0.9998989030983618,0.99,power
1291,5.4252108226626097e-08,3.4662734391952623e-09,1.0,1.0,0.99,power
1292,5.370958589088639e-08,3.4315915583333866e-09,1.0,1.0,0.99,power
1293,5.3172491271532084e-08,3.3972590125495876e-09,1.0,1.0,0.99,power
1294,5.2640765125552255e-08,3.363267610677394e-09,1.0,1.0,0.99,power
1295,5.211435867475058e-08,3.329618833723209e-09,1.0,1.0,0.99,power
1296,5.1593213905688274e-08,3.2963041610277093e-09,1.0,0.9998989030983618,0.99,power
1297,5.1077282941051115e-08,3.263325337360817e-09,1.0,1.0,0.99,power
1298,5.056650894795989e-08,3.230673948175685e-09,1.0,1.0,0.99,power
1299,5.0060845015558726e-08,3.198351994564781e-09,1.0,1.0,0.99,power
1300,4.956023542089694e-08,3.1663508669639923e-09,1.0,1.0,0.99,power
1301,4.906463419593641e-08,3.1346722490084257e-09,1.0,1.0,0.99,power
1302,4.8573986748623115e-08,3.103308323690415e-09,1.0,1.0,0.99,power
1303,4.808824797535686e-08,3.072260561361748e-09,1.0,1.0,0.99,power
1304,4.7607364409301535e-08,3.0415211149389476e-09,1.0,1.0,0.99,power
1305,4.713129183405292e-08,3.0110917468402908e-09,1.0,1.0,0.99,power
1306,4.665997785589992e-08,2.9809643206555392e-09,1.0,1.0,0.99,power
1307,4.6193379138727354e-08,2.9511408410512165e-09,1.0,1.0,0.99,power
1308,4.573144430399851e-08,2.921613271146844e-09,1.0,1.0,0.99,power
1309,4.5274130895028786e-08,2.8923835321645527e-09,1.0,1.0,0.99,power
1310,4.4821388570232155e-08,2.863443900571633e-09,1.0,1.0,0.99,power
1311,4.437317569286375e-08,2.8347964950583716e-09,1.0,1.0,0.99,power
1312,4.392944294010322e-08,2.806432826156587e-09,1.0,1.0,0.99,power
1313,4.34901494832028e-08,2.7783556395004957e-09,1.0,0.9998989030983618,0.99,power
1314,4.305524703348508e-08,2.750557018254093e-09,1.0,1.0,0.99,power
1315,4.262469550820304e-08,2.723038919245811e-09,1.0,1.0,0.99,power
1316,4.219844761114195e-08,2.6957938749813056e-09,1.0,1.0,0.99,power
1317,4.1776464079896534e-08,2.6688235869515623e-09,1.0,1.0,0.99,power
1318,4.135869851060516e-08,2.642120857612061e-09,1.0,1.0,0.99,power
1319,4.0945112438834776e-08,2.6156878873508995e-09,1.0,1.0,0.99,power
1320,4.053566040590957e-08,2.5895168298640823e-09,1.0,1.0,0.99,power
1321,4.013030469058822e-08,2.563610149245204e-09,1.0,1.0,0.99,power
1322,3.972900076225925e-08,2.5379602074405192e-09,1.0,0.9998989030983618,0.99,power
1323,3.933171162777107e-08,2.5125692508502258e-09,1.0,1.0,0.99,power
1324,3.8938393643224377e-08,2.4874298979678e-09,1.0,1.0,0.99,power
1325,3.854901056186836e-08,2.462544706623737e-09,1.0,0.9998989030983618,0.99,power
1326,3.816351961098339e-08,2.437905920078671e-09,1.0,1.0,0.99,power
1327,3.778188525726168e-08,2.413516139309473e-09,1.0,0.9998989030983618,0.99,power
1328,3.740406556913603e-08,2.3893681213562572e-09,1.0,1.0,0.99,power
1329,3.703002573302315e-08,2.365464034252157e-09,1.0,1.0,0.99,power
1330,3.665972466371461e-08,2.3417967059703664e-09,1.0,1.0,0.99,power
1331,3.6293128214351786e-08,2.3183684031162074e-09,1.0,1.0,0.99,power
1332,3.5930196139902593e-08,2.295172323650889e-09,1.0,1.0,0.99,power
1333,3.5570894959587076e-08,2.2722108356583035e-09,1.0,0.9998989030983618,0.99,power
1334,3.521518524128065e-08,2.249476412655462e-09,1.0,1.0,0.99,power
1335,3.486303415686872e-08,2.226972192395449e-09,1.0,1.0,0.99,power
1336,3.451440305669523e-08,2.2046903854885318e-09,1.0,1.0,0.99,power
1337,3.416925976442897e-08,2.1826341477137146e-09,1.0,1.0,0.99,power
1338,3.382756642406797e-08,2.1607961397655613e-09,1.0,1.0,0.99,power
1339,3.348929149212618e-08,2.139178967876359e-09,1.0,0.9998989030983618,0.99,power
1340,3.3154397856556395e-08,2.117775772657893e-09,1.0,1.0,0.99,power
1341,3.2822854597706075e-08,2.0965892011351336e-09,1.0,1.0,0.99,power
1342,3.2494625346097845e-08,2.075612082386865e-09,1.0,0.9998989030983618,0.99,power
1343,3.216967979072677e-08,2.054847477563477e-09,1.0,1.0,0.99,power
1344,3.184798230489527e-08,2.0342878907888817e-09,1.0,0.9998989030983618,0.99,power
1345,3.1529503156350135e-08,2.013936564694936e-09,1.0,1.0,0.99,power
1346,3.1214207462984146e-08,1.9937864084374367e-09,1.0,1.0,0.99,power
1347,3.090206605254775e-08,1.9738404189388068e-09,1.0,1.0,0.99,power
1348,3.059304474176664e-08,1.954091536538996e-09,1.0,1.0,0.99,power
1349,3.028711493957697e-08,1.934542682706944e-09,1.0,0.9998989030983618,0.99,power
1350,2.99842431413195e-08,1.915186865522155e-09,1.0,1.0,0.99,power
1351,2.968440134291348e-08,1.8960273389612223e-09,1.0,1.0,0.99,power
1352,2.9387556705697462e-08,1.87705695355171e-09,1.0,1.0,0.99,power
1353,2.909368176077846e-08,1.8582787550585018e-09,1.0,1.0,0.99,power
1354,2.880274433027134e-08,1.8396860325632232e-09,1.0,1.0,0.99,power
1355,2.851471748082332e-08,1.8212819626844308e-09,1.0,1.0,0.99,power
1356,2.8229569713697845e-08,1.8030594951433881e-09,1.0,0.9998989030983618,0.99,power
1357,2.7947274613571615e-08,1.7850218466790025e-09,1.0,1.0,0.99,power
1358,2.7667801285248843e-08,1.767161890363679e-09,1.0,1.0,0.99,power
1359,2.7391123842398962e-08,1.7494834510704055e-09,1.0,1.0,0.99,power
1360,2.7117212035869723e-08,1.731979194246236e-09,1.0,1.0,0.99,power
1361,2.684604047889035e-08,1.7146529489319843e-09,1.0,1.0,0.99,power
1362,2.657757951348499e-08,1.697497209511318e-09,1.0,1.0,0.99,power
1363,2.6311804259062484e-08,1.6805156526762227e-09,1.0,0.9998989030983618,0.99,power
1364,2.604868567616589e-08,1.6637015300182223e-09,1.0,1.0,0.99,power
1365,2.57881993642898e-08,1.6470581689427728e-09,1.0,1.0,0.99,power
1366,2.5530316827303028e-08,1.6305788284309136e-09,1.0,1.0,0.99,power
1367,2.5275014190786013e-08,1.6142669884817212e-09,1.0,0.9998989030983618,0.99,power
1368,2.5022263528459735e-08,1.598115582237907e-09,1.0,1.0,0.99,power
1369,2.4772041402722124e-08,1.5821285266148705e-09,1.0,1.0,0.99,power
1370,2.4524320482246656e-08,1.5662987324425694e-09,1.0,1.0,0.99,power
1371,2.4279077778353597e-08,1.550630024524535e-09,1.0,1.0,0.99,power
1372,2.403628651302693e-08,1.5351154509439435e-09,1.0,1.0,0.99,power
1373,2.3795924139514005e-08,1.5197586236697225e-09,1.0,0.9998989030983618,0.99,power
1374,2.355796442248302e-08,1.5045529033346999e-09,1.0,1.0,0.99,power
1375,2.3322385258411557e-08,1.4895018395765545e-09,1.0,1.0,0.99,power
1376,2.308916092755365e-08,1.474598858241181e-09,1.0,1.0,0.99,power
1377,2.2858269785487075e-08,1.4598475354779656e-09,1.0,0.9998989030983618,0.99,power
1378,2.262968662552203e-08,1.4452413370231846e-09,1.0,1.0,0.99,power
1379,2.2403390202391023e-08,1.430783850333479e-09,1.0,1.0,0.99,power
1380,2.2179355853050855e-08,1.4164683516157853e-09,1.0,1.0,0.99,power
1381,2.1957562749821315e-08,1.4022985764130912e-09,1.0,1.0,0.99,power
1382,2.1737986668078174e-08,1.3882680482365196e-09,1.0,1.0,0.99,power
1383,2.1520607239035538e-08,1.3743805633964722e-09,1.0,1.0,0.99,power
1384,2.130540073490463e-08,1.360629345168797e-09,1.0,1.0,0.99,power
1385,2.1092347158521124e-08,1.347018413973355e-09,1.0,0.9998989030983618,0.99,power
1386,2.088142325822376e-08,1.3335410536270388e-09,1.0,0.9998989030983618,0.99,power
1387,2.0672609446102442e-08,1.3202010455347996e-09,1.0,0.9998989030983618,0.99,power
1388,2.0465882941932886e-08,1.3069920067413736e-09,1.0,1.0,0.99,power
1389,2.0261224517760738e-08,1.2939175687154453e-09,1.0,1.0,0.99,power
1390,2.0058611863978076e-08,1.2809715810881044e-09,1.0,0.9998989030983618,0.99,power
1391,1.9858026150803297e-08,1.2681574589803623e-09,1.0,0.9998989030983618,0.99,power
1392,1.9659445491581368e-08,1.2554691355070878e-09,1.0,1.0,0.99,power
1393,1.9462851417344183e-08,1.2429102990577911e-09,1.0,1.0,0.99,power
1394,1.9268222519843968e-08,1.2304744183719039e-09,1.0,1.0,0.99,power
1395,1.9075540670015962e-08,1.2181655844747773e-09,1.0,1.0,0.99,power
1396,1.8884784904671307e-08,1.205977440770813e-09,1.0,1.0,0.99,power
1397,1.8695937428371555e-08,1.1939138322688778e-09,1.0,1.0,0.99,power
1398,1.8508977671944067e-08,1.181968190189714e-09,1.0,1.0,0.99,power
1399,1.832388826596756e-08,1.1701446770952643e-09,1.0,1.0,0.99,power
1400,1.8140649033751048e-08,1.1584370044015933e-09,1.0,0.9998989030983618,0.99,power
1401,1.7959242895232123e-08,1.1468487196245623e-09,1.0,1.0,0.99,power
1402,1.777965010865278e-08,1.1353743158406627e-09,1.0,1.0,0.99,power
1403,1.7601853955103685e-08,1.12401692389352e-09,1.0,1.0,0.99,power
1404,1.742583506584277e-08,1.1127705868621495e-09,1.0,1.0,0.99,power
1405,1.7251577067206276e-08,1.1016395210802626e-09,1.0,0.9998989030983618,0.99,power
1406,1.7079060960252234e-08,1.090617116963001e-09,1.0,1.0,0.99,power
1407,1.6908270681226693e-08,1.0797075718283987e-09,1.0,1.0,0.99,power
1408,1.673918763755827e-08,1.0689046903832467e-09,1.0,0.9998989030983618,0.99,power
1409,1.6571796087691652e-08,1.058212310693495e-09,1.0,1.0,0.99,power
1410,1.640607781569844e-08,1.0476245798051e-09,1.0,1.0,0.99,power
1411,1.6242017359974927e-08,1.0371451379421026e-09,1.0,1.0,0.99,power
1412,1.6079596866539113e-08,1.0267681211854061e-09,1.0,1.0,0.99,power
1413,1.5918801206604923e-08,1.0164973578679165e-09,1.0,0.9998989030983618,0.99,power
1414,1.5759612873420987e-08,1.0063268735246907e-09,1.0,1.0,0.99,power
1415,1.560201705126161e-08,9.962606900477333e-10,1.0,1.0,0.99,power
1416,1.5445996592163235e-08,9.862926686940845e-10,1.0,0.9998989030983618,0.99,power
1417,1.5291536922115562e-08,9.764268829040565e-10,1.0,1.0,0.99,power
1418,1.5138621266526334e-08,9.666572699787664e-10,1.0,1.0,0.99,power
1419,1.4987235335090267e-08,9.569879695547864e-10,1.0,1.0,0.99,power
1420,1.4837362689101393e-08,9.474127586773531e-10,1.0,1.0,0.99,power
1421,1.4688989352666196e-08,9.3793596383046e-10,1.0,0.9998989030983618,0.99,power
1422,1.4542099178213964e-08,9.285515399798845e-10,1.0,1.0,0.99,power
1423,1.4396678458458004e-08,9.192634460434845e-10,1.0,1.0,0.99,power
1424,1.425271138878127e-08,9.100658012682307e-10,1.0,0.9998989030983618,0.99,power
1425,1.4110184550860262e-08,9.009625690817958e-10,1.0,0.9998989030983618,0.99,power
1426,1.3969082442190341e-08,8.91948004950354e-10,1.0,1.0,0.99,power
1427,1.3829391876345258e-08,8.830261399488056e-10,1.0,1.0,0.99,power
1428,1.3691097698596349e-08,8.74191126533742e-10,1.0,0.9998989030983618,0.99,power
1429,1.3554186975470596e-08,8.654468853729189e-10,1.0,1.0,0.99,power
1430,1.3418644864111553e-08,8.567876385109195e-10,1.0,0.9998989030983618,0.99,power
1431,1.3284458659301494e-08,8.482175675583985e-10,1.0,1.0,0.99,power
1432,1.3151613819029302e-08,8.39730720133197e-10,1.0,1.0,0.99,power
1433,1.3020097928494911e-08,8.313310649236979e-10,1.0,1.0,0.99,power
1434,1.2889896695985382e-08,8.230133039761971e-10,1.0,1.0,0.99,power
1435,1.2760997968882331e-08,8.147810590993919e-10,1.0,1.0,0.99,power
1436,1.2633387756061224e-08,8.066287521658551e-10,1.0,1.0,0.99,power
1437,1.250705411676865e-08,7.985604515559357e-10,1.0,0.9998989030983618,0.99,power
1438,1.2381983333226609e-08,7.905703874834262e-10,1.0,1.0,0.99,power
1439,1.2258163723163746e-08,7.826627511721698e-10,1.0,1.0,0.99,power
1440,1.213558186512034e-08,7.748316530343719e-10,1.0,0.9998989030983618,0.99,power
1441,1.2014226270350863e-08,7.670816085656164e-10,1.0,1.0,0.99,power
1442,1.1894083788275134e-08,7.594064076767234e-10,1.0,1.0,0.99,power
1443,1.1775143169780547e-08,7.518105032254021e-10,1.0,1.0,0.99,power
1444,1.1657391527279774e-08,7.442883276602786e-10,1.0,1.0,0.99,power
1445,1.1540817818556214e-08,7.368436982221507e-10,1.0,1.0,0.99,power
1446,1.1425409432547707e-08,7.294711528512452e-10,1.0,1.0,0.99,power
1447,1.1311155546543285e-08,7.221747222520974e-10,1.0,1.0,0.99,power
1448,1.1198043788752089e-08,7.149489442162799e-10,1.0,1.0,0.99,power
1449,1.1086063551242361e-08,7.077979066605333e-10,1.0,1.0,0.99,power
1450,1.0975202718633437e-08,7.007158827091272e-10,1.0,1.0,0.99,power
1451,1.0865450878599307e-08,6.937072410365547e-10,1.0,0.9998989030983618,0.99,power
1452,1.0756796178773685e-08,6.867662529347414e-10,1.0,1.0,0.99,power
1453,1.0649228413661981e-08,6.79897120855376e-10,1.0,0.9998989030983618,0.99,power
1454,1.0542735941768848e-08,6.730942615083652e-10,1.0,1.0,0.99,power
1455,1.0437308764353778e-08,6.663617677179468e-10,1.0,1.0,0.99,power
1456,1.033293548554805e-08,6.596945184082602e-10,1.0,1.0,0.99,power
1457,1.0229606331351649e-08,6.530961192128498e-10,1.0,1.0,0.99,power
1458,1.0127310078106238e-08,6.465614201466207e-10,1.0,0.9996968012462522,0.99,power
1459,1.002603715576921e-08,6.400945613878226e-10,1.0,0.9998989030983618,0.99,power
1460,9.925776605582293e-09,6.336898301072845e-10,1.0,0.9998989030983618,0.99,power
1461,9.826519019420968e-09,6.273519355773766e-10,1.0,1.0,0.99,power
1462,9.728253652231009e-09,6.210746511890234e-10,1.0,1.0,0.99,power
1463,9.630971286172175e-09,6.148628307038046e-10,1.0,1.0,0.99,power
1464,9.534661396703475e-09,6.087104799141334e-10,1.0,1.0,0.99,power
1465,9.439314947825001e-09,6.026224455950499e-10,1.0,1.0,0.99,power
1466,9.344921640620158e-09,5.965925069021732e-10,1.0,1.0,0.99,power
1467,9.251472590112541e-09,5.906256216180228e-10,1.0,1.0,0.99,power
1468,9.158957702261412e-09,5.847159802313929e-10,1.0,1.0,0.99,power
1469,9.067368289347847e-09,5.788676098562463e-10,1.0,1.0,0.99,power
1470,8.976694445598325e-09,5.730755476710644e-10,1.0,1.0,0.99,power
1471,8.886927654832615e-09,5.67344047830215e-10,1.0,1.0,0.99,power
1472,8.798058221333781e-09,5.616670907019937e-10,1.0,0.9998989030983618,0.99,power
1473,8.710077789166162e-09,5.560495575420345e-10,1.0,1.0,0.99,power
1474,8.622976862960584e-09,5.50485763098865e-10,1.0,0.9998989030983618,0.99,power
1475,8.536747250219638e-09,5.449799873933335e-10,1.0,1.0,0.99,power
1476,8.451379631132445e-09,5.395269835918683e-10,1.0,1.0,0.99,power
1477,8.366865962665347e-09,5.341309729922176e-10,1.0,1.0,0.99,power
1478,8.283197164624207e-09,5.287863753519127e-10,1.0,1.0,0.99,power
1479,8.200365342534586e-09,5.234976874776028e-10,1.0,1.0,0.99,power
1480,8.118361541917255e-09,5.182596430418883e-10,1.0,1.0,0.99,power
1481,8.037178074981687e-09,5.130763281177307e-10,1.0,1.0,0.99,power
1482,7.956806145375863e-09,5.079423811710153e-10,1.0,1.0,0.99,power
1483,7.877238220429649e-09,5.028622536455417e-10,1.0,1.0,0.99,power
1484,7.798465700453372e-09,4.978306595199707e-10,1.0,1.0,0.99,power
1485,7.720481177763129e-09,4.928518025091289e-10,1.0,1.0,0.99,power
1486,7.643276234536036e-09,4.879201048587069e-10,1.0,1.0,0.99,power
1487,7.566843603913784e-09,4.830405375596443e-10,1.0,1.0,0.99,power
1488,7.491175035845295e-09,4.782069001876186e-10,1.0,1.0,0.99,power
1489,7.416263420693846e-09,4.734244784012273e-10,1.0,1.0,0.99,power
1490,7.3421006503484055e-09,4.686871452708673e-10,1.0,1.0,0.99,power
1491,7.268679765741943e-09,4.6399981436817355e-10,1.0,1.0,0.99,power
1492,7.195992842892863e-09,4.593569172805514e-10,1.0,1.0,0.99,power
1493,7.124033049272842e-09,4.547629477970951e-10,1.0,1.0,0.99,power
1494,7.052792592097783e-09,4.5021229399355097e-10,1.0,1.0,0.99,power
1495,6.982264777956452e-09,4.4570998594543015e-10,1.0,1.0,0.99,power
1496,6.91244201402212e-09,4.4124980309930745e-10,1.0,1.0,0.99,power
1497,6.843317725277532e-09,4.368371498982926e-10,1.0,0.9998989030983618,0.99,power
1498,6.77488441654865e-09,4.324657680718538e-10,1.0,1.0,0.99,power
1499,6.70713569721042e-09,4.2814091717853873e-10,1.0,1.0,0.99,power
1500,6.640064228247161e-09,4.2385662474075537e-10,1.0,1.0,0.99,power
1501,6.5736636887777144e-09,4.196177691202496e-10,1.0,1.0,0.99,power
1502,6.5079269451708296e-09,4.1541881796643097e-10,1.0,1.0,0.99,power
1503,6.442847784541065e-09,4.112644210711103e-10,1.0,1.0,0.99,power
1504,6.378419203453667e-09,4.071490827566239e-10,1.0,1.0,0.99,power
1505,6.314635113624367e-09,4.030774184714082e-10,1.0,1.0,0.99,power
1506,6.251488657815383e-09,3.990439649980078e-10,1.0,1.0,0.99,power
1507,6.1889738710976054e-09,3.950533224980322e-10,1.0,1.0,0.99,power
1508,6.127084035793097e-09,3.9110010055587246e-10,1.0,1.0,0.99,power
1509,6.065813294768002e-09,3.871891263170038e-10,1.0,1.0,0.99,power
1510,6.005155068338461e-09,3.8331445991883787e-10,1.0,1.0,0.99,power
1511,5.94510361592037e-09,3.7948128401462467e-10,1.0,1.0,0.99,power
1512,5.885652476225172e-09,3.7568387463840387e-10,1.0,0.9998989030983618,0.99,power
1513,5.8267960564460284e-09,3.7192699059025624e-10,1.0,1.0,0.99,power
1514,5.768527985488095e-09,3.682050490832262e-10,1.0,1.0,0.99,power
1515,5.710842810255478e-09,3.64523062418262e-10,1.0,1.0,0.99,power
1516,5.65373428025869e-09,3.6087536722508155e-10,1.0,1.0,0.99,power
1517,5.597197023858294e-09,3.5726656677475224e-10,1.0,1.0,0.99,power
1518,5.5412249688575205e-09,3.536914683542373e-10,1.0,0.9998989030983618,0.99,power
1519,5.485812796046154e-09,3.501544136125964e-10,1.0,1.0,0.99,power
1520,5.430954591113675e-09,3.466504750226916e-10,1.0,1.0,0.99,power
1521,5.376645123006468e-09,3.4318405839124614e-10,1.0,0.9998989030983618,0.99,power
1522,5.322878582253903e-09,3.397497807459532e-10,1.0,1.0,0.99,power
1523,5.269649888731163e-09,3.363522808483488e-10,1.0,1.0,0.99,power
1524,5.216953313391812e-09,3.3298627266142367e-10,1.0,1.0,0.99,power
1525,5.164783850684016e-09,3.29656782001172e-10,1.0,1.0,0.99,power
1526,5.113135926645957e-09,3.263576846650134e-10,1.0,1.0,0.99,power
1527,5.062004643512788e-09,3.2309421632601336e-10,1.0,1.0,0.99,power
1528,5.011384529203509e-09,3.198609829900606e-10,1.0,1.0,0.99,power
1529,4.9612707602026765e-09,3.166625691778777e-10,1.0,0.9998989030983618,0.99,power
1530,4.911657970915357e-09,3.13493567925373e-10,1.0,0.9998989030983618,0.99,power
1531,4.862541484273031e-09,3.103588997862741e-10,1.0,1.0,0.99,power
1532,4.813915981459605e-09,3.072529280722603e-10,1.0,1.0,0.99,power
1533,4.765776901222374e-09,3.041805411900412e-10,1.0,1.0,0.99,power
1534,4.7181190508746835e-09,3.0113655874773296e-10,1.0,1.0,0.99,power
1535,4.670937938328538e-09,2.981253210039908e-10,1.0,1.0,0.99,power
1536,4.6242284818319785e-09,2.951418683051993e-10,1.0,1.0,0.99,power
1537,4.577986265275648e-09,2.9219065272683294e-10,1.0,0.9998989030983618,0.99,power
1538,4.532206334246432e-09,2.89266527073288e-10,1.0,1.0,0.99,power
1539,4.486884342928101e-09,2.8637415894566653e-10,1.0,1.0,0.99,power
1540,4.4420154218948315e-09,2.8350824280847257e-10,1.0,1.0,0.99,power
1541,4.397595348939179e-09,2.8067348113811927e-10,1.0,1.0,0.99,power
1542,4.353619314975305e-09,2.778644347273589e-10,1.0,0.9998989030983618,0.99,power
1543,4.310083202734752e-09,2.7508615476548113e-10,1.0,1.0,0.99,power
1544,4.2669823036196336e-09,2.7233307660855256e-10,1.0,1.0,0.99,power
1545,4.2243125401259755e-09,2.6961015791161437e-10,1.0,1.0,0.99,power
1546,4.1820693494051095e-09,2.6691200160730796e-10,1.0,1.0,0.99,power
1547,4.1402487114660576e-09,2.642431225074501e-10,1.0,1.0,0.99,power
1548,4.0988461620470855e-09,2.615986394792267e-10,1.0,1.0,0.99,power
1549,4.057857772574402e-09,2.5898305374508133e-10,1.0,0.9998989030983618,0.99,power
1550,4.0172791227980185e-09,2.5639113639021265e-10,1.0,0.9998989030983618,0.99,power
1551,3.977106390254387e-09,2.538275117202689e-10,1.0,1.0,0.99,power
1552,3.937335269120718e-09,2.512872899847228e-10,1.0,1.0,0.99,power
1553,3.897961971000899e-09,2.487749070298975e-10,1.0,1.0,0.99,power
1554,3.858982294187567e-09,2.46285020710686e-10,1.0,0.9998989030983618,0.99,power
1555,3.820392527282226e-09,2.438226189241703e-10,1.0,1.0,0.99,power
1556,3.782188543273129e-09,2.4138243884267916e-10,1.0,0.9998989030983618,0.99,power
1557,3.7443667114812245e-09,2.3896897366683067e-10,1.0,1.0,0.99,power
1558,3.706922985238121e-09,2.365772262615898e-10,1.0,0.9998989030983618,0.99,power
1559,3.669853813738654e-09,2.342119406266188e-10,1.0,1.0,0.99,power
1560,3.6331552290343514e-09,2.3186794960450025e-10,1.0,1.0,0.99,power
1561,3.5968237221246597e-09,2.295497153408716e-10,1.0,1.0,0.99,power
1562,3.5608554278402944e-09,2.2725222367110033e-10,1.0,1.0,0.99,power
1563,3.5252469375073897e-09,2.2498022246536584e-10,1.0,1.0,0.99,power
1564,3.489994408362313e-09,2.2272840347067865e-10,1.0,1.0,0.99,power
1565,3.4550945092286524e-09,2.205016247250761e-10,1.0,0.9998989030983618,0.99,power
1566,3.4205435135811585e-09,2.1829476308614902e-10,1.0,0.9998989030983618,0.99,power
1567,3.386338125019403e-09,2.1611236534120795e-10,1.0,0.9998989030983618,0.99,power
1568,3.3524746969367917e-09,2.1394929957935866e-10,1.0,0.9998989030983618,0.99,power
1569,3.318949995641319e-09,2.1181031362080555e-10,1.0,0.9998989030983618,0.99,power
1570,3.285760451751535e-09,2.0969027592565482e-10,1.0,1.0,0.99,power
1571,3.2529028803913427e-09,2.0759391925979432e-10,1.0,0.9998989030983618,0.99,power
1572,3.220373799341492e-09,2.055161173232878e-10,1.0,1.0,0.99,power
1573,3.1881701250931614e-09,2.034617293412893e-10,1.0,1.0,0.99,power
1574,3.156288370821297e-09,2.014250511239402e-10,1.0,1.0,0.99,power
1575,3.124725537168497e-09,1.994113478578986e-10,1.0,1.0,0.99,power
1576,3.0934782338749964e-09,1.9741543255331758e-10,1.0,1.0,0.99,power
1577,3.062543496885092e-09,1.9544189088839016e-10,1.0,1.0,0.99,power
1578,3.0319180165179277e-09,1.934855806552661e-10,1.0,1.0,0.99,power
1579,3.001598880667276e-09,1.9155151984102579e-10,1.0,1.0,0.99,power
1580,2.971582843987368e-09,1.8963404012744424e-10,1.0,1.0,0.99,power
1581,2.941867066576666e-09,1.877384822584242e-10,1.0,1.0,0.99,power
1582,2.912448345600985e-09,1.8585911239604815e-10,1.0,1.0,0.99,power
1583,2.883323913542888e-09,1.8400116776429896e-10,1.0,1.0,0.99,power
1584,2.8544906279792923e-09,1.8215945166082642e-10,1.0,1.0,0.99,power
1585,2.8259457660464333e-09,1.803384902953344e-10,1.0,1.0,0.99,power
1586,2.797686260522673e-09,1.7853332023114663e-10,1.0,1.0,0.99,power
1587,2.769709441075207e-09,1.7674871992734327e-10,1.0,1.0,0.99,power
1588,2.742012322960044e-09,1.7497945244941495e-10,1.0,1.0,0.99,power
1589,2.7145922299764477e-09,1.732304144266436e-10,1.0,1.0,0.99,power
1590,2.687446276423265e-09,1.7149620613325773e-10,1.0,0.9998989030983618,0.99,power
1591,2.660571843126246e-09,1.6978206125200722e-10,1.0,0.9998989030983618,0.99,power
1592,2.6339660802326574e-09,1.6808240073410464e-10,1.0,0.9998989030983618,0.99,power
1593,2.607626465125274e-09,1.66402235518681e-10,1.0,1.0,0.99,power
1594,2.5815501594043306e-09,1.647365404622863e-10,1.0,1.0,0.99,power
1595,2.5557346950884365e-09,1.6308992321281888e-10,1.0,1.0,0.99,power
1596,2.5301773110459143e-09,1.6145725998581858e-10,1.0,1.0,0.99,power
1597,2.50487557306721e-09,1.5984361890149312e-10,1.0,1.0,0.99,power
1598,2.4798267799119928e-09,1.5824320033626407e-10,1.0,1.0,0.99,power
1599,2.4550285509358112e-09,1.56661596113658e-10,1.0,1.0,0.99,power
1600,2.430478232306729e-09,1.550933831757456e-10,1.0,1.0,0.99,power
1601,2.4061734749216565e-09,1.5354314048438394e-10,1.0,0.9998989030983618,0.99,power
1602,2.3821117232155827e-09,1.520060269553236e-10,1.0,0.9998989030983618,0.99,power
1603,2.358290627943061e-09,1.5048673863620946e-10,1.0,1.0,0.99,power
1604,2.33470769841599e-09,1.4898016379056625e-10,1.0,1.0,0.99,power
1605,2.3113606475363505e-09,1.474912501836902e-10,1.0,1.0,0.99,power
1606,2.2882470092226177e-09,1.4601465197402251e-10,1.0,1.0,0.99,power
1607,2.265364567892361e-09,1.445552055327095e-10,1.0,1.0,0.99,power
1608,2.2427108854059287e-09,1.4310814383921563e-10,1.0,0.9998989030983618,0.99,power
1609,2.2202838234468134e-09,1.4167775632704286e-10,1.0,1.0,0.99,power
1610,2.1980809504755737e-09,1.4025936011524997e-10,1.0,1.0,0.99,power
1611,2.1761001736137628e-09,1.3885765184906357e-10,1.0,1.0,0.99,power
1612,2.1543391354501275e-09,1.3746733619020553e-10,1.0,1.0,0.99,power
1613,2.1327957711066203e-09,1.3609354821895564e-10,1.0,1.0,0.99,power
1614,2.111467782089962e-09,1.3473090004005155e-10,1.0,1.0,0.99,power
1615,2.090353143591142e-09,1.3338434246556702e-10,1.0,1.0,0.99,power
1616,2.069449575503363e-09,1.320490127587612e-10,1.0,1.0,0.99,power
1617,2.048755113546934e-09,1.307292875623777e-10,1.0,1.0,0.99,power
1618,2.0282675358409895e-09,1.294204289938144e-10,1.0,1.0,0.99,power
1619,2.0079848877386818e-09,1.2812713495804768e-10,1.0,0.9998989030983618,0.99,power
1620,1.9879050044405496e-09,1.2684408221998105e-10,1.0,1.0,0.99,power
1621,1.9680259768171e-09,1.2557661915570764e-10,1.0,1.0,0.99,power
1622,1.9483456999318557e-09,1.2431915688408159e-10,1.0,0.9998989030983618,0.99,power
1623,1.9288622624211238e-09,1.2307702316970804e-10,1.0,1.0,0.99,power
1624,1.9095736272513465e-09,1.2184452989051994e-10,1.0,1.0,0.99,power
1625,1.8904779204148734e-09,1.206270846075553e-10,1.0,1.0,0.99,power
1626,1.871573103550385e-09,1.1941922900407958e-10,1.0,1.0,0.99,power
1627,1.8528574019521038e-09,1.1822596629407157e-10,1.0,1.0,0.99,power
1628,1.8343288164657717e-09,1.170421243982171e-10,1.0,0.9998989030983618,0.99,power
1629,1.8159855495141731e-09,1.1587255760452689e-10,1.0,1.0,0.99,power
1630,1.7978256590718625e-09,1.1471227416721298e-10,1.0,1.0,0.99,power
1631,1.7798474232012908e-09,1.1356604068498846e-10,1.0,0.9998989030983618,0.99,power
1632,1.7620489175253437e-09,1.1242879848672169e-10,1.0,0.9998989030983618,0.99,power
1633,1.7444284497578303e-09,1.1130536875668173e-10,1.0,0.9998989030983618,0.99,power
1634,1.7269841488063931e-09,1.1019086881431348e-10,1.0,0.9998989030983618,0.99,power
1635,1.709714325235427e-09,1.0908976204467534e-10,1.0,0.9998989030983618,0.99,power
1636,1.6926171625149513e-09,1.0799735166765073e-10,1.0,0.9998989030983618,0.99,power
1637,1.6756910046462439e-09,1.0691835655799891e-10,1.0,1.0,0.99,power
1638,1.6589340782913802e-09,1.0584765923826708e-10,1.0,1.0,0.99,power
1639,1.6423447597570666e-09,1.0479008713959227e-10,1.0,0.9998989030983618,0.99,power
1640,1.6259212969882353e-09,1.0374055968995896e-10,1.0,1.0,0.99,power
1641,1.6096621092132459e-09,1.027043118195848e-10,1.0,1.0,0.99,power
1642,1.5935654718899046e-09,1.0167556204812533e-10,1.0,1.0,0.99,power
1643,1.5776298417799861e-09,1.0065978687705367e-10,1.0,1.0,0.99,power
1644,1.5618535172177744e-09,9.965178693078364e-11,1.0,1.0,0.99,power
1645,1.5462350016660113e-09,9.865615704266388e-11,1.0,1.0,0.99,power
1646,1.5307726363759173e-09,9.766816973568028e-11,1.0,0.9998989030983618,0.99,power
1647,1.5154649377513953e-09,9.6692426270891e-11,1.0,1.0,0.99,power
1648,1.500310258788291e-09,9.572402515153928e-11,1.0,1.0,0.99,power
1649,1.4853071700806016e-09,9.476779766106803e-11,1.0,1.0,0.99,power
1650,1.4704540927958964e-09,9.38186028363419e-11,1.0,1.0,0.99,power
1651,1.4557495734080383e-09,9.288124139625517e-11,1.0,1.0,0.99,power
1652,1.4411920595306115e-09,9.195097031057474e-11,1.0,1.0,0.99,power
1653,1.4267801638502478e-09,9.103255670931513e-11,1.0,0.9998989030983618,0.99,power
1654,1.4125123407735741e-09,9.012062868961957e-11,1.0,1.0,0.99,power
1655,1.3983872313213727e-09,8.922042251980601e-11,1.0,1.0,0.99,power
1656,1.384403342914149e-09,8.832676427212263e-11,1.0,0.9998989030983618,0.99,power
1657,1.3705593258367865e-09,8.744444732698201e-11,1.0,1.0,0.99,power
1658,1.3568537125537606e-09,8.656849922892455e-11,1.0,0.9998989030983618,0.99,power
1659,1.3432851945761458e-09,8.57038112469959e-11,1.0,1.0,0.99,power
1660,1.3298523251509646e-09,8.484538276570264e-11,1.0,1.0,0.99,power
1661,1.3165538232831229e-09,8.399794114283898e-11,1.0,1.0,0.99,power
1662,1.3033882643291071e-09,8.31564230534625e-11,1.0,1.0,0.99,power
1663,1.290354403835332e-09,8.232591983855387e-11,1.0,1.0,0.99,power
1664,1.2774508448816035e-09,8.150123742601196e-11,1.0,1.0,0.99,power
1665,1.2646763441540235e-09,8.068722490624156e-11,1.0,0.9998989030983618,0.99,power
1666,1.2520295630916198e-09,7.987881873661278e-11,1.0,1.0,0.99,power
1667,1.2395092825664537e-09,7.908116637954476e-11,1.0,0.9998989030983618,0.99,power
1668,1.2271141700694746e-09,7.828881375240892e-11,1.0,1.0,0.99,power
1669,1.214843053359754e-09,7.750703498991936e-11,1.0,1.0,0.99,power
1670,1.2026946060878067e-09,7.673059057856315e-11,1.0,1.0,0.99,power
1671,1.1906676640407871e-09,7.596419131071118e-11,1.0,1.0,0.99,power
1672,1.1787609790698885e-09,7.520322496491069e-11,1.0,1.0,0.99,power
1673,1.1669733886710659e-09,7.445205970362321e-11,1.0,1.0,0.99,power
1674,1.1553036280464332e-09,7.370605662279937e-11,1.0,1.0,0.99,power
1675,1.1437506029896873e-09,7.297012278907283e-11,1.0,0.9998989030983618,0.99,power
1676,1.132313091993695e-09,7.223900148780907e-11,1.0,1.0,0.99,power
1677,1.120989969814424e-09,7.151764887882436e-11,1.0,0.9998989030983618,0.99,power
1678,1.10978006488013e-09,7.080113659641804e-11,1.0,1.0,0.99,power
1679,1.0986822806232814e-09,7.009412005500571e-11,1.0,1.0,0.99,power
1680,1.0876954406631e-09,6.939189301925375e-11,1.0,1.0,0.99,power
1681,1.0768185050871884e-09,6.869901275977594e-11,1.0,0.9998989030983618,0.99,power
1682,1.0660502991852053e-09,6.801051845087507e-11,1.0,1.0,0.99,power
1683,1.0553898152794951e-09,6.733155568980371e-11,1.0,1.0,0.99,power
1684,1.0448358974879557e-09,6.665667639727931e-11,1.0,0.9998989030983618,0.99,power
1685,1.034387555409763e-09,6.59911888010921e-11,1.0,1.0,0.99,power
1686,1.0240436787084735e-09,6.532995949851105e-11,1.0,1.0,0.99,power
1687,1.01380325063498e-09,6.467773622588432e-11,1.0,0.9998989030983618,0.99,power
1688,1.0036652089999069e-09,6.402950485330779e-11,1.0,1.0,0.99,power
1689,9.936285635136027e-10,6.339033780878697e-11,1.0,1.0,0.99,power
1690,9.836922600929136e-10,6.275510704474489e-11,1.0,1.0,0.99,power
1691,9.738553543676468e-10,6.212854672128562e-11,1.0,0.9998989030983618,0.99,power
1692,9.641167808053194e-10,6.150586497778546e-11,1.0,1.0,0.99,power
1693,9.544756360341667e-10,6.089195054917926e-11,1.0,1.0,0.99,power
1694,9.449308676841364e-10,6.028154996327463e-11,1.0,1.0,0.99,power
1695,9.354815794671151e-10,5.96798953612215e-11,1.0,0.9998989030983618,0.99,power
1696,9.261267510391511e-10,5.9081609451763e-11,1.0,1.0,0.99,power
1697,9.168654812670609e-10,5.849188509764897e-11,1.0,0.9998989030983618,0.99,power
1698,9.07696809058943e-10,5.7905531653661845e-11,1.0,0.9998989030983618,0.99,power
1699,8.986198537434863e-10,5.73275780043844e-11,1.0,1.0,0.99,power
1700,8.8963364482338e-10,5.675297174249363e-11,1.0,1.0,0.99,power
1701,8.807373317622238e-10,5.6186517983620074e-11,1.0,0.9998989030983618,0.99,power
1702,8.719299372959665e-10,5.562322064199073e-11,1.0,0.9998989030983618,0.99,power
1703,8.632106443210521e-10,5.5068176668273715e-11,1.0,1.0,0.99,power
1704,8.545785245777794e-10,5.4516077932511116e-11,1.0,1.0,0.99,power
1705,8.46032752620748e-10,5.397204214784266e-11,1.0,1.0,0.99,power
1706,8.375724143253226e-10,5.3430947742893545e-11,1.0,1.0,0.99,power
1707,8.291966897123567e-10,5.2897672605071186e-11,1.0,1.0,0.99,power
1708,8.209047206895793e-10,5.236745365931955e-11,1.0,1.0,0.99,power
1709,8.126956940434059e-10,5.1844876742015075e-11,1.0,1.0,0.99,power
1710,8.045687174615973e-10,5.132507182303972e-11,1.0,1.0,0.99,power
1711,7.96523041016701e-10,5.081289392795813e-11,1.0,1.0,0.99,power
1712,7.885578073601982e-10,5.030334764968246e-11,1.0,1.0,0.99,power
1713,7.80672232299095e-10,4.980158055142877e-11,1.0,1.0,0.99,power
1714,7.728654990635964e-10,4.930211576961736e-11,1.0,1.0,0.99,power
1715,7.651368476408074e-10,4.8810058980626266e-11,1.0,1.0,0.99,power
1716,7.574854655005031e-10,4.8320585917410006e-11,1.0,0.9998989030983618,0.99,power
1717,7.499106235655366e-10,4.783864561560247e-11,1.0,0.9998989030983618,0.99,power
1718,7.424115218290815e-10,4.7358912871390855e-11,1.0,1.0,0.99,power
1719,7.349874030102538e-10,4.6886470409101427e-11,1.0,1.0,0.99,power
1720,7.276375241077785e-10,4.641625669865457e-11,1.0,0.9998989030983618,0.99,power
1721,7.203611565334718e-10,4.5953262387024745e-11,1.0,1.0,0.99,power
1722,7.131575388393554e-10,4.549237626988514e-11,1.0,1.0,0.99,power
1723,7.060259638766526e-10,4.503850235269235e-11,1.0,1.0,0.99,power
1724,6.989656963328924e-10,4.4586817816403705e-11,1.0,0.9998989030983618,0.99,power
1725,6.919760492791481e-10,4.414206423562619e-11,1.0,1.0,0.99,power
1726,6.850562770292586e-10,4.369930333437368e-11,1.0,1.0,0.99,power
1727,6.782057176820928e-10,4.3263441781386114e-11,1.0,1.0,0.99,power
1728,6.714236534446737e-10,4.2829489918811756e-11,1.0,1.0,0.99,power
1729,6.647094271477371e-10,4.240234848700694e-11,1.0,0.9998989030983618,0.99,power
1730,6.580623247067766e-10,4.1976896839768607e-11,1.0,1.0,0.99,power
1731,6.514817092506905e-10,4.155836908188079e-11,1.0,1.0,0.99,power
1732,6.44966895513686e-10,4.114136665499516e-11,1.0,0.9998989030983618,0.99,power
1733,6.385172339338063e-10,4.073109245856671e-11,1.0,1.0,0.99,power
1734,6.321320556219152e-10,4.0322510046337764e-11,1.0,1.0,0.99,power
1735,6.258107389676202e-10,3.99204041450088e-11,1.0,1.0,0.99,power
1736,6.195526220774836e-10,3.951992176147071e-11,1.0,1.0,0.99,power
1737,6.133571049925079e-10,3.9125633891235674e-11,1.0,0.9998989030983618,0.99,power
1738,6.072235274910806e-10,3.873314442420183e-11,1.0,1.0,0.99,power
1739,6.011512899188704e-10,3.834700020887784e-11,1.0,1.0,0.99,power
1740,5.951397723114534e-10,3.7962234265025076e-11,1.0,1.0,0.99,power
1741,5.891883833828862e-10,3.758379053760941e-11,1.0,1.0,0.99,power
1742,5.832964924046012e-10,3.7206484304502896e-11,1.0,1.0,0.99,power
1743,5.774635390471071e-10,3.6835649439112306e-11,1.0,0.9998989030983618,0.99,power
1744,5.716888928450498e-10,3.6465995658887434e-11,1.0,1.0,0.99,power
1745,5.659720160559734e-10,3.610246991322002e-11,1.0,1.0,0.99,power
1746,5.60312286110889e-10,3.574006931127435e-11,1.0,1.0,0.99,power
1747,5.547091592033731e-10,3.538378194304418e-11,1.0,1.0,0.99,power
1748,5.491620723003333e-10,3.5028640493712853e-11,1.0,0.9998989030983618,0.99,power
1749,5.436704580629856e-10,3.467959962617765e-11,1.0,0.9998989030983618,0.99,power
1750,5.382337423807746e-10,3.433161156786808e-11,1.0,1.0,0.99,power
1751,5.32851403135126e-10,3.3989413209722436e-11,1.0,1.0,0.99,power
1752,5.275228922536963e-10,3.3648240960841626e-11,1.0,1.0,0.99,power
1753,5.222476669534146e-10,3.331288253435253e-11,1.0,0.9998989030983618,0.99,power
1754,5.170251752770545e-10,3.2978318101936876e-11,1.0,1.0,0.99,power
1755,5.118549400133127e-10,3.2649845198864474e-11,1.0,1.0,0.99,power
1756,5.067363797486592e-10,3.232190575904808e-11,1.0,1.0,0.99,power
1757,5.016690198183185e-10,3.199993981156912e-11,1.0,1.0,0.99,power
1758,4.966523212906536e-10,3.167861334050754e-11,1.0,1.0,0.99,power
1759,4.916858152502366e-10,3.136293754609225e-11,1.0,1.0,0.99,power
1760,4.867689452442741e-10,3.104802112349044e-11,1.0,1.0,0.99,power
1761,4.819012627142548e-10,3.0738634232976985e-11,1.0,1.0,0.99,power
1762,4.770822431260348e-10,3.0429964266703163e-11,1.0,1.0,0.99,power
1763,4.723114119011949e-10,3.012684541999939e-11,1.0,1.0,0.99,power
1764,4.675883082733004e-10,2.982426214481663e-11,1.0,0.9998989030983618,0.99,power
1765,4.6291242665384714e-10,2.9527225262124794e-11,1.0,1.0,0.99,power
1766,4.5828330073962614e-10,2.9230702474221834e-11,1.0,1.0,0.99,power
1767,4.5370046189802276e-10,2.893950670384097e-11,1.0,1.0,0.99,power
1768,4.491634413633431e-10,2.8648910080733038e-11,1.0,1.0,0.99,power
1769,4.4467181481786335e-10,2.836348780571703e-11,1.0,1.0,0.99,power
1770,4.4022509962092456e-10,2.8078593194745953e-11,1.0,0.9998989030983618,0.99,power
1771,4.358228521873758e-10,2.7798963916122587e-11,1.0,1.0,0.99,power
1772,4.3146462327783334e-10,2.7519643094076084e-11,1.0,0.9998989030983618,0.99,power
1773,4.271499797162047e-10,2.7245702033869786e-11,1.0,1.0,0.99,power
1774,4.228784729641901e-10,2.6971876830194738e-11,1.0,1.0,0.99,power
1775,4.186496917378283e-10,2.670322021034065e-11,1.0,1.0,0.99,power
1776,4.1446318480477054e-10,2.6435025977937412e-11,1.0,0.9998989030983618,0.99,power
1777,4.10318554979462e-10,2.617189717133007e-11,1.0,1.0,0.99,power
1778,4.06215359553294e-10,2.5908874051776414e-11,1.0,0.9998989030983618,0.99,power
1779,4.0215322332580376e-10,2.565094803726264e-11,1.0,1.0,0.99,power
1780,3.981316896008596e-10,2.5393197309864552e-11,1.0,1.0,0.99,power
1781,3.941503834500567e-10,2.5140382099454514e-11,1.0,1.0,0.99,power
1782,3.902088795258168e-10,2.4887572276809295e-11,1.0,1.0,0.99,power
1783,3.8630678638773846e-10,2.464011512513777e-11,1.0,1.0,0.99,power
1784,3.824437123555058e-10,2.4392305939373586e-11,1.0,1.0,0.99,power
1785,3.7861926728302187e-10,2.4149664415011482e-11,1.0,0.9998989030983618,0.99,power
1786,3.7483307005025506e-10,2.3906669264770053e-11,1.0,1.0,0.99,power
1787,3.7108473656606737e-10,2.366891035087108e-11,1.0,1.0,0.99,power
1788,3.673738941509062e-10,2.3430883806748026e-11,1.0,1.0,0.99,power
1789,3.637001546356369e-10,2.3197819024505377e-11,1.0,1.0,0.99,power
1790,3.60063148022999e-10,2.2964644553190124e-11,1.0,1.0,0.99,power
1791,3.564625242130918e-10,2.273616974211524e-11,1.0,1.0,0.99,power
1792,3.5289788976060887e-10,2.2507389757139682e-11,1.0,1.0,0.99,power
1793,3.4936891655643005e-10,2.2283584179611155e-11,1.0,0.9998989030983618,0.99,power
1794,3.458752147319996e-10,2.2059438369911782e-11,1.0,0.9998989030983618,0.99,power
1795,3.4241646794664674e-10,2.1840092428685603e-11,1.0,0.9998989030983618,0.99,power
1796,3.3899229237139907e-10,2.1620362492484325e-11,1.0,1.0,0.99,power
1797,3.356023775301719e-10,2.1405379146807377e-11,1.0,1.0,0.99,power
1798,3.3224634671220867e-10,2.118991566855109e-11,1.0,1.0,0.99,power
1799,3.2892388800245637e-10,2.097937385892944e-11,1.0,1.0,0.99,power
1800,3.256346473523519e-10,2.0768329622609523e-11,1.0,0.9998989030983618,0.99,power
1801,3.223783068266533e-10,2.0561695935550353e-11,1.0,1.0,0.99,power
1802,3.1915452221958956e-10,2.0354841700805234e-11,1.0,1.0,0.99,power
1803,3.1596298300291486e-10,2.0152460652983795e-11,1.0,1.0,0.99,power
1804,3.128033537177132e-10,1.9949709470187373e-11,1.0,0.9998989030983618,0.99,power
1805,3.0967531765688363e-10,1.9751370328911994e-11,1.0,1.0,0.99,power
1806,3.0657856695217464e-10,1.9552654029064432e-11,1.0,1.0,0.99,power
1807,3.035127827819205e-10,1.935824963534992e-11,1.0,1.0,0.99,power
1808,3.0047765502878374e-10,1.916343726885164e-11,1.0,1.0,0.99,power
1809,2.974728823452233e-10,1.8972844821343613e-11,1.0,1.0,0.99,power
1810,2.9449814889472917e-10,1.8781963640632658e-11,1.0,0.9998989030983618,0.99,power
1811,2.9155317452330473e-10,1.8595200951163445e-11,1.0,1.0,0.99,power
1812,2.8863763382827127e-10,1.8408078441251206e-11,1.0,0.9998989030983618,0.99,power
1813,2.857512625341374e-10,1.8225241502794172e-11,1.0,0.9998989030983618,0.99,power
1814,2.828937370501044e-10,1.804159547232493e-11,1.0,1.0,0.99,power
1815,2.800647968658709e-10,1.7862436122861254e-11,1.0,1.0,0.99,power
1816,2.7726414812165074e-10,1.7682567687812595e-11,1.0,1.0,0.99,power
1817,2.74491516705589e-10,1.7506990258147256e-11,1.0,1.0,0.99,power
1818,2.717466029669111e-10,1.7330677522992054e-11,1.0,1.0,0.99,power
1819,2.690291386929763e-10,1.7158560988634033e-11,1.0,1.0,0.99,power
1820,2.66338852728725e-10,1.698569824366047e-11,1.0,0.9998989030983618,0.99,power
1821,2.6367545847450013e-10,1.6816905656322854e-11,1.0,1.0,0.99,power
1822,2.610386958636115e-10,1.664758737556246e-11,1.0,1.0,0.99,power
1823,2.584283131898158e-10,1.6482253019613544e-11,1.0,0.9998989030983618,0.99,power
1824,2.5584401529150255e-10,1.6316150445650808e-11,1.0,1.0,0.99,power
1825,2.532855695116292e-10,1.615422341335167e-11,1.0,1.0,0.99,power
1826,2.507527162199146e-10,1.5991525645445034e-11,1.0,1.0,0.99,power
1827,2.482451951211633e-10,1.5832720658004863e-11,1.0,1.0,0.99,power
1828,2.457627498103214e-10,1.567312704900948e-11,1.0,1.0,0.99,power
1829,2.433051245211977e-10,1.5517612705160053e-11,1.0,1.0,0.99,power
1830,2.4087207669906093e-10,1.5361176725936542e-11,1.0,1.0,0.99,power
1831,2.3846335925889994e-10,1.5208821010510832e-11,1.0,1.0,0.99,power
1832,2.360787015453211e-10,1.505534251416178e-11,1.0,1.0,0.99,power
1833,2.3371791752739707e-10,1.490598509335199e-11,1.0,1.0,0.99,power
1834,2.313807495236381e-10,1.4755595971165854e-11,1.0,1.0,0.99,power
1835,2.2906693603265575e-10,1.460936443036846e-11,1.0,1.0,0.99,power
1836,2.2677627033033217e-10,1.446193273345854e-11,1.0,1.0,0.99,power
1837,2.245085160174501e-10,1.4318736258883132e-11,1.0,1.0,0.99,power
1838,2.2226341883624265e-10,1.417419866221926e-11,1.0,1.0,0.99,power
1839,2.2004078666819776e-10,1.4033707746190897e-11,1.0,1.0,0.99,power
1840,2.1784038618962965e-10,1.3891960750393731e-11,1.0,1.0,0.99,power
1841,2.1566198605396454e-10,1.3754317567816124e-11,1.0,1.0,0.99,power
1842,2.1350536565818275e-10,1.3615509811921314e-11,1.0,0.9998989030983618,0.99,power
1843,2.1137030210540025e-10,1.3480557828988228e-11,1.0,0.9998989030983618,0.99,power
1844,2.0925659433547023e-10,1.3344465678086491e-11,1.0,1.0,0.99,power
1845,2.0716403624704523e-10,1.3212396931143114e-11,1.0,1.0,0.99,power
1846,2.0509239258881626e-10,1.3078839194510878e-11,1.0,0.9998989030983618,0.99,power
1847,2.0304147066128562e-10,1.2949251586852751e-11,1.0,0.9998989030983618,0.99,power
1848,2.0101105107348588e-10,1.281849378073162e-11,1.0,1.0,0.99,power
1849,1.9900093903969197e-10,1.2691621898980519e-11,1.0,0.9998989030983618,0.99,power
1850,1.9701094492919016e-10,1.256337183999061e-11,1.0,1.0,0.99,power
1851,1.9504083114184772e-10,1.2439030739161183e-11,1.0,1.0,0.99,power
1852,1.930904239168136e-10,1.2313254201877472e-11,1.0,0.9998989030983618,0.99,power
1853,1.9115951877593867e-10,1.2191369286954429e-11,1.0,1.0,0.99,power
1854,1.8924791884661196e-10,1.2068139466670262e-11,1.0,1.0,0.99,power
1855,1.873554472246997e-10,1.1948835678189695e-11,1.0,1.0,0.99,power
1856,1.8548189187782087e-10,1.18279259529341e-11,1.0,0.9998989030983618,0.99,power
1857,1.8362707448542422e-10,1.1710912605917412e-11,1.0,1.0,0.99,power
1858,1.817907854420638e-10,1.159261058445708e-11,1.0,1.0,0.99,power
1859,1.7997288448209147e-10,1.1477763193648387e-11,1.0,1.0,0.99,power
1860,1.7817316164249194e-10,1.1361762544612118e-11,1.0,1.0,0.99,power
1861,1.7639142938992954e-10,1.1249293960073704e-11,1.0,1.0,0.99,power
1862,1.746275020268921e-10,1.113573675418016e-11,1.0,1.0,0.99,power
1863,1.7288122672693573e-10,1.1025560962257328e-11,1.0,1.0,0.99,power
1864,1.7115242763075534e-10,1.0913977321319788e-11,1.0,1.0,0.99,power
1865,1.6944090275907338e-10,1.0806041226599274e-11,1.0,1.0,0.99,power
1866,1.6774648210445119e-10,1.0696866968550858e-11,1.0,1.0,0.99,power
1867,1.6606901964764554e-10,1.0591053966147802e-11,1.0,1.0,0.99,power
1868,1.6440833933933617e-10,1.0483865444283567e-11,1.0,1.0,0.99,power
1869,1.6276425701540028e-10,1.0380201823347794e-11,1.0,1.0,0.99,power
1870,1.6113660660263832e-10,1.0275191769215219e-11,1.0,1.0,0.99,power
1871,1.5952524662247032e-10,1.0173635070949698e-11,1.0,1.0,0.99,power
1872,1.5793000480209465e-10,1.0070630659969631e-11,1.0,0.9998989030983618,0.99,power
1873,1.5635070776044816e-10,9.97122338086436e-12,1.0,1.0,0.99,power
1874,1.5478718445387785e-10,9.870285940551522e-12,1.0,1.0,0.99,power
1875,1.5323931877480996e-10,9.772707007897404e-12,1.0,1.0,0.99,power
1876,1.5170691440918216e-10,9.673799842878697e-12,1.0,0.9998989030983618,0.99,power
1877,1.5018984952922246e-10,9.578313620740769e-12,1.0,1.0,0.99,power
1878,1.4868795648188869e-10,9.48117387488156e-12,1.0,0.9998989030983618,0.99,power
1879,1.472010768333829e-10,9.387642997597424e-12,1.0,1.0,0.99,power
1880,1.4572906562026406e-10,9.29244195175932e-12,1.0,1.0,0.99,power
1881,1.4427177691341916e-10,9.200772001413378e-12,1.0,0.9998989030983618,0.99,power
1882,1.4282906897058668e-10,9.107542006325732e-12,1.0,1.0,0.99,power
1883,1.4140077802665824e-10,9.017764050180666e-12,1.0,1.0,0.99,power
1884,1.3998675327337247e-10,8.926198460858332e-12,1.0,1.0,0.99,power
1885,1.385868935370945e-10,8.838223417941387e-12,1.0,1.0,0.99,power
1886,1.3720103172401871e-10,8.74847825870028e-12,1.0,1.0,0.99,power
1887,1.358290208466202e-10,8.662317142980869e-12,1.0,0.9998989030983618,0.99,power
1888,1.3447072308239966e-10,8.57427824712047e-12,1.0,0.9998989030983618,0.99,power
1889,1.3312602438885884e-10,8.489904746790636e-12,1.0,1.0,0.99,power
1890,1.317947621835938e-10,8.403762174528264e-12,1.0,0.9998989030983618,0.99,power
1891,1.3047681125492062e-10,8.32097511375732e-12,1.0,1.0,0.99,power
1892,1.2917205327980857e-10,8.236398755389365e-12,1.0,1.0,0.99,power
1893,1.2788033550280636e-10,8.155322239538918e-12,1.0,1.0,0.99,power
1894,1.2660152255702634e-10,8.072579198011452e-12,1.0,1.0,0.99,power
1895,1.2533551083803339e-10,7.993122853959986e-12,1.0,0.9998989030983618,0.99,power
1896,1.2408216341932377e-10,7.911860676110797e-12,1.0,0.9998989030983618,0.99,power
1897,1.22841329630469e-10,7.8339959937881e-12,1.0,0.9998989030983618,0.99,power
1898,1.2161291755695865e-10,7.75426054327491e-12,1.0,0.9998989030983618,0.99,power
1899,1.2039679723579404e-10,7.678031834574341e-12,1.0,1.0,0.99,power
1900,1.1919281776733104e-10,7.6000101078963e-12,1.0,1.0,0.99,power
1901,1.1800088614425388e-10,7.525374424859302e-12,1.0,0.9998989030983618,0.99,power
1902,1.1682088364653669e-10,7.448818078097263e-12,1.0,1.0,0.99,power
1903,1.1565266105320984e-10,7.37551343343325e-12,1.0,1.0,0.99,power
1904,1.144961426585552e-10,7.300465280079291e-12,1.0,0.9998989030983618,0.99,power
1905,1.1335118795863554e-10,7.228581887667586e-12,1.0,1.0,0.99,power
1906,1.1221766705925857e-10,7.155136397518072e-12,1.0,1.0,0.99,power
1907,1.110954956704125e-10,7.084947691664268e-12,1.0,0.9998989030983618,0.99,power
1908,1.099845485258983e-10,7.0127629046011394e-12,1.0,1.0,0.99,power
1909,1.088846883885707e-10,6.943882640822387e-12,1.0,1.0,0.99,power
1910,1.0779584513216983e-10,6.873080230375661e-12,1.0,1.0,0.99,power
1911,1.06717895857569e-10,6.805628695185525e-12,1.0,1.0,0.99,power
1912,1.0565070730028252e-10,6.736304358925823e-12,1.0,1.0,0.99,power
1913,1.0459420556308031e-10,6.670415263039533e-12,1.0,1.0,0.99,power
1914,1.0354827245109955e-10,6.602301187360143e-12,1.0,1.0,0.99,power
1915,1.0251277980086993e-10,6.537412674977302e-12,1.0,0.9998989030983618,0.99,power
1916,1.0148765220887862e-10,6.470855590062324e-12,1.0,1.0,0.99,power
1917,1.0047277943753844e-10,6.4074388251656665e-12,1.0,1.0,0.99,power
1918,9.946803620103783e-11,6.3420875831306635e-12,1.0,0.9998989030983618,0.99,power
1919,9.847336525036779e-11,6.280147402913593e-12,1.0,1.0,0.99,power
1920,9.748863062361726e-11,6.216093699945544e-12,1.0,1.0,0.99,power
1921,9.651374164132086e-11,6.155075870845398e-12,1.0,1.0,0.99,power
1922,9.554860344417516e-11,6.092291558345401e-12,1.0,1.0,0.99,power
1923,9.45931165651627e-11,6.032430743216919e-12,1.0,1.0,0.99,power
1924,9.364717424753052e-11,5.971129025730544e-12,1.0,1.0,0.99,power
1925,9.2710716467508e-11,5.912828254920249e-12,1.0,1.0,0.99,power
1926,9.178360702436821e-11,5.8524735359390145e-12,1.0,1.0,0.99,power
1927,9.086577109667971e-11,5.795596519516354e-12,1.0,0.9998989030983618,0.99,power
1928,8.99571265660555e-11,5.7360506293318366e-12,1.0,1.0,0.99,power
1929,8.905753948635617e-11,5.679775236059413e-12,1.0,1.0,0.99,power
1930,8.816697564999075e-11,5.621486267382689e-12,1.0,1.0,0.99,power
1931,8.728530888692228e-11,5.566424154574792e-12,1.0,1.0,0.99,power
1932,8.64124431301365e-11,5.5097337680977735e-12,1.0,1.0,0.99,power
1933,8.554832882611587e-11,5.456118674496198e-12,1.0,1.0,0.99,power
1934,8.469284736779851e-11,5.400323577280471e-12,1.0,1.0,0.99,power
1935,8.384592187868345e-11,5.347404167296827e-12,1.0,1.0,0.99,power
1936,8.300746938071236e-11,5.292676607303865e-12,1.0,1.0,0.99,power
1937,8.217738482585907e-11,5.240843735186058e-12,1.0,1.0,0.99,power
1938,8.135562230825246e-11,5.186951622000182e-12,1.0,1.0,0.99,power
1939,8.054207479725323e-11,5.136377471758697e-12,1.0,1.0,0.99,power
1940,7.973664518219979e-11,5.0838342746349494e-12,1.0,0.9998989030983618,0.99,power
1941,7.893928724822739e-11,5.034556149389026e-12,1.0,1.0,0.99,power
1942,7.81498863847338e-11,4.982913023662833e-12,1.0,1.0,0.99,power
1943,7.736839093897572e-11,4.934692480037929e-12,1.0,1.0,0.99,power
1944,7.659469994770546e-11,4.883996472672037e-12,1.0,1.0,0.99,power
1945,7.582875321743946e-11,4.8367072064090135e-12,1.0,1.0,0.99,power
1946,7.507047223384505e-11,4.786938384177076e-12,1.0,0.9998989030983618,0.99,power
1947,7.431976346441935e-11,4.740176887414586e-12,1.0,0.9998989030983618,0.99,power
1948,7.357656253515064e-11,4.6917164238249545e-12,1.0,1.0,0.99,power
1949,7.284079417432434e-11,4.6459503519235065e-12,1.0,1.0,0.99,power
1950,7.21123753213999e-11,4.598309783404291e-12,1.0,1.0,0.99,power
1951,7.139125956169638e-11,4.554036290917331e-12,1.0,1.0,0.99,power
1952,7.067734852017088e-11,4.507183182247639e-12,1.0,1.0,0.99,power
1953,6.997057274686956e-11,4.463307415139854e-12,1.0,1.0,0.99,power
1954,6.92708753202665e-11,4.4173115258356406e-12,1.0,1.0,0.99,power
1955,6.857815587507045e-11,4.374182803670851e-12,1.0,1.0,0.99,power
1956,6.78923815833286e-11,4.328930734866961e-12,1.0,1.0,0.99,power
1957,6.721346241916111e-11,4.286791522096868e-12,1.0,1.0,0.99,power
1958,6.65413140839271e-11,4.242914219530108e-12,1.0,1.0,0.99,power
1959,6.587590851329236e-11,4.201879657366638e-12,1.0,1.0,0.99,power
1960,6.521713275655618e-11,4.158902556005231e-12,1.0,1.0,0.99,power
1961,6.45649679088164e-11,4.118825236363365e-12,1.0,1.0,0.99,power
1962,6.391932398191924e-11,4.076441061664926e-12,1.0,1.0,0.99,power
1963,6.328012688946282e-11,4.036845740615981e-12,1.0,1.0,0.99,power
1964,6.264731370303652e-11,3.995213289235264e-12,1.0,1.0,0.99,power
1965,6.202083884273232e-11,3.9567850963666485e-12,1.0,1.0,0.99,power
1966,6.140064206344258e-11,3.915729511692461e-12,1.0,1.0,0.99,power
1967,6.078663649668705e-11,3.877568579741561e-12,1.0,1.0,0.99,power
1968,6.017876888995007e-11,3.837704177501097e-12,1.0,1.0,0.99,power
1969,5.957698066788005e-11,3.800484642838215e-12,1.0,1.0,0.99,power
1970,5.898119859614204e-11,3.761415786012032e-12,1.0,1.0,0.99,power
1971,5.839138926119051e-11,3.725325695245414e-12,1.0,1.0,0.99,power
1972,5.7807476701598894e-11,3.686624100893732e-12,1.0,1.0,0.99,power
1973,5.722940672198818e-11,3.65113524067758e-12,1.0,1.0,0.99,power
1974,5.6657111142752246e-11,3.6134002743960742e-12,1.0,1.0,0.99,power
1975,5.6090541329397795e-11,3.578643499674037e-12,1.0,1.0,0.99,power
1976,5.5529644843378084e-11,3.5415284276787154e-12,1.0,1.0,0.99,power
1977,5.497433690892442e-11,3.5070391131388943e-12,1.0,1.0,0.99,power
1978,5.4424600324257085e-11,3.4705039732623388e-12,1.0,1.0,0.99,power
1979,5.388034482790239e-11,3.4369777832526655e-12,1.0,1.0,0.99,power
1980,5.334154880707019e-11,3.4009571106477233e-12,1.0,1.0,0.99,power
1981,5.280814116565048e-11,3.368293767266913e-12,1.0,1.0,0.99,power
1982,5.2280045244224054e-11,3.33369293194574e-12,1.0,1.0,0.99,power
1983,5.1757245734540814e-11,3.3018580861019577e-12,1.0,1.0,0.99,power
1984,5.123966655913036e-11,3.2675305523139633e-12,1.0,1.0,0.99,power
1985,5.072727693656766e-11,3.2363856272994555e-12,1.0,1.0,0.99,power
1986,5.022000193995111e-11,3.202866354584346e-12,1.0,1.0,0.99,power
1987,4.9717805730217755e-11,3.172153067607122e-12,1.0,1.0,0.99,power
1988,4.922062141839303e-11,3.1392169863935594e-12,1.0,0.9998989030983618,0.99,power
1989,4.8728414009245415e-11,3.1092962852974983e-12,1.0,1.0,0.99,power
1990,4.824114634182397e-11,3.0768027457645913e-12,1.0,0.9998989030983618,0.99,power
1991,4.7758728087775276e-11,3.0469689019680405e-12,1.0,0.9998989030983618,0.99,power
1992,4.7281144821741323e-11,3.0152013897378506e-12,1.0,1.0,0.99,power
1993,4.6808335686746566e-11,2.98614358122219e-12,1.0,1.0,0.99,power
1994,4.634025064840487e-11,2.9552010985643836e-12,1.0,1.0,0.99,power
1995,4.58768501893744e-11,2.926888927011202e-12,1.0,1.0,0.99,power
1996,4.5418069476603723e-11,2.896528337776951e-12,1.0,1.0,0.99,power
1997,4.4963889668972435e-11,2.869053746706849e-12,1.0,1.0,0.99,power
1998,4.451424683341894e-11,2.8390520487204813e-12,1.0,1.0,0.99,power
1999,4.4069110745678034e-11,2.812147749263656e-12,1.0,1.0,0.99,power
2000,4.362842084858578e-11,2.78279643684375e-12,1.0,1.0,0.99,power
2001,4.3192143313573266e-11,2.7563302836018584e-12,1.0,0.9998989030983618,0.99,power
2002,4.2760219525784315e-11,2.7276655314080087e-12,1.0,0.9998989030983618,0.99,power
2003,4.2332612711254035e-11,2.701684313210508e-12,1.0,1.0,0.99,power
2004,4.190929344983712e-11,2.673339741588303e-12,1.0,0.9998989030983618,0.99,power
2005,4.149019032121995e-11,2.647678836523103e-12,1.0,1.0,0.99,power
2006,4.1075300817410637e-11,2.6198140609963975e-12,1.0,1.0,0.99,power
2007,4.066453892009522e-11,2.594721004277938e-12,1.0,1.0,0.99,power
2008,4.025789909703737e-11,2.5673578363686407e-12,1.0,1.0,0.99,power
2009,3.9855326819360895e-11,2.5428845949505434e-12,1.0,0.9998989030983618,0.99,power
2010,3.9456773377608005e-11,2.516501871489341e-12,1.0,1.0,0.99,power
2011,3.906220618893321e-11,2.4925052032063794e-12,1.0,1.0,0.99,power
2012,3.8671571364538156e-11,2.466549173227631e-12,1.0,1.0,0.99,power
2013,3.8284861682063106e-11,2.443398082265804e-12,1.0,0.9998989030983618,0.99,power
2014,3.790200982348429e-11,2.4176823580752905e-12,1.0,1.0,0.99,power
2015,3.752299695544799e-11,2.3949626368530608e-12,1.0,1.0,0.99,power
2016,3.7147763214356466e-11,2.369894531607645e-12,1.0,1.0,0.99,power
2017,3.6776283440734414e-11,2.3474358483638254e-12,1.0,1.0,0.99,power
2018,3.6408518271449197e-11,2.3227310948417934e-12,1.0,0.9998989030983618,0.99,power
2019,3.6044433292885163e-11,2.3007615504668817e-12,1.0,1.0,0.99,power
2020,3.5683981184724e-11,2.2764793295897086e-12,1.0,1.0,0.99,power
2021,3.5327139802891176e-11,2.2552472567796645e-12,1.0,1.0,0.99,power
2022,3.497387950627549e-11,2.2311783355275107e-12,1.0,1.0,0.99,power
2023,3.462412919116525e-11,2.2099289375055635e-12,1.0,1.0,0.99,power
2024,3.427789751763276e-11,2.1864283363975018e-12,1.0,1.0,0.99,power
2025,3.393510971187289e-11,2.1656994007346103e-12,1.0,1.0,0.99,power
2026,3.3595759435830615e-11,2.1426809652967183e-12,1.0,0.9998989030983618,0.99,power
2027,3.3259808144182566e-11,2.122476587820699e-12,1.0,0.9998989030983618,0.99,power
2028,3.292721285659804e-11,2.1002558382493455e-12,1.0,1.0,0.99,power
2029,3.259794795316104e-11,2.0804496681142476e-12,1.0,1.0,0.99,power
2030,3.2271962716943077e-11,2.0585695295492263e-12,1.0,1.0,0.99,power
2031,3.194924683797597e-11,2.0393739035153664e-12,1.0,1.0,0.99,power
2032,3.16297531757362e-11,2.017806853103364e-12,1.0,0.9998989030983618,0.99,power
2033,3.1313455037605024e-11,1.9990534655123644e-12,1.0,1.0,0.99,power
2034,3.100032028754768e-11,1.977738853576775e-12,1.0,1.0,0.99,power
2035,3.069032404142769e-11,1.959414501726087e-12,1.0,1.0,0.99,power
2036,3.038341595554585e-11,1.938613742751466e-12,1.0,1.0,0.99,power
2037,3.007958221946657e-11,1.9205984425182867e-12,1.0,1.0,0.99,power
2038,2.977878732943454e-11,1.900130950350829e-12,1.0,0.9998989030983618,0.99,power
2039,2.948100384974479e-11,1.88239972315706e-12,1.0,0.9998989030983618,0.99,power
2040,2.91861883018884e-11,1.862536702499883e-12,1.0,1.0,0.99,power
2041,2.8894326864638908e-11,1.8452758081377693e-12,1.0,1.0,0.99,power
2042,2.8605378962569777e-11,1.8255188038183366e-12,1.0,1.0,0.99,power
2043,2.8319329233052922e-11,1.8088027813989942e-12,1.0,0.9998989030983618,0.99,power
2044,2.8036143459618653e-11,1.7893884385409008e-12,1.0,1.0,0.99,power
2045,2.7755770198650675e-11,1.7725478309157862e-12,1.0,0.9998989030983618,0.99,power
2046,2.7478219063468723e-11,1.753396742721326e-12,1.0,1.0,0.99,power
2047,2.7203430964626804e-11,1.7369684635351547e-12,1.0,1.0,0.99,power
2048,2.6931401480070142e-11,1.718312077522e-12,1.0,1.0,0.99,power
2049,2.6662074606154366e-11,1.702197899116736e-12,1.0,1.0,0.99,power
2050,2.6395458234015886e-11,1.6836208307510699e-12,1.0,1.0,0.99,power
2051,2.6131515366059762e-11,1.6680003264408718e-12,1.0,1.0,0.99,power
2052,2.58701914553748e-11,1.6503465193290316e-12,1.0,0.9998989030983618,0.99,power
2053,2.5611497577863918e-11,1.6351948583430507e-12,1.0,1.0,0.99,power
2054,2.5355375731392224e-11,1.6177527179884657e-12,1.0,1.0,0.99,power
2055,2.510182412219224e-11,1.603017647075944e-12,1.0,1.0,0.99,power
2056,2.4850799519487234e-11,1.5857765800610595e-12,1.0,1.0,0.99,power
2057,2.4602292980757427e-11,1.571334455705104e-12,1.0,0.9998989030983618,0.99,power
2058,2.4356266575945068e-11,1.554380686172302e-12,1.0,1.0,0.99,power
2059,2.4112711640539333e-11,1.5402938696913466e-12,1.0,1.0,0.99,power
2060,2.3871584181449545e-11,1.5237243064683645e-12,1.0,1.0,0.99,power
2061,2.3632869723281873e-11,1.5097407064577461e-12,1.0,1.0,0.99,power
2062,2.3396538483883126e-11,1.4935051573367449e-12,1.0,1.0,0.99,power
2063,2.3162573499363426e-11,1.479837368901829e-12,1.0,0.9998989030983618,0.99,power
2064,2.2930945877052826e-11,1.4638448786378995e-12,1.0,0.9998989030983618,0.99,power
2065,2.2701639230977063e-11,1.4504604159475766e-12,1.0,1.0,0.99,power
2066,2.247461677066581e-11,1.4349035725161118e-12,1.0,1.0,0.99,power
2067,2.2249871512173566e-11,1.4218338695983293e-12,1.0,1.0,0.99,power
2068,2.2027377154045308e-11,1.406312532517464e-12,1.0,1.0,0.99,power
2069,2.1807106417030654e-11,1.3936101752951696e-12,1.0,0.9998989030983618,0.99,power
2070,2.1589034177677004e-11,1.378347496241891e-12,1.0,1.0,0.99,power
2071,2.137314045651378e-11,1.3660576815461173e-12,1.0,0.9998989030983618,0.99,power
2072,2.115942024861696e-11,1.3509542288050547e-12,1.0,1.0,0.99,power
2073,2.094781509328406e-11,1.3383978790988015e-12,1.0,1.0,0.99,power
2074,2.073834866993713e-11,1.3236162937954978e-12,1.0,0.9998989030983618,0.99,power
2075,2.0530958123821948e-11,1.3114228485792322e-12,1.0,1.0,0.99,power
2076,2.032565705770639e-11,1.296999736089536e-12,1.0,1.0,0.99,power
2077,2.0122393035351592e-11,1.2851577026084713e-12,1.0,1.0,0.99,power
2078,1.9921171844932685e-11,1.2708930530425474e-12,1.0,1.0,0.99,power
2079,1.9721949545711518e-11,1.2594138395599338e-12,1.0,1.0,0.99,power
2080,1.9524735039801906e-11,1.2453480318254108e-12,1.0,1.0,0.99,power
2081,1.932949564005354e-11,1.234235242678197e-12,1.0,1.0,0.99,power
2082,1.9136194182720014e-11,1.2209189307765025e-12,1.0,0.9998989030983618,0.99,power
2083,1.8944832714279085e-11,1.2099061135399213e-12,1.0,1.0,0.99,power
2084,1.8755376609687676e-11,1.1967498055266885e-12,1.0,1.0,0.99,power
2085,1.8567828993396308e-11,1.1861162801147672e-12,1.0,1.0,0.99,power
2086,1.8382145268437576e-11,1.1731380249915526e-12,1.0,0.9998989030983618,0.99,power
2087,1.8198325588076988e-11,1.1627201831788806e-12,1.0,1.0,0.99,power
2088,1.801633686822057e-11,1.14990217186621e-12,1.0,1.0,0.99,power
2089,1.7836176887610763e-11,1.1399153819440221e-12,1.0,1.0,0.99,power
2090,1.7657806804632138e-11,1.1273214055519443e-12,1.0,1.0,0.99,power
2091,1.748123324024447e-11,1.1175666675054368e-12,1.0,1.0,0.99,power
2092,1.73064182656844e-11,1.1051865002286961e-12,1.0,1.0,0.99,power
2093,1.7133362876737913e-11,1.095518695502906e-12,1.0,1.0,0.99,power
2094,1.6962030495234178e-11,1.083467420319914e-12,1.0,0.9998989030983618,0.99,power
2095,1.679241662098805e-11,1.073985961995487e-12,1.0,0.9998989030983618,0.99,power
2096,1.6624495701698512e-11,1.0620248011654457e-12,1.0,1.0,0.99,power
2097,1.6458251268545203e-11,1.0526256198098666e-12,1.0,0.9998989030983618,0.99,power
2098,1.6293663010092312e-11,1.040946773155321e-12,1.0,0.9998989030983618,0.99,power
2099,1.6130729856814537e-11,1.0318923744433395e-12,1.0,0.9998989030983618,0.99,power
2100,1.5969418348104777e-11,1.0204882999829273e-12,1.0,0.9998989030983618,0.99,power
2101,1.580972525853632e-11,1.0116010176950655e-12,1.0,1.0,0.99,power
2102,1.5651622717918753e-11,1.0002599917085657e-12,1.0,1.0,0.99,power
2103,1.5495103679919824e-11,9.915089464116985e-13,1.0,1.0,0.99,power
2104,1.5340151372431106e-11,9.803276725331168e-13,1.0,1.0,0.99,power
2105,1.5186751360571056e-11,9.718536315739571e-13,1.0,0.9998989030983618,0.99,power
2106,1.5034881278827277e-11,9.607234181119854e-13,1.0,1.0,0.99,power
2107,1.4884536243789115e-11,9.52625445805363e-13,1.0,1.0,0.99,power
2108,1.4735686692417274e-11,9.417693942502861e-13,1.0,1.0,0.99,power
2109,1.4588333278595802e-11,9.338964233288494e-13,1.0,0.9998989030983618,0.99,power
2110,1.4442441293359841e-11,9.23208755994456e-13,1.0,0.9998989030983618,0.99,power
2111,1.4298021504616243e-11,9.155468847417165e-13,1.0,1.0,0.99,power
2112,1.4155049508128408e-11,9.050553188753814e-13,1.0,0.9998989030983618,0.99,power
2113,1.4013483822841803e-11,8.969249913924816e-13,1.0,0.9998989030983618,0.99,power
2114,1.3873357389476249e-11,8.86570057658011e-13,1.0,1.0,0.99,power
2115,1.3734618217383678e-11,8.787407311679728e-13,1.0,1.0,0.99,power
2116,1.3597276534252223e-11,8.686790163111609e-13,1.0,1.0,0.99,power
2117,1.3461297314093063e-11,8.611389369612917e-13,1.0,1.0,0.99,power
2118,1.3326692954290773e-11,8.511551169483752e-13,1.0,1.0,0.99,power
2119,1.3193422065470797e-11,8.437740697284188e-13,1.0,1.0,0.99,power
2120,1.3061493698880911e-11,8.33885005809004e-13,1.0,1.0,0.99,power
2121,1.2930871194319338e-11,8.2681555829342e-13,1.0,1.0,0.99,power
2122,1.2801565003103216e-11,8.171069945539663e-13,1.0,1.0,0.99,power
2123,1.2673543141264648e-11,8.10282608069583e-13,1.0,1.0,0.99,power
2124,1.2546811760335474e-11,8.007896874835554e-13,1.0,1.0,0.99,power
2125,1.242135571221656e-11,7.940626240260205e-13,1.0,1.0,0.99,power
2126,1.2297133127919068e-11,7.851486352128482e-13,1.0,1.0,0.99,power
2127,1.2174168864468511e-11,7.786436737467205e-13,1.0,0.9998989030983618,0.99,power
2128,1.205242625769141e-11,7.698151285350695e-13,1.0,1.0,0.99,power
2129,1.1931909693587371e-11,7.634800892896993e-13,1.0,1.0,0.99,power
2130,1.181258342762371e-11,7.548101594677511e-13,1.0,0.9998989030983618,0.99,power
2131,1.1694460866870628e-11,7.486029817515931e-13,1.0,1.0,0.99,power
2132,1.1577513919781806e-11,7.399766410921436e-13,1.0,1.0,0.99,power
2133,1.1461743282800404e-11,7.340736936819586e-13,1.0,1.0,0.99,power
2134,1.1347123968219894e-11,7.255313418449435e-13,1.0,1.0,0.99,power
2135,1.1233657020035554e-11,7.196660556371757e-13,1.0,1.0,0.99,power
2136,1.1121315317660696e-11,7.112883922043371e-13,1.0,0.9998989030983618,0.99,power
2137,1.1010110861502528e-11,7.056608200757438e-13,1.0,0.9998989030983618,0.99,power
2138,1.090000223371637e-11,6.973681068477347e-13,1.0,1.0,0.99,power
2139,1.0791001725267116e-11,6.91825714681658e-13,1.0,1.0,0.99,power
2140,1.0683083063090711e-11,6.837305056082678e-13,1.0,1.0,0.99,power
2141,1.0576258243354325e-11,6.783659829495762e-13,1.0,1.0,0.99,power
2142,1.0470494993961307e-11,6.704192233882142e-13,1.0,0.9998989030983618,0.99,power
2143,1.0365785905765676e-11,6.650094052191517e-13,1.0,1.0,0.99,power
2144,1.0262122375993804e-11,6.571707768250449e-13,1.0,1.0,0.99,power
2145,1.0159503289171428e-11,6.519483666013866e-13,1.0,0.9998989030983618,0.99,power
2146,1.0057909076701234e-11,6.441993170236497e-13,1.0,0.9998989030983618,0.99,power
2147,9.957335250977847e-12,6.390431047541598e-13,1.0,1.0,0.99,power
2148,9.857766009610808e-12,6.314714067231608e-13,1.0,0.9998989030983618,0.99,power
2149,9.759182320908627e-12,6.263430218153289e-13,1.0,1.0,0.99,power
2150,9.661590598874856e-12,6.188127966350097e-13,1.0,0.9998989030983618,0.99,power
2151,9.564973847074544e-12,6.139393233280387e-13,1.0,0.9998989030983618,0.99,power
2152,9.469318187586768e-12,6.066406422271481e-13,1.0,0.9998989030983618,0.99,power
2153,9.374628460378959e-12,6.018740858657024e-13,1.0,0.9998989030983618,0.99,power
2154,9.280878158480093e-12,5.946918823829711e-13,1.0,1.0,0.99,power
2155,9.188072502234544e-12,5.900973012383889e-13,1.0,0.9998989030983618,0.99,power
2156,9.096191518552729e-12,5.829874608391327e-13,1.0,0.9998989030983618,0.99,power
2157,9.005225888022254e-12,5.78372022990532e-13,1.0,0.9998989030983618,0.99,power
2158,8.915172216303124e-12,5.712951806655602e-13,1.0,1.0,0.99,power
2159,8.826013204919213e-12,5.668545200188124e-13,1.0,1.0,0.99,power
2160,8.73775451922614e-12,5.598141879902408e-13,1.0,1.0,0.99,power
2161,8.650376158909221e-12,5.555363586279326e-13,1.0,1.0,0.99,power
2162,8.563873854816294e-12,5.486441519095286e-13,1.0,1.0,0.99,power
2163,8.478240630816053e-12,5.446006501886718e-13,1.0,1.0,0.99,power
2164,8.393458112141127e-12,5.377311221421558e-13,1.0,0.9998989030983618,0.99,power
2165,8.309517474653673e-12,5.337687687187448e-13,1.0,1.0,0.99,power
2166,8.226425090963748e-12,5.269538842499639e-13,1.0,1.0,0.99,power
2167,8.144163017835077e-12,5.231346980293637e-13,1.0,1.0,0.99,power
2168,8.062718933142146e-12,5.16559872015197e-13,1.0,0.9998989030983618,0.99,power
2169,7.982089212322862e-12,5.128590719897445e-13,1.0,0.9998989030983618,0.99,power
2170,7.902273127499208e-12,5.062733325913272e-13,1.0,1.0,0.99,power
2171,7.823258907758887e-12,5.02703169822055e-13,1.0,1.0,0.99,power
2172,7.74502173525447e-12,4.963542830703049e-13,1.0,1.0,0.99,power
2173,7.667572628093652e-12,4.928952840579974e-13,1.0,0.9998989030983618,0.99,power
2174,7.590895934212946e-12,4.865734758907798e-13,1.0,0.9998989030983618,0.99,power
2175,7.514985632011055e-12,4.831872149857849e-13,1.0,0.9998989030983618,0.99,power
2176,7.439845774432403e-12,4.770220553977666e-13,1.0,1.0,0.99,power
2177,7.365430426399493e-12,4.732435854156662e-13,1.0,1.0,0.99,power
2178,7.291783289531994e-12,4.671329169394524e-13,1.0,1.0,0.99,power
2179,7.218852137011713e-12,4.634793250247657e-13,1.0,1.0,0.99,power
2180,7.146670439448113e-12,4.574702924554095e-13,1.0,1.0,0.99,power
2181,7.075189644006708e-12,4.5390769940782867e-13,1.0,1.0,0.99,power
2182,7.004443257081102e-12,4.480390930426659e-13,1.0,1.0,0.99,power
2183,6.934393236984475e-12,4.447168938747465e-13,1.0,1.0,0.99,power
2184,6.8650545742764096e-12,4.389004397516627e-13,1.0,1.0,0.99,power
2185,6.796394335625663e-12,4.357032797991752e-13,1.0,1.0,0.99,power
2186,6.728434716235603e-12,4.3004852426572224e-13,1.0,1.0,0.99,power
2187,6.661151361773624e-12,4.269106953712999e-13,1.0,1.0,0.99,power
2188,6.594546904668027e-12,4.2134556884091887e-13,1.0,1.0,0.99,power
2189,6.528597830877712e-12,4.184045160762973e-13,1.0,1.0,0.99,power
2190,6.463320135015965e-12,4.128537251550321e-13,1.0,1.0,0.99,power
2191,6.398682830407556e-12,4.1004287554220536e-13,1.0,1.0,0.99,power
2192,6.3347014488080235e-12,4.0460916172666787e-13,1.0,1.0,0.99,power
2193,6.2713472872025155e-12,4.0176335506410797e-13,1.0,1.0,0.99,power
2194,6.208643850945907e-12,3.965169553850757e-13,1.0,1.0,0.99,power
2195,6.146545926976298e-12,3.9381438453499535e-13,1.0,1.0,0.99,power
2196,6.085089453172623e-12,3.885947072631413e-13,1.0,1.0,0.99,power
2197,6.024235169431349e-12,3.859451532640208e-13,1.0,1.0,0.99,power
2198,5.9639980421752096e-12,3.8092082233035255e-13,1.0,1.0,0.99,power
2199,5.904353826675122e-12,3.783897568056081e-13,1.0,1.0,0.99,power
2200,5.8453115386324785e-12,3.7338100937234523e-13,1.0,1.0,0.99,power
2201,5.786852767490732e-12,3.7088025343931063e-13,1.0,0.9998989030983618,0.99,power
2202,5.72898800172334e-12,3.659595635512443e-13,1.0,1.0,0.99,power
2203,5.671712440824514e-12,3.6352308492517034e-13,1.0,1.0,0.99,power
2204,5.614984763769918e-12,3.5876927640958087e-13,1.0,1.0,0.99,power
2205,5.5588422496750936e-12,3.564025924513277e-13,1.0,0.9998989030983618,0.99,power
2206,5.503248410046888e-12,3.5178994176463993e-13,1.0,1.0,0.99,power
2207,5.448218132482399e-12,3.494806773228482e-13,1.0,1.0,0.99,power
2208,5.3937327319596156e-12,3.448474837578489e-13,1.0,0.9998989030983618,0.99,power
2209,5.3397949439173304e-12,3.4262517847127936e-13,1.0,1.0,0.99,power
2210,5.2863933146584805e-12,3.380736903396469e-13,1.0,0.9998989030983618,0.99,power
2211,5.2335301563711316e-12,3.3594259546666186e-13,1.0,0.9998989030983618,0.99,power
2212,5.1811881534241055e-12,3.314889131706577e-13,1.0,1.0,0.99,power
2213,5.129377608041921e-12,3.2945275184457677e-13,1.0,1.0,0.99,power
2214,5.078081687761319e-12,3.2506480989319137e-13,1.0,1.0,0.99,power
2215,5.027302118200898e-12,3.2306286933345423e-13,1.0,0.9998989030983618,0.99,power
2216,4.97702745652445e-12,3.1867888196714133e-13,1.0,1.0,0.99,power
2217,4.927260826302224e-12,3.1680635364218454e-13,1.0,1.0,0.99,power
2218,4.877983173862672e-12,3.12489992115831e-13,1.0,1.0,0.99,power
2219,4.829204553403325e-12,3.106927167390071e-13,1.0,1.0,0.99,power
2220,4.780908298966953e-12,3.06417627316525e-13,1.0,1.0,0.99,power
2221,4.7331052540178225e-12,3.04709516768718e-13,1.0,0.9998989030983618,0.99,power
2222,4.685773732467083e-12,3.005375851595414e-13,1.0,1.0,0.99,power
2223,4.638921831007423e-12,2.988574768856959e-13,1.0,1.0,0.99,power
2224,4.59253253744667e-12,2.9466336063659775e-13,1.0,1.0,0.99,power
2225,4.5466131760652474e-12,2.930649209501859e-13,1.0,0.9998989030983618,0.99,power
2226,4.501147455174606e-12,2.8889510226469623e-13,1.0,1.0,0.99,power
2227,4.4561358853964725e-12,2.8738589135828875e-13,1.0,1.0,0.99,power
2228,4.41157376471783e-12,2.83169073567413e-13,1.0,1.0,0.99,power
2229,4.367461045096814e-12,2.817244069951028e-13,1.0,1.0,0.99,power
2230,4.323782759919273e-12,2.777155457454151e-13,1.0,1.0,0.99,power
2231,4.280549492306968e-12,2.763296626243696e-13,1.0,1.0,0.99,power
2232,4.2377331109288635e-12,2.723920118580741e-13,1.0,1.0,0.99,power
2233,4.195355371530963e-12,2.7109469661957587e-13,1.0,1.0,0.99,power
2234,4.153395337436968e-12,2.6714100368453405e-13,1.0,1.0,0.99,power
2235,4.111860576484561e-12,2.6591541773710817e-13,1.0,1.0,0.99,power
2236,4.0707348870188345e-12,2.620218927286834e-13,1.0,1.0,0.99,power
2237,4.030030107521446e-12,2.6084949812100447e-13,1.0,1.0,0.99,power
2238,3.989728323797214e-12,2.5702577455666406e-13,1.0,0.9998989030983618,0.99,power
2239,3.949828462438903e-12,2.5581532995844506e-13,1.0,1.0,0.99,power
2240,3.910325748047011e-12,2.5204550818273613e-13,1.0,1.0,0.99,power
2241,3.871219308800219e-12,2.5086703992530893e-13,1.0,0.9998989030983618,0.99,power
2242,3.832503359996159e-12,2.4716505214790615e-13,1.0,1.0,0.99,power
2243,3.7941766882950175e-12,2.4598812824330003e-13,1.0,0.9998989030983618,0.99,power
2244,3.756233297447835e-12,2.422674542838061e-13,1.0,1.0,0.99,power
2245,3.718667123374455e-12,2.4113559041441155e-13,1.0,1.0,0.99,power
2246,3.681479447375405e-12,2.3746722391578413e-13,1.0,1.0,0.99,power
2247,3.644663949053566e-12,2.3636189695335234e-13,1.0,1.0,0.99,power
2248,3.6082179252236758e-12,2.3274568100273795e-13,1.0,0.9998989030983618,0.99,power
2249,3.5721333234632325e-12,2.3169146316131053e-13,1.0,0.9998989030983618,0.99,power
2250,3.5364129225613176e-12,2.2805049055523027e-13,1.0,0.9998989030983618,0.99,power
2251,3.501050744103099e-12,2.2712259793700694e-13,1.0,0.9998989030983618,0.99,power
2252,3.4660372557226674e-12,2.2357533110357376e-13,1.0,1.0,0.99,power
2253,3.4313782837807347e-12,2.22591199309301e-13,1.0,0.9998989030983618,0.99,power
2254,3.397058728800407e-12,2.192271662429079e-13,1.0,0.9998989030983618,0.99,power
2255,3.36309498457605e-12,2.1842550270964915e-13,1.0,1.0,0.99,power
2256,3.329465927985521e-12,2.1506771524069262e-13,1.0,0.9998989030983618,0.99,power
2257,3.296173978872581e-12,2.142284889725967e-13,1.0,0.9998989030983618,0.99,power
2258,3.2632104383746724e-12,2.1092086110071067e-13,1.0,0.9998989030983618,0.99,power
2259,3.2305794097464803e-12,2.1016628052909975e-13,1.0,0.9998989030983618,0.99,power
2260,3.1982763043622463e-12,2.068790415872871e-13,1.0,0.9998989030983618,0.99,power
2261,3.1662950313315735e-12,2.061100030102995e-13,1.0,1.0,0.99,power
2262,3.1346330550512665e-12,2.028455246908125e-13,1.0,1.0,0.99,power
2263,3.1032855283328424e-12,2.0212795501207362e-13,1.0,0.9998989030983618,0.99,power
2264,3.0722554105040114e-12,1.9893758593448252e-13,1.0,1.0,0.99,power
2265,3.0415367362555574e-12,1.9823081994922763e-13,1.0,0.9998989030983618,0.99,power
2266,3.0111257227458955e-12,1.9502352800038333e-13,1.0,1.0,0.99,power
2267,2.9810194027945903e-12,1.9432504811493496e-13,1.0,1.0,0.99,power
2268,2.9512064839153267e-12,1.911689173796213e-13,1.0,0.9998989030983618,0.99,power
2269,2.9216954478765952e-12,1.9055551305987867e-13,1.0,0.9998989030983618,0.99,power
2270,2.892479186083141e-12,1.8745859966845697e-13,1.0,0.9998989030983618,0.99,power
2271,2.863556362739854e-12,1.868885187546258e-13,1.0,0.9998989030983618,0.99,power
2272,2.8349139291328673e-12,1.8379618738793228e-13,1.0,0.9998989030983618,0.99,power
2273,2.8065704175250464e-12,1.8324202222318002e-13,1.0,0.9998989030983618,0.99,power
2274,2.7784996594522738e-12,1.8026834704338614e-13,1.0,1.0,0.99,power
2275,2.7507137222557324e-12,1.7981478377002104e-13,1.0,0.9998989030983618,0.99,power
2276,2.7231973090821883e-12,1.768364852726428e-13,1.0,1.0,0.99,power
2277,2.6959726945964267e-12,1.7641145938630364e-13,1.0,0.9998989030983618,0.99,power
2278,2.6690091260905016e-12,1.7354269580153255e-13,1.0,1.0,0.99,power
2279,2.6423249275666183e-12,1.731748960963846e-13,1.0,0.9996968012462522,0.99,power
2280,2.6158991863171254e-12,1.702985229793736e-13,1.0,0.9998989030983618,0.99,power
2281,2.5897421186440216e-12,1.698879606041253e-13,1.0,0.9998989030983618,0.99,power
2282,2.56384216489826e-12,1.6701127239085792e-13,1.0,0.9998989030983618,0.99,power
2283,2.5382035075461335e-12,1.6670297124454043e-13,1.0,1.0,0.99,power
2284,2.5128152663630695e-12,1.6390343481551548e-13,1.0,1.0,0.99,power
2285,2.4876888688292113e-12,1.6358989138228744e-13,1.0,1.0,0.99,power
2286,2.462808466645204e-12,1.6078999051733693e-13,1.0,1.0,0.99,power
2287,2.4381830737315635e-12,1.6049631551243615e-13,1.0,0.9998989030983618,0.99,power
2288,2.4137992529839176e-12,1.577340900377048e-13,1.0,1.0,0.99,power
2289,2.389662214122573e-12,1.57470457385619e-13,1.0,0.9998989030983618,0.99,power
2290,2.3657633939869517e-12,1.5472260754231023e-13,1.0,1.0,0.99,power
2291,2.3421074089526135e-12,1.5450827856050174e-13,1.0,1.0,0.99,power
2292,2.318681031228692e-12,1.5175546002192436e-13,1.0,1.0,0.99,power
2293,2.2954934838715972e-12,1.5154623822527134e-13,1.0,1.0,0.99,power
2294,2.2725395419505775e-12,1.4876806121431906e-13,1.0,1.0,0.99,power
2295,2.2498082899041442e-12,1.4850624798900397e-13,1.0,0.9998989030983618,0.99,power
2296,2.2273078620643417e-12,1.45805574069209e-13,1.0,1.0,0.99,power
2297,2.2050341781867807e-12,1.456205846146275e-13,1.0,1.0,0.99,power
2298,2.182981429568978e-12,1.429513853803613e-13,1.0,1.0,0.99,power
2299,2.1611506303137298e-12,1.4278295923154688e-13,1.0,1.0,0.99,power
2300,2.139538422487914e-12,1.4011819146190249e-13,1.0,1.0,0.99,power
2301,2.1181439250560358e-12,1.3997680578113798e-13,1.0,1.0,0.99,power
2302,2.096964572834769e-12,1.373538276524958e-13,1.0,0.9998989030983618,0.99,power
2303,2.0759923115838293e-12,1.372420140095023e-13,1.0,0.9998989030983618,0.99,power
2304,2.0552282191714076e-12,1.3462349317998681e-13,1.0,0.9998989030983618,0.99,power
2305,2.0346800116372756e-12,1.3459007603615174e-13,1.0,1.0,0.99,power
2306,2.0143365403040022e-12,1.320062791105507e-13,1.0,1.0,0.99,power
2307,1.9941924979765396e-12,1.3202068015296168e-13,1.0,1.0,0.99,power
2308,1.9742481077695432e-12,1.2942153901376288e-13,1.0,0.9998989030983618,0.99,power
2309,1.954502291525131e-12,1.2942568079311672e-13,1.0,0.9998989030983618,0.99,power
2310,1.9349559472583807e-12,1.2680232022909885e-13,1.0,1.0,0.99,power
2311,1.915606325357382e-12,1.268368323747765e-13,1.0,1.0,0.99,power
2312,1.8964507220379426e-12,1.242547390441906e-13,1.0,1.0,0.99,power
2313,1.877487593774573e-12,1.2432380695774267e-13,1.0,1.0,0.99,power
2314,1.8587119779350527e-12,1.2174163633540036e-13,1.0,1.0,0.99,power
2315,1.8401235196142824e-12,1.2190913794775284e-13,1.0,0.9998989030983618,0.99,power
2316,1.8217221997865827e-12,1.193426643282308e-13,1.0,1.0,0.99,power
2317,1.803506320565179e-12,1.1951694792163372e-13,1.0,0.9998989030983618,0.99,power
2318,1.7854714432934136e-12,1.1698560308777493e-13,1.0,1.0,0.99,power
2319,1.767618525450114e-12,1.1719779225260042e-13,1.0,0.9998989030983618,0.99,power
2320,1.7499443228557863e-12,1.1467522903282228e-13,1.0,1.0,0.99,power
2321,1.7324453681169064e-12,1.1493175571375533e-13,1.0,1.0,0.99,power
2322,1.71511941997724e-12,1.1242831235693733e-13,1.0,0.9998989030983618,0.99,power
2323,1.6979693889346427e-12,1.1268970630094353e-13,1.0,0.9998989030983618,0.99,power
2324,1.6809881374978808e-12,1.1029799506019785e-13,1.0,0.9998989030983618,0.99,power
2325,1.6641763557445183e-12,1.1056404832068866e-13,1.0,1.0,0.99,power
2326,1.6475342773276919e-12,1.0816537404560007e-13,1.0,1.0,0.99,power
2327,1.6310609052001255e-12,1.0842872230637382e-13,1.0,1.0,0.99,power
2328,1.614747755035523e-12,1.0607791068676102e-13,1.0,1.0,0.99,power
2329,1.5985993139003702e-12,1.0637737960877925e-13,1.0,0.9998989030983618,0.99,power
2330,1.5826123201500611e-12,1.0400340947311381e-13,1.0,1.0,0.99,power
2331,1.566787428317912e-12,1.0431900463189834e-13,1.0,1.0,0.99,power
2332,1.551121356187691e-12,1.0196838782986341e-13,1.0,1.0,0.99,power
2333,1.5356089064314483e-12,1.0232842130167622e-13,1.0,1.0,0.99,power
2334,1.520255470119805e-12,9.994192333696264e-14,1.0,0.9998989030983618,0.99,power
2335,1.5050561166000562e-12,1.0033166521885098e-13,1.0,0.9998989030983618,0.99,power
2336,1.4900102819065465e-12,9.796771971811629e-14,1.0,1.0,0.99,power
2337,1.4751118610216225e-12,9.838517249463228e-14,1.0,1.0,0.99,power
2338,1.4603642420588416e-12,9.603515221555045e-14,1.0,0.9998989030983618,0.99,power
2339,1.4457638238952216e-12,9.649381060385152e-14,1.0,1.0,0.99,power
2340,1.4313064612279457e-12,9.41965033026597e-14,1.0,1.0,0.99,power
2341,1.4169941894948476e-12,9.464775227025466e-14,1.0,1.0,0.99,power
2342,1.4028297231379175e-12,9.23927485473058e-14,1.0,1.0,0.99,power
2343,1.3888078528660207e-12,9.286860085740319e-14,1.0,1.0,0.99,power
2344,1.3749206531034164e-12,9.070256185193738e-14,1.0,1.0,0.99,power
2345,1.3611747275300156e-12,9.12228596748431e-14,1.0,1.0,0.99,power
2346,1.347558882463513e-12,8.90483511869377e-14,1.0,1.0,0.99,power
2347,1.3340858168513348e-12,8.956277483635421e-14,1.0,1.0,0.99,power
2348,1.3207454946490012e-12,8.740502298948611e-14,1.0,1.0,0.99,power
2349,1.3075412773592221e-12,8.791908495583414e-14,1.0,1.0,0.99,power
2350,1.2944677707228447e-12,8.578957106984513e-14,1.0,1.0,0.99,power
2351,1.2815258137451212e-12,8.630122110987585e-14,1.0,0.9998989030983618,0.99,power
2352,1.2687142858095817e-12,8.417918779536052e-14,1.0,1.0,0.99,power
2353,1.2560310309584526e-12,8.472135622072257e-14,1.0,1.0,0.99,power
2354,1.243472507906629e-12,8.256195498894793e-14,1.0,1.0,0.99,power
2355,1.2310388033849274e-12,8.314868539414857e-14,1.0,1.0,0.99,power
2356,1.2187334060192038e-12,8.094081609009908e-14,1.0,1.0,0.99,power
2357,1.2065474416546755e-12,8.157470314881397e-14,1.0,0.9998989030983618,0.99,power
2358,1.1944835359462147e-12,7.938331668240158e-14,1.0,1.0,0.99,power
2359,1.1825369952496884e-12,8.002764596329022e-14,1.0,1.0,0.99,power
2360,1.1707144505237343e-12,7.784148103148118e-14,1.0,0.9998989030983618,0.99,power
2361,1.1590088887305015e-12,7.850635276716487e-14,1.0,1.0,0.99,power
2362,1.147418719942342e-12,7.631034361844284e-14,1.0,0.9998989030983618,0.99,power
2363,1.1359437474779455e-12,7.701480292122411e-14,1.0,0.9998989030983618,0.99,power
2364,1.1245846524020268e-12,7.485023817660301e-14,1.0,0.9998989030983618,0.99,power
2365,1.1133404430891797e-12,7.559076858920134e-14,1.0,1.0,0.99,power
2366,1.1022133794713215e-12,7.345865431206426e-14,1.0,1.0,0.99,power
2367,1.0911932368890057e-12,7.419971772014465e-14,1.0,1.0,0.99,power
2368,1.0802823876942114e-12,7.208175948113856e-14,1.0,0.9998989030983618,0.99,power
2369,1.0694831320750537e-12,7.285697928105875e-14,1.0,1.0,0.99,power
2370,1.058787371088491e-12,7.074726754306888e-14,1.0,1.0,0.99,power
2371,1.0482035355490313e-12,7.153841325646334e-14,1.0,1.0,0.99,power
2372,1.0377243944267931e-12,6.942537183195782e-14,1.0,0.9998989030983618,0.99,power
2373,1.0273476992635133e-12,7.019018434981333e-14,1.0,0.9998989030983618,0.99,power
2374,1.0170762222814208e-12,6.817839872613025e-14,1.0,1.0,0.99,power
2375,1.0069088063467772e-12,6.89239215509197e-14,1.0,1.0,0.99,power
2376,9.968346701225725e-13,6.692200131997329e-14,1.0,0.9998989030983618,0.99,power
1,0.3338722375064882,0.7650851309816108,0.12,-0.28196665338872134,0.99,static
2,0.1803201512656921,0.6337994278007587,0.4,-0.008100349972838714,0.99,static
3,0.20279535665683257,0.49757106221623215,0.69,0.314670113932412,0.99,static
4,0.12079118772397876,0.38646666726967605,0.85,0.607328244274809,0.99,static
5,0.11021633511211346,0.2925586560068694,0.87,0.6315040328957773,0.99,static
6,0.07025483322302856,0.20850439936329568,0.95,0.8383134738771769,0.99,static
7,0.07301340441159127,0.15233048045866185,0.95,0.7949399611728896,0.99,static
8,0.0471588586511198,0.10898156817765701,0.97,0.8986280487804876,0.99,static
9,0.04924811736301331,0.08758461390283205,0.94,0.8240266196428582,0.99,static
10,0.03314195975174043,0.07653461183117637,0.98,0.942776648770716,0.99,static
11,0.03753126043164696,0.0758691179569004,0.96,0.8818691588785046,0.99,static
12,0.025447684055224122,0.07027993444661121,0.99,0.9492566897918732,0.99,static
13,0.028142001026002332,0.06618698361896477,0.96,0.8845075686787518,0.99,static
14,0.020397201804195856,0.058644072011186876,0.99,0.9659068384539149,0.99,static
15,0.02244379865530762,0.051136469453501567,0.97,0.9103382604449828,0.99,static
16,0.015710452127342112,0.04260754868617783,0.99,0.9722497522299307,0.99,static
17,0.01763384160199876,0.034698734216320845,0.96,0.9256213791814615,0.99,static
18,0.01289825178467143,0.02667461906377736,0.99,0.9750247770069377,0.99,static
19,0.013615823341145427,0.021323441139381703,0.99,0.9468780971258673,0.99,static
20,0.010209366522868711,0.016763073537493556,0.99,0.9813676907829535,0.99,static
21,0.010769640555527753,0.0165570696196313,0.97,0.9596036585365852,0.99,static
22,0.008135907452876241,0.0149418535076133,0.99,0.9865213082259664,0.99,static
23,0.008288789827042635,0.013739111042398581,0.99,0.9698711595639247,0.99,static
24,0.0064910984283049625,0.012360045279871546,1.0,0.991102123356926,0.99,static
25,0.006401657769448551,0.01089597262954177,0.98,0.976680917217256,0.99,static
26,0.005084732910146467,0.009160175500506688,0.99,0.9896927651139743,0.99,static
27,0.004969971173935595,0.007607763774481581,1.0,0.9833181730570947,0.99,static
28,0.0039893513048390936,0.00620785963796892,1.0,0.9943377148634985,0.99,static
29,0.003785835749760636,0.005365280889209568,0.98,0.9878558290087224,0.99,static
30,0.0031280059896618244,0.004453330642322552,0.99,0.9956392467789892,0.99,static
31,0.0029756173262659963,0.004064407795574298,1.0,0.9901931099034738,0.99,static
32,0.002453401648350449,0.003457608869220272,1.0,0.9971688574317491,0.99,static
33,0.002279408383208893,0.003048781704384302,0.99,0.9939550142948747,0.99,static
34,0.0019376099625263608,0.0026295769738773423,0.99,0.9984142715559963,0.99,static
35,0.001773875725773986,0.002272864407226494,1.0,0.9962592306502788,0.99,static
36,0.0015056381997363834,0.0018890113794831154,1.0,0.9979777553083923,0.99,static
37,0.0013903502435201722,0.0016084966044198272,0.99,0.9959369784310559,0.99,static
38,0.0011817724096250147,0.0014023316611984809,0.99,0.9987117282217095,0.99,static
39,0.0010717551869495756,0.001278231007382127,1.0,0.9974724547996398,0.99,static
40,0.000921485889232445,0.0011079397400466599,1.0,0.9990900869987878,0.99,static
41,0.000841651278322723,0.0009393352061195722,0.99,0.9988107036669971,0.99,static
42,0.0007152564960372224,0.0007825882486938643,0.99,0.9992071357779981,0.99,static
43,0.0006510442010944187,0.0006972393512710414,1.0,0.9991911021233569,0.99,static
44,0.0005632120314939287,0.0005885663338318462,1.0,0.9995955510616784,0.99,static
45,0.0005065752390945036,0.0005205714423446664,0.99,0.9991081210489459,0.99,static
46,0.0004372155790299544,0.0004555048574522951,1.0,0.9995955510616784,0.99,static
47,0.0003961659177571956,0.0003981944730447238,1.0,0.9998989030983618,0.99,static
48,0.000342301435472733,0.00033760627640214385,1.0,1.0,0.99,static
49,0.0003060092661689171,0.00028619629761126913,1.0,0.9995955510616784,0.99,static
50,0.00026688466311766283,0.0002478289344745204,1.0,0.9995955510616784,0.99,static
51,0.000238842960876845,0.00021669413791480292,1.0,1.0,0.99,static
52,0.00020663495138718713,0.00019152237239890258,1.0,1.0,0.99,static
53,0.00018517378296951383,0.00017051474882636645,1.0,0.9995955510616784,0.99,static
54,0.0001609848692084951,0.00014648234315149693,1.0,0.9995955510616784,0.99,static
55,0.00014323363128594462,0.00012947312941169733,1.0,1.0,0.99,static
56,0.00012465374482679853,0.00010878385770331272,1.0,1.0,0.99,static
57,0.00011124451580597705,9.466897403179312e-05,1.0,0.9995955510616784,0.99,static
58,9.708160856286956e-05,7.943739967142468e-05,1.0,0.9995955510616784,0.99,static
59,8.569048960365441e-05,6.776054025665383e-05,1.0,1.0,0.99,static
60,7.518555135697178e-05,5.8660239399104026e-05,1.0,1.0,0.99,static
61,6.667100378727361e-05,5.183889302259554e-05,1.0,0.9995955510616784,0.99,static
62,5.8240150552679635e-05,4.5584497963907836e-05,1.0,0.9995955510616784,0.99,static
63,5.132429458452147e-05,3.988600009322719e-05,1.0,1.0,0.99,static
64,4.52533817000173e-05,3.5868148041499384e-05,1.0,1.0,0.99,static
65,3.971384087401041e-05,3.1657880552389934e-05,1.0,0.9995955510616784,0.99,static
66,3.484128034863876e-05,2.8254028897967164e-05,1.0,0.9995955510616784,0.99,static
67,3.081746892972752e-05,2.475261091062568e-05,1.0,0.9998989030983618,0.99,static
68,2.694788711559046e-05,2.123585287421756e-05,1.0,1.0,0.99,static
69,2.3756051425439764e-05,1.801659010500084e-05,1.0,0.9998989030983618,0.99,static
70,2.082355487042544e-05,1.5662783487803437e-05,1.0,0.9994944950485747,0.99,static
71,1.839738626107354e-05,1.351245335943205e-05,1.0,1.0,0.99,static
72,1.607500387102095e-05,1.1622685233812991e-05,1.0,1.0,0.99,static
73,1.4174976209812309e-05,9.93671631633328e-06,1.0,1.0,0.99,static
74,1.2417259816360471e-05,8.621062755302082e-06,1.0,0.9995955510616784,0.99,static
75,1.0944181441189126e-05,7.639487872537123e-06,1.0,0.9998989030983618,0.99,static
76,9.547004891282993e-06,6.684595396489753e-06,1.0,1.0,0.99,static
77,8.451306087181047e-06,5.868647126675211e-06,1.0,0.9998989030983618,0.99,static
78,7.363604958625537e-06,5.16244065674401e-06,1.0,1.0,0.99,static
79,6.493748810000857e-06,4.655318274397816e-06,1.0,0.9998989030983618,0.99,static
80,5.679130857203782e-06,4.159465912803847e-06,1.0,1.0,0.99,static
81,5.001783751409313e-06,3.651755453286935e-06,1.0,0.9998989030983618,0.99,static
82,4.370628750525151e-06,3.2095367058382102e-06,1.0,1.0,0.99,static
83,3.850885407448036e-06,2.694535825946406e-06,1.0,0.9998989030983618,0.99,static
84,3.3678577294390136e-06,2.206901215214917e-06,1.0,1.0,0.99,static
85,2.960492780910643e-06,1.7370932018720135e-06,1.0,1.0,0.99,static
86,2.5847095433139405e-06,1.3770195853597215e-06,1.0,1.0,0.99,static
87,2.280688523748174e-06,1.2099420209884608e-06,1.0,1.0,0.99,static
88,1.988770386040329e-06,1.1776595538293089e-06,1.0,1.0,0.99,static
89,1.7471937044903614e-06,1.141693577486717e-06,1.0,1.0,0.99,static
90,1.5292875266931842e-06,1.0642393296577602e-06,1.0,1.0,0.99,static
91,1.344270445019509e-06,9.46612533457232e-07,1.0,1.0,0.99,static
92,1.1738821312813703e-06,8.153420093733349e-07,1.0,1.0,0.99,static
93,1.0316588771464474e-06,6.80057083451701e-07,1.0,1.0,0.99,static
94,9.016302141544454e-07,5.458244821078927e-07,1.0,1.0,0.99,static
95,7.910924956642923e-07,4.316890399397445e-07,1.0,0.9998989030983618,0.99,static
96,6.918326154791052e-07,3.478353694191557e-07,1.0,1.0,0.99,static
97,6.079847520191139e-07,3.045239246653414e-07,1.0,1.0,0.99,static
98,5.313653215868688e-07,2.8054071951732867e-07,1.0,0.9998989030983618,0.99,static
99,4.6577789115366115e-07,2.638603926521487e-07,1.0,1.0,0.99,static
100,4.075325332213592e-07,2.379602561050066e-07,1.0,0.9998989030983618,0.99,static
101,3.580092767716936e-07,2.1266516144210888e-07,1.0,1.0,0.99,static
102,3.123852981051592e-07,1.8538832021389566e-07,1.0,0.9998989030983618,0.99,static
103,2.7413422230378397e-07,1.5891455560972316e-07,1.0,1.0,0.99,static
104,2.397659831602479e-07,1.3645459793884034e-07,1.0,0.9998989030983618,0.99,static
105,2.1011918485775285e-07,1.1447926732758003e-07,1.0,0.9998989030983618,0.99,static
106,1.8355081196179027e-07,9.590884330372442e-08,1.0,0.9998989030983618,0.99,static
107,1.6101286476803508e-07,8.18772110694398e-08,1.0,0.9998989030983618,0.99,static
108,1.4080659766611425e-07,7.107435346271025e-08,1.0,0.9998989030983618,0.99,static
109,1.232431750776323e-07,6.24479106638936e-08,1.0,0.9998989030983618,0.99,static
110,1.0783954808180216e-07,5.482028193679501e-08,1.0,0.9998989030983618,0.99,static
111,9.450378167602538e-08,4.811975434100201e-08,1.0,0.9998989030983618,0.99,static
112,8.25267131604782e-08,4.203265196738865e-08,1.0,0.9998989030983618,0.99,static
113,7.232067168305514e-08,3.659510291194872e-08,1.0,1.0,0.99,static
114,6.321107218603106e-08,3.123613417578815e-08,1.0,0.9998989030983618,0.99,static
115,5.528979938871291e-08,2.6786665257485432e-08,1.0,1.0,0.99,static
116,4.83604028628952e-08,2.3896040110688708e-08,1.0,0.9998989030983618,0.99,static
117,4.235407111509188e-08,2.093211658919878e-08,1.0,0.9998989030983618,0.99,static
118,3.702480808642643e-08,1.8246024087861217e-08,1.0,0.9998989030983618,0.99,static
119,3.236155995237473e-08,1.5708030622732932e-08,1.0,1.0,0.99,static
120,2.8330134216475482e-08,1.3300462142728997e-08,1.0,0.9998989030983618,0.99,static
121,2.4778803573917195e-08,1.1072346491258403e-08,1.0,1.0,0.99,static
122,2.1654783408875047e-08,9.419069820612188e-09,1.0,0.9998989030983618,0.99,static
123,1.8933962881539234e-08,7.969344718685156e-09,1.0,1.0,0.99,static
124,1.6568772253366783e-08,7.050823509614535e-09,1.0,0.9998989030983618,0.99,static
125,1.447191070785848e-08,6.29199579218134e-09,1.0,1.0,0.99,static
126,1.2654141308046994e-08,5.6892920170646625e-09,1.0,0.9998989030983618,0.99,static
127,1.1070221456841703e-08,5.066212788174324e-09,1.0,1.0,0.99,static
128,9.672912107495482e-09,4.462146239522525e-09,1.0,0.9998989030983618,0.99,static
129,8.44620028666118e-09,3.8275329293097e-09,1.0,1.0,0.99,static
130,7.395461299345024e-09,3.2812843558062605e-09,1.0,0.9998989030983618,0.99,static
131,6.456967582563699e-09,2.7245804375996716e-09,1.0,1.0,0.99,static
132,5.64423784022518e-09,2.2807699060808596e-09,1.0,0.9998989030983618,0.99,static
133,4.9324980274929316e-09,1.9569185760225746e-09,1.0,0.9998989030983618,0.99,static
134,4.313876164705566e-09,1.7415371100475045e-09,1.0,0.9998989030983618,0.99,static
135,3.7675810613949554e-09,1.5335413536681466e-09,1.0,0.9998989030983618,0.99,static
136,3.2919928206677015e-09,1.3659475259082847e-09,1.0,0.9998989030983618,0.99,static
137,2.8782974373578024e-09,1.1817055779171387e-09,1.0,0.9998989030983618,0.99,static
138,2.513332103306724e-09,1.0259386629921022e-09,1.0,0.9998989030983618,0.99,static
139,2.195595904119167e-09,9.063466818342118e-10,1.0,0.9998989030983618,0.99,static
140,1.918284058338014e-09,7.832863151203898e-10,1.0,1.0,0.99,static
141,1.676253552300215e-09,6.675785027548913e-10,1.0,0.9998989030983618,0.99,static
142,1.4634708162332363e-09,5.9524171918734e-10,1.0,1.0,0.99,static
143,1.2787613375455231e-09,5.187833763844766e-10,1.0,0.9998989030983618,0.99,static
144,1.1168035987058617e-09,4.4608499702524026e-10,1.0,1.0,0.99,static
145,9.755689350432416e-10,3.8648672113942335e-10,1.0,1.0,0.99,static
146,8.515601570443473e-10,3.417880421661365e-10,1.0,1.0,0.99,static
147,7.444893697749969e-10,3.0637054643879e-10,1.0,1.0,0.99,static
148,6.499819170870551e-10,2.6729309556973724e-10,1.0,1.0,0.99,static
149,5.672167751492665e-10,2.2531480932319053e-10,1.0,1.0,0.99,static
150,4.956801237199706e-10,1.905440689768758e-10,1.0,0.9998989030983618,0.99,static
151,4.329466534476043e-10,1.6567801490060612e-10,1.0,1.0,0.99,static
152,3.777804188947753e-10,1.4680164605198777e-10,1.0,0.9998989030983618,0.99,static
153,3.29861654797165e-10,1.3188922524634825e-10,1.0,1.0,0.99,static
154,2.88226509361894e-10,1.1945915308953205e-10,1.0,0.9998989030983618,0.99,static
155,2.5136580775738275e-10,1.0503059602854022e-10,1.0,0.9998989030983618,0.99,static
156,2.1965621549137526e-10,9.138332812275981e-11,1.0,0.9998989030983618,0.99,static
157,1.9174624015244829e-10,7.690922317581286e-11,1.0,0.9998989030983618,0.99,static
158,1.6735024320779603e-10,6.567456928830676e-11,1.0,0.9998989030983618,0.99,static
159,1.4603336364924028e-10,5.476189969967193e-11,1.0,1.0,0.99,static
160,1.2755038576410093e-10,4.6493504049601025e-11,1.0,0.9998989030983618,0.99,static
161,1.1134287126758624e-10,4.0702140502699676e-11,1.0,1.0,0.99,static
162,9.711991043712773e-11,3.688381484131586e-11,1.0,0.9998989030983618,0.99,static
163,8.480680401666965e-11,3.33302994604421e-11,1.0,1.0,0.99,static
164,7.405284708316701e-11,2.946964342598683e-11,1.0,0.9998989030983618,0.99,static
165,6.458306526352482e-11,2.5710385494312656e-11,1.0,1.0,0.99,static
166,5.6370710109411106e-11,2.3045610877253913e-11,1.0,0.9998989030983618,0.99,static
167,4.9214623300953565e-11,2.0157013519873308e-11,1.0,1.0,0.99,static
168,4.295170015902566e-11,1.718874102157239e-11,1.0,1.0,0.99,static
169,3.745367349637844e-11,1.4160977097940738e-11,1.0,1.0,0.99,static
170,3.2703576734085936e-11,1.2219882656996429e-11,1.0,1.0,0.99,static
171,2.853043602565534e-11,1.0565188794640448e-11,1.0,0.9998989030983618,0.99,static
172,2.4888489235584002e-11,9.045819532422589e-12,1.0,1.0,0.99,static
173,2.1726534329740618e-11,7.699813973544947e-12,1.0,0.9998989030983618,0.99,static
174,1.8948125983676612e-11,6.722049966293616e-12,1.0,1.0,0.99,static
175,1.6539794352264767e-11,6.300132301235726e-12,1.0,0.9998989030983618,0.99,static
176,1.4417457355565255e-11,5.828463294588348e-12,1.0,1.0,0.99,static
177,1.2597107798001527e-11,5.2518797543491306e-12,1.0,1.0,0.99,static
178,1.0977128396530193e-11,4.567171027542496e-12,1.0,1.0,0.99,static
179,9.579867588762193e-12,3.853281827026362e-12,1.0,0.9998989030983618,0.99,static
180,8.35525281083614e-12,3.284291391246545e-12,1.0,0.9998989030983618,0.99,static
181,7.294622921896853e-12,2.753136171273915e-12,1.0,0.9998989030983618,0.99,static
182,6.3570368861356435e-12,2.2718762171292816e-12,1.0,1.0,0.99,static
183,5.5490547741666705e-12,1.8740136236995833e-12,1.0,1.0,0.99,static
184,4.838643396052569e-12,1.581625685362161e-12,1.0,1.0,0.99,static
185,4.220332767079469e-12,1.4302991950119781e-12,1.0,1.0,0.99,static
186,3.681074581882883e-12,1.3152145337576174e-12,1.0,1.0,0.99,static
187,3.2105404158839882e-12,1.2113527229940543e-12,1.0,1.0,0.99,static
188,2.800855797478548e-12,1.1030297055290584e-12,1.0,1.0,0.99,static
189,2.44068691396632e-12,9.67076531346384e-13,1.0,0.9998989030983618,0.99,static
190,2.1305893197529738e-12,8.331847674831572e-13,1.0,0.9998989030983618,0.99,static
191,1.8567994135028983e-12,6.883569400621063e-13,1.0,1.0,0.99,static
192,1.620023818111023e-12,5.533135603681878e-13,1.0,0.9998989030983618,0.99,static
193,1.4115806454610937e-12,4.3395967073582347e-13,1.0,0.9998989030983618,0.99,static
194,1.2324214514771337e-12,3.685052139245493e-13,1.0,0.9998989030983618,0.99,static
195,1.0733121568842303e-12,3.2359580531144945e-13,1.0,0.9998989030983618,0.99,static
196,9.365162395363543e-13,3.019672584016523e-13,1.0,0.9998989030983618,0.99,static
1,0.3338722375064882,0.7650851309816108,0.12,-0.28196665338872134,0.99,dynamic
2,0.16975097084083957,0.6590293206828952,0.4,-0.008100349972838714,0.99,dynamic
3,0.12061790252864947,0.5848803135728147,0.51,0.14835314399782235,0.99,dynamic
4,0.07060873616850273,0.4965975569275008,0.71,0.42964489152829966,0.99,dynamic
5,0.05043233532493278,0.41756151543202913,0.81,0.6016816364362462,0.99,dynamic
6,0.04008333220922603,0.342521432460689,0.89,0.7487910852131502,0.99,dynamic
7,0.03256690239549628,0.26991940062732594,0.94,0.8622302158273382,0.99,dynamic
8,0.026552975086374886,0.20187242002908756,0.97,0.9267409778168176,0.99,dynamic
9,0.023482894397068948,0.14455994540268924,0.98,0.9532692165847347,0.99,dynamic
10,0.02077886935067419,0.09726361934283281,1.0,0.9724974721941354,0.99,dynamic
11,0.018682552224377827,0.06305821023511776,1.0,0.9809908998988878,0.99,dynamic
12,0.016991707313521415,0.040897143974840275,1.0,0.9858442871587462,0.99,dynamic
13,0.015553250187963556,0.040997500687996076,0.99,0.9892963330029733,0.99,dynamic
14,0.014293823107147384,0.04718553248040748,0.99,0.9857284440039645,0.99,dynamic
15,0.013116990770068698,0.0498769683151228,0.99,0.9873141724479685,0.99,dynamic
16,0.012098977607136307,0.04870004180914694,0.99,0.9873141724479685,0.99,dynamic
17,0.010998818388480724,0.045361083524203136,0.99,0.9865213082259664,0.99,dynamic
18,0.010026195366211153,0.04023712657868998,0.99,0.9869177403369674,0.99,dynamic
19,0.009067698475919162,0.033781219184869316,0.99,0.9924677898909813,0.99,dynamic
20,0.00813002123609359,0.02638171630559375,0.99,0.9932606541129833,0.99,dynamic
21,0.007208640077164102,0.019117323854536024,1.0,0.9975733063700707,0.99,dynamic
22,0.0063856811940678215,0.01333920672439953,1.0,1.0,0.99,dynamic
23,0.005636362078320771,0.01170599922149034,1.0,0.9971688574317491,0.99,dynamic
24,0.004914608956760672,0.012639629196130344,1.0,0.9954504145507047,0.99,dynamic
25,0.004286435546649203,0.012878714435528005,1.0,0.9955510616784632,0.99,dynamic
26,0.0036849750975313797,0.012586376527826139,1.0,0.99474216380182,0.99,dynamic
27,0.0031671420619578676,0.011663241399921346,1.0,0.9951466127401416,0.99,dynamic
28,0.0027001099047229333,0.010254161305968847,1.0,0.9967644084934276,0.99,dynamic
29,0.0023172845797402707,0.00871035956337056,1.0,0.9983822042467138,0.99,dynamic
30,0.001962633883905943,0.006957719153293876,1.0,0.9986856789490007,0.99,dynamic
31,0.0016795333583745724,0.0053814752605648875,1.0,0.9995955510616784,0.99,dynamic
32,0.0014411102521958924,0.004273438323306762,1.0,0.9994944950485747,0.99,dynamic
33,0.0012438057452844843,0.003431795912919714,1.0,0.9998989030983618,0.99,dynamic
34,0.0010684373843551536,0.002773452640486525,1.0,0.9998989030983618,0.99,dynamic
35,0.0009249341222799386,0.002561901379682754,1.0,1.0,0.99,dynamic
36,0.0008026154550089568,0.0023387918955863453,1.0,0.9998989030983618,0.99,dynamic
37,0.0006939389069362011,0.0020552124570769833,1.0,0.9995955510616784,0.99,dynamic
38,0.0006030751791007649,0.0017614201255926163,1.0,0.9994944950485747,0.99,dynamic
39,0.0005261864699338252,0.0014578078241460487,1.0,0.9998989030983618,0.99,dynamic
40,0.0004570791070569703,0.001214254202571597,1.0,0.9998989030983618,0.99,dynamic
41,0.0003970342813300969,0.0011039796239193634,1.0,0.9998989030983618,0.99,dynamic
42,0.0003470516018457354,0.0009894693116610485,1.0,0.9998989030983618,0.99,dynamic
43,0.0003017767733594915,0.0008391783762922623,1.0,1.0,0.99,dynamic
44,0.000261680421201424,0.0006745916150096393,1.0,0.9998989030983618,0.99,dynamic
45,0.00022817707671861858,0.0005454072495342508,1.0,1.0,0.99,dynamic
46,0.00019885971932377,0.0004436512657114404,1.0,0.9998989030983618,0.99,dynamic
47,0.00017248448194358168,0.0003980027727551665,1.0,0.9998989030983618,0.99,dynamic
48,0.00014984538627032385,0.0003618765355586737,1.0,0.9994944950485747,0.99,dynamic
49,0.0001304901068463376,0.00032054324842120414,1.0,0.9994944950485747,0.99,dynamic
50,0.00011252923224328987,0.00027959308019886395,1.0,0.9994944950485747,0.99,dynamic
51,9.73709918079165e-05,0.00023688071027930756,1.0,0.9994944950485747,0.99,dynamic
52,8.443184788196457e-05,0.00020093339242774892,1.0,0.9998989030983618,0.99,dynamic
53,7.323722381604715e-05,0.00017505725065758537,1.0,1.0,0.99,dynamic
54,6.341706063030352e-05,0.0001556329141429231,1.0,0.9998989030983618,0.99,dynamic
55,5.535629560174623e-05,0.00013696770802717104,1.0,1.0,0.99,dynamic
56,4.809091589430107e-05,0.00011608428956901094,1.0,0.9998989030983618,0.99,dynamic
57,4.1644498761447416e-05,9.682359374863047e-05,1.0,0.9998989030983618,0.99,dynamic
58,3.60738258279389e-05,8.161276515526787e-05,1.0,1.0,0.99,dynamic
59,3.1371800878124366e-05,6.937881939016248e-05,1.0,0.9998989030983618,0.99,dynamic
60,2.706485741865911e-05,5.7691807610321114e-05,1.0,1.0,0.99,dynamic
61,2.337201002630012e-05,4.83199819477589e-05,1.0,0.9998989030983618,0.99,dynamic
62,2.029223018900801e-05,4.029516449607293e-05,1.0,0.9998989030983618,0.99,dynamic
63,1.767262477164141e-05,3.452681577097451e-05,1.0,1.0,0.99,dynamic
64,1.5281572346044194e-05,3.1487990410871403e-05,1.0,0.9998989030983618,0.99,dynamic
65,1.3330659828245345e-05,2.8506160945617932e-05,1.0,1.0,0.99,dynamic
66,1.1609545631349132e-05,2.6606658809769592e-05,1.0,1.0,0.99,dynamic
67,1.005228408149035e-05,2.474690329701327e-05,1.0,1.0,0.99,dynamic
68,8.717868811166337e-06,2.265368484547541e-05,1.0,1.0,0.99,dynamic
69,7.5837887907172424e-06,2.0514022878696788e-05,1.0,0.9998989030983618,0.99,dynamic
70,6.566000528033882e-06,1.7904058144211854e-05,1.0,0.9998989030983618,0.99,dynamic
71,5.6719580421633005e-06,1.5101143195925498e-05,1.0,1.0,0.99,dynamic
72,4.925462074057263e-06,1.2708523884853532e-05,1.0,1.0,0.99,dynamic
73,4.274425854257908e-06,1.0689158742820628e-05,1.0,1.0,0.99,dynamic
74,3.71384781697048e-06,8.746551463634735e-06,1.0,1.0,0.99,dynamic
75,3.226066064135942e-06,7.080603489246422e-06,1.0,0.9998989030983618,0.99,dynamic
76,2.80370352410423e-06,5.937361396757276e-06,1.0,1.0,0.99,dynamic
77,2.4264392530335113e-06,5.440459290440342e-06,1.0,0.9998989030983618,0.99,dynamic
78,2.1025058520352872e-06,5.154943179288321e-06,1.0,1.0,0.99,dynamic
79,1.828098867492115e-06,4.7844304537707014e-06,1.0,1.0,0.99,dynamic
80,1.579722297946919e-06,4.304204218651499e-06,1.0,0.9998989030983618,0.99,dynamic
81,1.3726576442712052e-06,3.962986629137915e-06,1.0,0.9998989030983618,0.99,dynamic
82,1.1919808387531789e-06,3.5565486368228527e-06,1.0,1.0,0.99,dynamic
83,1.038235727019228e-06,3.1417689812097158e-06,1.0,0.9998989030983618,0.99,dynamic
84,9.006915943171182e-07,2.719971100699506e-06,1.0,1.0,0.99,dynamic
85,7.857082230780131e-07,2.276778168854177e-06,1.0,0.9998989030983618,0.99,dynamic
86,6.789110527374318e-07,1.7840955495616627e-06,1.0,1.0,0.99,dynamic
87,5.848926828195498e-07,1.3232919628743336e-06,1.0,0.9998989030983618,0.99,dynamic
88,5.052071277096634e-07,9.266864532316659e-07,1.0,1.0,0.99,dynamic
89,4.391861240586561e-07,7.783706700686344e-07,1.0,1.0,0.99,dynamic
90,3.8035082426675223e-07,7.980391883802268e-07,1.0,1.0,0.99,dynamic
91,3.3058512202526047e-07,8.59403436654659e-07,1.0,1.0,0.99,dynamic
92,2.8934656249447666e-07,8.704911935336298e-07,1.0,1.0,0.99,dynamic
93,2.5232603450379963e-07,8.228208969806166e-07,1.0,1.0,0.99,dynamic
94,2.195141672204509e-07,7.30105014611829e-07,1.0,1.0,0.99,dynamic
95,1.901582348099194e-07,6.090907535508351e-07,1.0,1.0,0.99,dynamic
96,1.6390008846656764e-07,4.767040422262557e-07,1.0,1.0,0.99,dynamic
97,1.4084852150549262e-07,3.5312190209324276e-07,1.0,0.9998989030983618,0.99,dynamic
98,1.2196767714442512e-07,2.50286624169592e-07,1.0,1.0,0.99,dynamic
99,1.0619189525883653e-07,1.7816345957401046e-07,1.0,0.9998989030983618,0.99,dynamic
100,9.204464909973557e-08,1.5934237723267803e-07,1.0,1.0,0.99,dynamic
101,7.986554616832672e-08,1.7290448414779542e-07,1.0,0.9998989030983618,0.99,dynamic
102,6.979620425255235e-08,1.7670257052835262e-07,1.0,0.9998989030983618,0.99,dynamic
103,6.09996143829666e-08,1.6752431058839268e-07,1.0,0.9998989030983618,0.99,dynamic
104,5.2839564274011104e-08,1.508109989861401e-07,1.0,0.9998989030983618,0.99,dynamic
105,4.585974283583558e-08,1.331421661827606e-07,1.0,0.9998989030983618,0.99,dynamic
106,3.964106942097058e-08,1.1479666281862612e-07,1.0,1.0,0.99,dynamic
107,3.423286696058197e-08,9.636289541652741e-08,1.0,0.9998989030983618,0.99,dynamic
108,2.9571042288328742e-08,7.639848459096052e-08,1.0,0.9998989030983618,0.99,dynamic
109,2.5764750462251964e-08,6.143530491924665e-08,1.0,0.9998989030983618,0.99,dynamic
110,2.2334095774175452e-08,5.016569080501547e-08,1.0,0.9998989030983618,0.99,dynamic
111,1.9399415875230294e-08,4.173625531822908e-08,1.0,0.9998989030983618,0.99,dynamic
112,1.688727805272954e-08,3.553697829734542e-08,1.0,0.9998989030983618,0.99,dynamic
113,1.4665117833944098e-08,3.343044299031224e-08,1.0,0.9998989030983618,0.99,dynamic
114,1.2724766980765399e-08,3.146729683543134e-08,1.0,0.9998989030983618,0.99,dynamic
115,1.1049513275195146e-08,2.8253090995231622e-08,1.0,0.9998989030983618,0.99,dynamic
116,9.552775254379633e-09,2.4195937290468453e-08,1.0,0.9998989030983618,0.99,dynamic
117,8.25669926558539e-09,2.0934355186087512e-08,1.0,0.9998989030983618,0.99,dynamic
118,7.180116700824189e-09,1.832487370600092e-08,1.0,0.9998989030983618,0.99,dynamic
119,6.255842899612219e-09,1.6351769676666903e-08,1.0,0.9998989030983618,0.99,dynamic
120,5.419694833532721e-09,1.3963761744857201e-08,1.0,0.9998989030983618,0.99,dynamic
121,4.704460484338289e-09,1.1802241646494737e-08,1.0,1.0,0.99,dynamic
122,4.090351769813312e-09,9.653273341962128e-09,1.0,1.0,0.99,dynamic
123,3.545754193667652e-09,7.477892057759588e-09,1.0,1.0,0.99,dynamic
124,3.0623528291176674e-09,5.807974979070064e-09,1.0,0.9998989030983618,0.99,dynamic
125,2.656098690249318e-09,4.968585647623842e-09,1.0,1.0,0.99,dynamic
126,2.3022290775817245e-09,4.4451726568743414e-09,1.0,1.0,0.99,dynamic
127,1.9958610212761496e-09,4.052105552599318e-09,1.0,0.9998989030983618,0.99,dynamic
128,1.7357333530554778e-09,3.828446193727158e-09,1.0,0.9998989030983618,0.99,dynamic
129,1.5163733844935534e-09,3.595901194477189e-09,1.0,1.0,0.99,dynamic
130,1.3139815155560875e-09,3.2374573853276305e-09,1.0,1.0,0.99,dynamic
131,1.1407124700331227e-09,2.8507850187659003e-09,1.0,1.0,0.99,dynamic
132,9.906151633154993e-10,2.4458172363669184e-09,1.0,0.9998989030983618,0.99,dynamic
133,8.550513122018738e-10,2.0077222497999667e-09,1.0,1.0,0.99,dynamic
134,7.381584054636715e-10,1.600486012087561e-09,1.0,0.9998989030983618,0.99,dynamic
135,6.404564737229927e-10,1.2567155659936567e-09,1.0,1.0,0.99,dynamic
136,5.565455421827504e-10,1.076413061347809e-09,1.0,0.9998989030983618,0.99,dynamic
137,4.831889669150114e-10,9.543025757635587e-10,1.0,1.0,0.99,dynamic
138,4.211039332101488e-10,8.525377947209889e-10,1.0,1.0,0.99,dynamic
139,3.6647681646091065e-10,7.382678984318119e-10,1.0,1.0,0.99,dynamic
140,3.174191640480601e-10,6.445806386691704e-10,1.0,1.0,0.99,dynamic
141,2.7476144164297503e-10,5.944601153807763e-10,1.0,0.9998989030983618,0.99,dynamic
142,2.3837040404647605e-10,5.425492364123075e-10,1.0,1.0,0.99,dynamic
143,2.0685292142404108e-10,4.754770222781502e-10,1.0,0.9998989030983618,0.99,dynamic
144,1.791756228670417e-10,4.116323996179477e-10,1.0,0.9998989030983618,0.99,dynamic
145,1.5556708656364909e-10,3.6697209251513243e-10,1.0,1.0,0.99,dynamic
146,1.3501270737734072e-10,3.215564338264249e-10,1.0,0.9998989030983618,0.99,dynamic
147,1.1702432923091854e-10,2.747306965154514e-10,1.0,0.9998989030983618,0.99,dynamic
148,1.0174557474404017e-10,2.339437557156014e-10,1.0,0.9998989030983618,0.99,dynamic
149,8.859320710353949e-11,2.1141503489778156e-10,1.0,0.9998989030983618,0.99,dynamic
150,7.666830879336478e-11,1.8725987513163752e-10,1.0,0.9998989030983618,0.99,dynamic
151,6.621275442440097e-11,1.5840113674139177e-10,1.0,1.0,0.99,dynamic
152,5.757119719378075e-11,1.3024035997376815e-10,1.0,1.0,0.99,dynamic
153,4.998136377259681e-11,1.0709808616371224e-10,1.0,1.0,0.99,dynamic
154,4.325676083550137e-11,9.69167086515241e-11,1.0,1.0,0.99,dynamic
155,3.7707475228124116e-11,8.896202775683571e-11,1.0,1.0,0.99,dynamic
156,3.2691047683335076e-11,8.514082019565666e-11,1.0,1.0,0.99,dynamic
157,2.835222733413474e-11,7.895310775698895e-11,1.0,1.0,0.99,dynamic
158,2.46363196110673e-11,6.982715190893462e-11,1.0,0.9998989030983618,0.99,dynamic
159,2.1424251814907414e-11,5.870141058229512e-11,1.0,1.0,0.99,dynamic
160,1.8454813523159285e-11,4.944314850996395e-11,1.0,0.9998989030983618,0.99,dynamic
161,1.5985023430027665e-11,4.0536616747642655e-11,1.0,1.0,0.99,dynamic
162,1.387762355247034e-11,3.282261043954614e-11,1.0,0.9998989030983618,0.99,dynamic
163,1.2044152752832159e-11,2.6496508306776822e-11,1.0,0.9998989030983618,0.99,dynamic
164,1.0438857152331078e-11,2.2820783437483752e-11,1.0,0.9998989030983618,0.99,dynamic
165,9.118518208460658e-12,2.2568647992613226e-11,1.0,0.9998989030983618,0.99,dynamic
166,7.932541059430308e-12,2.139522037997426e-11,1.0,0.9998989030983618,0.99,dynamic
167,6.854259874981673e-12,1.9470466198999166e-11,1.0,0.9998989030983618,0.99,dynamic
168,5.9518228717960605e-12,1.795506424280636e-11,1.0,0.9998989030983618,0.99,dynamic
169,5.168350965382922e-12,1.6175950359443675e-11,1.0,1.0,0.99,dynamic
170,4.477188583862577e-12,1.3926487508236744e-11,1.0,0.9998989030983618,0.99,dynamic
171,3.860393988930183e-12,1.1649712883691623e-11,1.0,1.0,0.99,dynamic
172,3.3555079320235402e-12,9.420280582918066e-12,1.0,0.9998989030983618,0.99,dynamic
173,2.9049520861762566e-12,7.856186967822017e-12,1.0,1.0,0.99,dynamic
174,2.528426165663794e-12,6.482593979321413e-12,1.0,0.9998989030983618,0.99,dynamic
175,2.200564270340474e-12,5.20990513680959e-12,1.0,1.0,0.99,dynamic
176,1.9125798834833e-12,4.2203988007489315e-12,1.0,0.9998989030983618,0.99,dynamic
177,1.655304446647536e-12,4.268628666818453e-12,1.0,1.0,0.99,dynamic
178,1.4366339663656896e-12,4.437680453861224e-12,1.0,0.9998989030983618,0.99,dynamic
179,1.2520535273490022e-12,4.3388172212651175e-12,1.0,1.0,0.99,dynamic
180,1.081855987447794e-12,3.94241779085444e-12,1.0,1.0,0.99,dynamic
181,9.378930127829984e-13,3.374011284765384e-12,1.0,1.0,0.99,dynamic
