step,residual,l1_error,precision_at_k,kendall,d,method
1,0.5112608886646924,0.3617302912820997,0.53,-0.0407231385704967,0.85,power
2,0.20959798620348036,0.1485379434417826,0.86,0.512498059307561,0.85,power
3,0.08479690144002865,0.06213615676212181,0.94,0.7671159029649597,0.85,power
4,0.033188171603627074,0.02590467201947161,0.97,0.9124309918142015,0.85,power
5,0.01672634247205136,0.011496287282907377,0.98,0.9638905066977286,0.85,power
6,0.00761817153760882,0.004924023466250729,0.99,0.9845544554455448,0.85,power
7,0.0027652438162080505,0.0019569351082286534,0.99,0.9932673267326734,0.85,power
8,0.0014001359367336486,0.000870143132921368,1.0,0.9971717171717173,0.85,power
9,0.0006271815326126679,0.0003752293438723784,1.0,0.9995959595959597,0.85,power
10,0.00023606051279409312,0.00015371265889587853,1.0,0.9995959595959597,0.85,power
11,0.00013899938663177906,7.507294024324882e-05,1.0,1.0,0.85,power
12,9.722786044223234e-05,3.946207850425047e-05,1.0,1.0,0.85,power
13,7.529340131832128e-05,2.4511999524999134e-05,1.0,1.0,0.85,power
14,6.302424127585039e-05,1.8093286212926536e-05,1.0,1.0,0.85,power
15,5.3319644512534226e-05,1.471814300489418e-05,1.0,1.0,0.85,power
16,4.522889930929724e-05,1.2321079568133142e-05,1.0,1.0,0.85,power
17,3.842280893521069e-05,1.0376056942040083e-05,1.0,1.0,0.85,power
18,3.265134320629895e-05,8.768693705596084e-06,1.0,1.0,0.85,power
19,2.7750148504264672e-05,7.4295106795886244e-06,1.0,1.0,0.85,power
20,2.3586298372248486e-05,6.305923407300156e-06,1.0,1.0,0.85,power
21,2.0047782543364584e-05,5.354205275453025e-06,1.0,1.0,0.85,power
22,1.7040287843150512e-05,4.547873671066159e-06,1.0,1.0,0.85,power
23,1.448400718216087e-05,3.863560887048304e-06,1.0,1.0,0.85,power
24,1.231121859976562e-05,3.2828474709940293e-06,1.0,1.0,0.85,power
25,1.046438547802916e-05,2.7899902292494736e-06,1.0,1.0,0.85,power
26,8.894605626240706e-06,2.3714577253312025e-06,1.0,1.0,0.85,power
27,7.56031320325858e-06,2.015710196284489e-06,1.0,1.0,0.85,power
28,6.426180691672891e-06,1.7133291265630043e-06,1.0,1.0,0.85,power
29,5.46218076065391e-06,1.456308899282273e-06,1.0,1.0,0.85,power
30,4.642791834431658e-06,1.2378448351892775e-06,1.0,1.0,0.85,power
31,3.9463203389812535e-06,1.0521530405292505e-06,1.0,1.0,0.85,power
32,3.354327545177134e-06,8.94317275904971e-07,1.0,1.0,0.85,power
33,2.851140246258198e-06,7.601587974262781e-07,1.0,1.0,0.85,power
34,2.4234368147192757e-06,6.461257236383281e-07,1.0,1.0,0.85,power
35,2.059893658944398e-06,5.491989995223144e-07,1.0,1.0,0.85,power
36,1.7508861605049915e-06,4.6681246351804654e-07,1.0,1.0,0.85,power
37,1.488233237857533e-06,3.9678491119065204e-07,1.0,1.0,0.85,power
38,1.2649812856248273e-06,3.3726234398790344e-07,1.0,1.0,0.85,power
39,1.0752196260768324e-06,2.8666888640793884e-07,1.0,1.0,0.85,power
40,9.139244109478348e-07,2.4366506344490733e-07,1.0,1.0,0.85,power
41,7.768252877309909e-07,2.071123373521771e-07,1.0,1.0,0.85,power
42,6.602926218353448e-07,1.7604296533093873e-07,1.0,1.0,0.85,power
43,5.612411651788833e-07,1.49634376817488e-07,1.0,1.0,0.85,power
44,4.770485763276354e-07,1.2718739841103253e-07,1.0,1.0,0.85,power
45,4.054858228075674e-07,1.0810774011856554e-07,1.0,1.0,0.85,power
46,3.446583134092407e-07,9.189026269623097e-08,1.0,1.0,0.85,power
47,2.929556151472003e-07,7.810560414342951e-08,1.0,1.0,0.85,power
48,2.490089224596493e-07,6.63888124174877e-08,1.0,1.0,0.85,power
49,2.116547286559142e-07,5.6429681933538295e-08,1.0,1.0,0.85,power
50,1.7990409821955772e-07,4.796454246877146e-08,1.0,1.0,0.85,power
51,1.529164201140719e-07,4.076927673331415e-08,1.0,1.0,0.85,power
52,1.299772075977364e-07,3.465338863249704e-08,1.0,1.0,0.85,power
53,1.1047913551433177e-07,2.94549581010635e-08,1.0,1.0,0.85,power
54,9.390600106489412e-08,2.5036355247777073e-08,1.0,1.0,0.85,power
55,7.981902362339077e-08,2.1280596770867355e-08,1.0,1.0,0.85,power
56,6.78452567038898e-08,1.808824777515809e-08,1.0,1.0,0.85,power
57,5.766768983038228e-08,1.53747901515123e-08,1.0,1.0,0.85,power
58,4.901687642136077e-08,1.3068384031615093e-08,1.0,1.0,0.85,power
59,4.166378257901596e-08,1.1107967031677744e-08,1.0,1.0,0.85,power
60,3.5413738381511333e-08,9.441636255678711e-09,1.0,1.0,0.85,power
61,3.010127130088204e-08,8.025275448598031e-09,1.0,1.0,0.85,power
62,2.5585736109536236e-08,6.821386191298106e-09,1.0,1.0,0.85,power
63,2.1747582127784502e-08,5.7980946687190456e-09,1.0,1.0,0.85,power
64,1.848519591184991e-08,4.928309538738192e-09,1.0,1.0,0.85,power
65,1.5712204424354342e-08,4.189002721524283e-09,1.0,1.0,0.85,power
66,1.335519393651689e-08,3.5606009947924115e-09,1.0,1.0,0.85,power
67,1.1351761604396433e-08,3.0264670838801806e-09,1.0,1.0,0.85,power
68,9.64886744359237e-09,2.572459717742608e-09,1.0,1.0,0.85,power
69,8.201426611752525e-09,2.1865591767145846e-09,1.0,1.0,0.85,power
70,6.971118756878256e-09,1.8585481817384546e-09,1.0,1.0,0.85,power
71,5.9253709539211025e-09,1.5797429909291365e-09,1.0,1.0,0.85,power
72,5.036497494039721e-09,1.342761944792296e-09,1.0,1.0,0.85,power
73,4.280965079765506e-09,1.1413308484649386e-09,1.0,1.0,0.85,power
74,3.638771322425209e-09,9.701169952502518e-10,1.0,1.0,0.85,power
75,3.0929138707739605e-09,8.245871920066922e-10,1.0,1.0,0.85,power
76,2.6289413914893594e-09,7.008886197796107e-10,1.0,1.0,0.85,power
77,2.2345700177750493e-09,5.957464125542453e-10,1.0,1.0,0.85,power
78,1.8993589400060138e-09,5.063768277744675e-10,1.0,1.0,0.85,power
79,1.614433305406285e-09,4.304136463167648e-10,1.0,1.0,0.85,power
80,1.372249831952912e-09,3.6584608742652085e-10,1.0,1.0,0.85,power
81,1.1663966114756369e-09,3.1096420362776314e-10,1.0,1.0,0.85,power
82,9.914237708991926e-10,2.6431541575602335e-10,1.0,1.0,0.85,power
83,8.426988296701674e-10,2.2466434849742814e-10,1.0,1.0,0.85,power
84,7.162843586637697e-10,1.909617220330616e-10,1.0,1.0,0.85,power
85,6.088334892908342e-10,1.6231481855135776e-10,1.0,1.0,0.85,power
86,5.175014955265783e-10,1.3796512072059453e-10,1.0,1.0,0.85,power
87,4.398703346883937e-10,1.1726822348770395e-10,1.0,1.0,0.85,power
88,3.7388474844132927e-10,9.967631025408353e-11,1.0,1.0,0.85,power
89,3.1779774772889594e-10,8.472310277047256e-11,1.0,1.0,0.85,power
90,2.7012444843090777e-10,7.201332654244727e-11,1.0,1.0,0.85,power
91,2.296026819379182e-10,6.120998590866439e-11,1.0,1.0,0.85,power
92,1.9515965090160988e-10,5.2027325778134024e-11,1.0,1.0,0.85,power
93,1.6588346415218175e-10,4.422227851513501e-11,1.0,1.0,0.85,power
94,1.4099904639961228e-10,3.7587853812679145e-11,1.0,1.0,0.85,power
95,1.1984757196622373e-10,3.194895568975787e-11,1.0,1.0,0.85,power
96,1.0186906422611754e-10,2.7155770882498847e-11,1.0,1.0,0.85,power
97,8.658753539985522e-11,2.3081721719692464e-11,1.0,1.0,0.85,power
98,7.35984132949328e-11,1.9618831798861344e-11,1.0,1.0,0.85,power
99,6.25578081664444e-11,1.6675386022168182e-11,1.0,1.0,0.85,power
100,5.317341820105301e-11,1.4173308683854548e-11,1.0,1.0,0.85,power
101,4.51967957460936e-11,1.2046726602512681e-11,1.0,1.0,0.85,power
102,3.84167580621014e-11,1.0239322786870361e-11,1.0,1.0,0.85,power
103,3.2653804642344174e-11,8.702717462755302e-12,1.0,1.0,0.85,power
104,2.775535893321563e-11,7.396784646576996e-12,1.0,1.0,0.85,power
105,2.3591738673068555e-11,6.2868310394154385e-12,1.0,1.0,0.85,power
106,2.005270612981593e-11,5.343426168116089e-12,1.0,1.0,0.85,power
107,1.7044570032630555e-11,4.5415159280411165e-12,1.0,1.0,0.85,power
108,1.4487690778939514e-11,3.859581049060041e-12,1.0,1.0,0.85,power
109,1.2314371906135115e-11,3.2802941000434002e-12,1.0,1.0,0.85,power
110,1.0467074503142265e-11,2.7878374996427417e-12,1.0,1.0,0.85,power
111,8.896891808360236e-12,2.3691693087744695e-12,1.0,1.0,0.85,power
112,7.562256970834901e-12,2.0133586824507476e-12,1.0,1.0,0.85,power
113,6.427832924768307e-12,1.7111538694238732e-12,1.0,1.0,0.85,power
114,5.463583795602146e-12,1.4539354810573111e-12,1.0,1.0,0.85,power
115,4.643983030372728e-12,1.2352923944299954e-12,1.0,1.0,0.85,power
116,3.947332515444073e-12,1.0495680743922509e-12,1.0,1.0,0.85,power
117,3.3551870550074904e-12,8.917005521013981e-13,1.0,1.0,0.85,power
118,2.8518709796739067e-12,7.574375527556309e-13,1.0,1.0,0.85,power
119,2.424057423953985e-12,6.436442955085877e-13,1.0,1.0,0.85,power
120,2.060420385611994e-12,5.466394650572182e-13,1.0,1.0,0.85,power
121,1.751335471962214e-12,4.64260171241038e-13,1.0,1.0,0.85,power
122,1.488614577666987e-12,3.9416033438999416e-13,1.0,1.0,0.85,power
123,1.2653047748470174e-12,3.3455447511984444e-13,1.0,1.0,0.85,power
124,1.0754945084233578e-12,2.8413213520536457e-13,1.0,1.0,0.85,power
125,9.141576513362754e-13,2.411356958700135e-13,1.0,1.0,0.85,power
1,0.5112608886646924,0.3617302912820997,0.53,-0.0407231385704967,0.85,static_d
2,0.2514555859195091,0.30749813361717987,0.86,0.512498059307561,0.85,static_d
3,0.1431683533493315,0.24730167661272973,0.89,0.6841932841932842,0.85,static_d
4,0.17126053447008158,0.21545920675262434,0.88,0.6406048906048905,0.85,static_d
5,0.19619055701526492,0.16742841286326804,0.91,0.63642541624193,0.85,static_d
6,0.20299650016652473,0.15246282334163372,0.9,0.6080066722268556,0.85,static_d
7,0.16299722230424327,0.1260475695206113,0.9,0.6530442035029189,0.85,static_d
8,0.10280134576200183,0.10584752215496082,0.92,0.7428175839390792,0.85,static_d
9,0.1115118632855933,0.0916012156242017,0.91,0.7560312606184166,0.85,static_d
10,0.10334158932860037,0.07378083928614122,0.93,0.7714688767413156,0.85,static_d
11,0.09930114095245524,0.06570197737458504,0.95,0.7824175824175823,0.85,static_d
12,0.08014116046736086,0.055840714633185864,0.94,0.8152740341419588,0.85,static_d
13,0.056690827631969344,0.046250153281805456,0.97,0.8553207690843329,0.85,static_d
14,0.06315133776546615,0.04099271493439191,0.94,0.8555256064690029,0.85,static_d
15,0.04603377246952176,0.03238508462320437,0.97,0.8853988197220636,0.85,static_d
16,0.048911952902710186,0.02897517520613186,0.98,0.8943894389438943,0.85,static_d
17,0.03422647767182644,0.0232786754574749,0.98,0.9149679673849737,0.85,static_d
18,0.030233070427262285,0.020361728684284413,0.97,0.9295640586331622,0.85,static_d
19,0.02813788377678526,0.017359345883437002,0.97,0.9329906719969541,0.85,static_d
20,0.020379264824005604,0.01415904011139197,0.98,0.9503009124441856,0.85,static_d
21,0.021602592648406062,0.012464089423024675,0.99,0.9544554455445546,0.85,static_d
22,0.013499362694060029,0.009767367299813926,0.99,0.9691089108910893,0.85,static_d
23,0.01464465779863003,0.008747918176376787,0.98,0.970491166763735,0.85,static_d
24,0.010780633098808513,0.007070089701283315,0.99,0.9762376237623764,0.85,static_d
25,0.009540292212131598,0.006132087874372144,0.99,0.9762376237623764,0.85,static_d
26,0.008636490612083087,0.00522880037776448,1.0,0.9802020202020203,0.85,static_d
27,0.005861131751729609,0.00424715193230174,1.0,0.985858585858586,0.85,static_d
28,0.006441529276827587,0.003747257803303821,1.0,0.9874747474747476,0.85,static_d
29,0.004168198983787592,0.0029322139322579353,0.99,0.9889108910891092,0.85,static_d
30,0.004416441008652445,0.002637528043955591,0.99,0.9897029702970298,0.85,static_d
31,0.0033273612023241796,0.002162733514736418,1.0,0.9927272727272728,0.85,static_d
32,0.002760447866456243,0.0018468157937208108,1.0,0.9915151515151516,0.85,static_d
33,0.002658189723884218,0.0015881097627607446,1.0,0.9943434343434345,0.85,static_d
34,0.001763309814632735,0.0012764755728040143,0.99,0.9944554455445546,0.85,static_d
35,0.0019576036763289642,0.0011318699944220562,1.0,0.9963636363636366,0.85,static_d
36,0.001282645959597775,0.000888092227428873,1.0,0.996767676767677,0.85,static_d
37,0.001302956132542555,0.0007975993635598152,1.0,0.9983838383838385,0.85,static_d
38,0.0010395288550612012,0.0006631900276587042,1.0,0.9979797979797982,0.85,static_d
39,0.0008151480495487477,0.0005571789511295449,1.0,0.998787878787879,0.85,static_d
40,0.0008177504841952678,0.00048302496985043415,1.0,0.9991919191919193,0.85,static_d
41,0.0005280499740547,0.000384947006690361,1.0,0.9991919191919193,0.85,static_d
42,0.0005878119759101981,0.00034273267838514027,1.0,1.0,0.85,static_d
43,0.00039857999565621983,0.00027255355007658837,1.0,0.9983838383838385,0.85,static_d
44,0.0003850322584047798,0.00024163369030206645,1.0,0.9995959595959597,0.85,static_d
45,0.00032376515687431497,0.0002032620743985655,1.0,0.9995959595959597,0.85,static_d
46,0.0002393574893072074,0.00016834456530698993,1.0,0.9995959595959597,0.85,static_d
47,0.00025046874424046055,0.00014720486620405226,1.0,1.0,0.85,static_d
48,0.00016002771381105077,0.00011614453635094238,1.0,1.0,0.85,static_d
49,0.00017642672702138684,0.00010408475328020403,1.0,1.0,0.85,static_d
50,0.00012440689727506485,8.370809215974897e-05,1.0,1.0,0.85,static_d
51,0.00011353015648504236,7.32830515347254e-05,1.0,1.0,0.85,static_d
52,0.00010087094688352312,6.21906781275842e-05,1.0,1.0,0.85,static_d
53,7.090865696518141e-05,5.0901709167048896e-05,1.0,1.0,0.85,static_d
54,7.6601547388472e-05,4.481545691886601e-05,1.0,1.0,0.85,static_d
55,4.904664974546505e-05,3.516784874611912e-05,1.0,1.0,0.85,static_d
56,5.280466532765982e-05,3.161295776910263e-05,1.0,1.0,0.85,static_d
57,3.901229692168001e-05,2.575909644650283e-05,1.0,1.0,0.85,static_d
58,3.3509525027102876e-05,2.2195958945671175e-05,1.0,1.0,0.85,static_d
59,3.136261768475009e-05,1.900774169458197e-05,1.0,1.0,0.85,static_d
60,2.1143644597783296e-05,1.5372642903552614e-05,1.0,1.0,0.85,static_d
61,2.333117206685749e-05,1.3605836959371649e-05,1.0,1.0,0.85,static_d
62,1.5163398852922671e-05,1.0665825786257055e-05,1.0,1.0,0.85,static_d
63,1.575034313152199e-05,9.594438540930854e-06,1.0,1.0,0.85,static_d
64,1.2235091333767803e-05,7.924195857562443e-06,1.0,1.0,0.85,static_d
65,9.884547561035673e-06,6.715890217613942e-06,1.0,1.0,0.85,static_d
66,9.711040098395967e-06,5.798328255629941e-06,1.0,1.0,0.85,static_d
67,6.3489548733655885e-06,4.643604937889687e-06,1.0,1.0,0.85,static_d
68,7.071753010861339e-06,4.123844208798036e-06,1.0,1.0,0.85,static_d
69,4.715569030995402e-06,3.2542644506523974e-06,1.0,1.0,0.85,static_d
70,4.679336883790542e-06,2.908983177029968e-06,1.0,1.0,0.85,static_d
71,3.831360197318602e-06,2.4333458500095572e-06,1.0,1.0,0.85,static_d
72,2.9179650830754e-06,2.0298183788271505e-06,1.0,1.0,0.85,static_d
73,2.993170318659161e-06,1.767205332135965e-06,1.0,1.0,0.85,static_d
74,1.921513858066046e-06,1.4018897281887775e-06,1.0,1.0,0.85,static_d
75,2.1329287242325812e-06,1.2517404212644735e-06,1.0,1.0,0.85,static_d
76,1.4729160144157335e-06,1.0005417224284872e-06,1.0,1.0,0.85,static_d
77,1.3856667097346617e-06,8.81932815085453e-07,1.0,1.0,0.85,static_d
78,1.1968385143813303e-06,7.452220959757882e-07,1.0,1.0,0.85,static_d
79,8.634847826536703e-07,6.136293365735557e-07,1.0,1.0,0.85,static_d
80,9.18208141213439e-07,5.384333743630078e-07,1.0,1.0,0.85,static_d
81,5.864860503376113e-07,4.233335045986196e-07,1.0,1.0,0.85,static_d
82,6.40291047881224e-07,3.801724005406154e-07,1.0,1.0,0.85,static_d
83,4.612890556590906e-07,3.0753189203446417e-07,1.0,1.0,0.85,static_d
84,4.0931385885791777e-07,2.6730310008473865e-07,1.0,1.0,0.85,static_d
85,3.726782993201506e-07,2.277200760455432e-07,1.0,1.0,0.85,static_d
86,2.566225907416919e-07,1.8538252678145088e-07,1.0,1.0,0.85,static_d
87,2.803235754437282e-07,1.6365271636805256e-07,1.0,1.0,0.85,static_d
88,1.8047030345382296e-07,1.2830549288472858e-07,1.0,1.0,0.85,static_d
89,1.9135661455101673e-07,1.1539328876958448e-07,1.0,1.0,0.85,static_d
90,1.4460954696452064e-07,9.462605413271204e-08,1.0,1.0,0.85,static_d
91,1.2074079535860215e-07,8.091029267126599e-08,1.0,1.0,0.85,static_d
92,1.1561153109383478e-07,6.955787232753558e-08,1.0,1.0,0.85,static_d
93,7.67320979567636e-08,5.59757059086396e-08,1.0,1.0,0.85,static_d
94,8.516787964904909e-08,4.9621648214774613e-08,1.0,1.0,0.85,static_d
95,5.59295001260277e-08,3.89569480323093e-08,1.0,1.0,0.85,static_d
96,5.6956492974828344e-08,3.50002427310372e-08,1.0,1.0,0.85,static_d
97,4.53112269025542e-08,2.9080297986173632e-08,1.0,1.0,0.85,static_d
98,3.561547041667946e-08,2.446042079755726e-08,1.0,1.0,0.85,static_d
99,3.571491651936946e-08,2.1199142520355596e-08,1.0,1.0,0.85,static_d
100,2.311713340986251e-08,1.6906153832680376e-08,1.0,1.0,0.85,static_d
101,2.5751404696826523e-08,1.5047630339553537e-08,1.0,1.0,0.85,static_d
102,1.742939039240763e-08,1.1952789586533685e-08,1.0,1.0,0.85,static_d
103,1.6892648487434448e-08,1.0610305629287837e-08,1.0,1.0,0.85,static_d
104,1.4173032998432912e-08,8.920304881181922e-09,1.0,1.0,0.85,static_d
105,1.0522130151824037e-08,7.3934849362473286e-09,1.0,1.0,0.85,static_d
106,1.0983585367433353e-08,6.46154765086543e-09,1.0,1.0,0.85,static_d
107,7.023155314479948e-09,5.101625043174571e-09,1.0,1.0,0.85,static_d
108,7.749482534964341e-09,4.569448472512304e-09,1.0,1.0,0.85,static_d
109,5.451808257224398e-09,3.6708857391808906e-09,1.0,1.0,0.85,static_d
110,4.995799722483497e-09,3.2172211102683663e-09,1.0,1.0,0.85,static_d
111,4.421247372096287e-09,2.7287538548294635e-09,1.0,1.0,0.85,static_d
112,3.119045397073615e-09,2.23520445006584e-09,1.0,1.0,0.85,static_d
113,3.3619907924282295e-09,1.967013682652467e-09,1.0,1.0,0.85,static_d
114,2.1518190288486036e-09,1.5437555972627455e-09,1.0,1.0,0.85,static_d
115,2.321490327624606e-09,1.3874542108545753e-09,1.0,1.0,0.85,static_d
116,1.708557573545067e-09,1.1291551391597472e-09,1.0,1.0,0.85,static_d
117,1.4745571691253733e-09,9.74325864163772e-10,1.0,1.0,0.85,static_d
118,1.374462431456883e-09,8.337281795409271e-10,1.0,1.0,0.85,static_d
119,9.293631466940158e-10,6.749406732920821e-10,1.0,1.0,0.85,static_d
120,1.0241398863849255e-09,5.971515242600119e-10,1.0,1.0,0.85,static_d
121,6.644312551798524e-10,4.680576143037591e-10,1.0,1.0,0.85,static_d
122,6.924780969800844e-10,4.2106377698829006e-10,1.0,1.0,0.85,static_d
123,5.355968316930717e-10,3.473721356541488e-10,1.0,1.0,0.85,static_d
124,4.348894189057154e-10,2.9481771082916415e-10,1.0,1.0,0.85,static_d
125,4.255923102407007e-10,2.5437259135848366e-10,1.0,1.0,0.85,static_d
126,2.788104286068097e-10,2.0385815616728658e-10,1.0,1.0,0.85,static_d
127,3.1046993487767016e-10,1.8098538684541826e-10,1.0,1.0,0.85,static_d
128,2.0648394012888313e-10,1.426268911545195e-10,1.0,1.0,0.85,static_d
129,2.05764307189339e-10,1.2767211304820763e-10,1.0,1.0,0.85,static_d
130,1.6771249325231378e-10,1.0668148623608348e-10,1.0,1.0,0.85,static_d
131,1.2834713619094154e-10,8.910741927345997e-11,1.0,1.0,0.85,static_d
132,1.3120884595359917e-10,7.752610605044096e-11,1.0,1.0,0.85,static_d
133,8.431575336630242e-11,6.155024257909196e-11,1.0,1.0,0.85,static_d
134,9.366952411156125e-11,5.4930353273719107e-11,1.0,1.0,0.85,static_d
135,6.447165175835075e-11,4.3866989579791635e-11,1.0,1.0,0.85,static_d
136,6.094116151351961e-11,3.870741522816405e-11,1.0,1.0,0.85,static_d
137,5.239981249846361e-11,3.268207208226119e-11,1.0,1.0,0.85,static_d
138,3.7968082092547536e-11,2.6939374950563674e-11,1.0,1.0,0.85,static_d
139,4.0265261454380287e-11,2.3623454839576336e-11,1.0,1.0,0.85,static_d
140,2.5716386113314752e-11,1.8583316844708857e-11,1.0,1.0,0.85,static_d
141,2.8128885136500867e-11,1.668404599554135e-11,1.0,1.0,0.85,static_d
142,2.018848259246638e-11,1.3482109795364956e-11,1.0,1.0,0.85,static_d
143,1.800427020167535e-11,1.1733780278384539e-11,1.0,1.0,0.85,static_d
144,1.6321643993134928e-11,9.98954182720134e-12,1.0,1.0,0.85,static_d
145,1.1278988831081507e-11,8.139993995688599e-12,1.0,1.0,0.85,static_d
146,1.2297801769971232e-11,7.1828291385356074e-12,1.0,1.0,0.85,static_d
147,7.908275315718321e-12,5.6322341928527085e-12,1.0,1.0,0.85,static_d
148,8.409609864332823e-12,5.065156805336463e-12,1.0,1.0,0.85,static_d
149,6.328816761199895e-12,4.1494266959333104e-12,1.0,1.0,0.85,static_d
150,5.311261326909005e-12,3.5528037760010345e-12,1.0,1.0,0.85,static_d
151,5.064977435418643e-12,3.052539285184892e-12,1.0,1.0,0.85,static_d
152,3.370766693055416e-12,2.458664799125142e-12,1.0,1.0,0.85,static_d
153,3.737913241263408e-12,2.1791314226308556e-12,1.0,1.0,0.85,static_d
154,2.4496922290049027e-12,1.7106396729910447e-12,1.0,1.0,0.85,static_d
155,2.5040116491106957e-12,1.537386093674849e-12,1.0,1.0,0.85,static_d
156,1.9833237473907692e-12,1.2760979034261762e-12,1.0,1.0,0.85,static_d
157,1.566759326098128e-12,1.0750785908752482e-12,1.0,1.0,0.85,static_d
158,1.5651442885600182e-12,9.312358860652601e-13,1.0,1.0,0.85,static_d
159,1.0146781357722495e-12,7.434920751568696e-13,1.0,1.0,0.85,static_d
160,1.1307483415293255e-12,6.615878533216841e-13,1.0,1.0,0.85,static_d
161,7.628743140426123e-13,5.250092285284495e-13,1.0,1.0,0.85,static_d
1,0.5112608886646924,0.3617302912820997,0.53,-0.0407231385704967,0.85,dynamic_safe
2,0.20959798620348036,0.1485379434417826,0.86,0.512498059307561,0.85,dynamic_safe
3,0.08646996449773217,0.07193558981632099,0.94,0.7689128481581313,0.85,dynamic_safe
4,0.05259160028237326,0.05111050719272163,0.96,0.8734129947722181,0.85,dynamic_safe
5,0.05320650304463221,0.04129702227232179,0.96,0.8771471247199404,0.85,dynamic_safe
6,0.040377039939668895,0.03213982470020528,0.97,0.8907291071768514,0.85,dynamic_safe
7,0.041723577464091166,0.028877053419570094,0.98,0.9021549213744904,0.85,dynamic_safe
8,0.031167411386323795,0.024110111255613874,0.98,0.9219569015725102,0.85,dynamic_safe
9,0.027807729886466934,0.020948251421245685,0.98,0.9413706076490002,0.85,dynamic_safe
10,0.025727486285268077,0.017582023717898763,0.97,0.9402246335427376,0.85,dynamic_safe
11,0.019537519552285196,0.014386660550825598,0.98,0.9499126383226557,0.85,dynamic_safe
12,0.020664576196788353,0.012879964820712912,0.99,0.9544554455445546,0.85,dynamic_safe
13,0.013768593332437018,0.01023315951444383,0.99,0.9687128712871288,0.85,dynamic_safe
14,0.014523671687232415,0.009089901185077322,0.98,0.9685497961560862,0.85,dynamic_safe
15,0.011002853353313873,0.0073273235472558025,0.99,0.9750495049504952,0.85,dynamic_safe
16,0.009654369642057719,0.006332216727253355,0.99,0.9762376237623764,0.85,dynamic_safe
17,0.008898296035218951,0.005463113480269701,1.0,0.9793939393939396,0.85,dynamic_safe
18,0.006075030147114235,0.004426933998184288,1.0,0.9850505050505053,0.85,dynamic_safe
19,0.00664342733507168,0.003894541129663569,1.0,0.9874747474747476,0.85,dynamic_safe
20,0.0043059990692186365,0.00304033827739151,0.99,0.987722772277228,0.85,dynamic_safe
21,0.004562152893840784,0.0027323713311855277,0.99,0.9900990099009904,0.85,dynamic_safe
22,0.003440053373561449,0.002245318624270228,1.0,0.9923232323232325,0.85,dynamic_safe
23,0.0028603196763228845,0.0019159498478631524,1.0,0.9915151515151516,0.85,dynamic_safe
24,0.0027422818315518045,0.0016442584889748355,1.0,0.993939393939394,0.85,dynamic_safe
25,0.00182000633148667,0.0013204153203577739,0.99,0.9944554455445546,0.85,dynamic_safe
26,0.0020226440836302417,0.001170759359330367,1.0,0.9963636363636366,0.85,dynamic_safe
27,0.0013237410605611262,0.0009190053983764779,1.0,0.996767676767677,0.85,dynamic_safe
28,0.0013487112057698283,0.0008248065517347414,1.0,0.9979797979797982,0.85,dynamic_safe
29,0.001072373392473782,0.0006846122210340398,1.0,0.9979797979797982,0.85,dynamic_safe
30,0.0008437660358460567,0.0005752615789762169,1.0,0.998787878787879,0.85,dynamic_safe
31,0.0008454062047232167,0.0004987482206224331,1.0,0.9991919191919193,0.85,dynamic_safe
32,0.0005463665088288604,0.0003975807290164893,1.0,0.9991919191919193,0.85,dynamic_safe
33,0.0006087256315298098,0.00035368714702970936,1.0,1.0,0.85,dynamic_safe
34,0.0004113792285530588,0.000280732624533091,1.0,0.9983838383838385,0.85,dynamic_safe
35,0.00039919953533333006,0.00024916134351462286,1.0,0.9995959595959597,0.85,dynamic_safe
36,0.0003341340122049788,0.00020946835146993934,1.0,0.9995959595959597,0.85,dynamic_safe
37,0.0002481707051764632,0.00017360759237656034,1.0,0.9995959595959597,0.85,dynamic_safe
38,0.0002586638913871399,0.00015165784220696083,1.0,1.0,0.85,dynamic_safe
39,0.00016532287319448777,0.00011971606314092211,1.0,1.0,0.85,dynamic_safe
40,0.0001823955157451098,0.00010721863160275979,1.0,1.0,0.85,dynamic_safe
41,0.0001281150533542468,8.614163251676248e-05,1.0,1.0,0.85,dynamic_safe
42,0.00011745257155930315,7.54913840450991e-05,1.0,1.0,0.85,dynamic_safe
43,0.00010382900594491359,6.401378160085837e-05,1.0,1.0,0.85,dynamic_safe
44,7.32540429760852e-05,5.244158175181574e-05,1.0,1.0,0.85,dynamic_safe
45,7.893667346937116e-05,4.6147749356791846e-05,1.0,1.0,0.85,dynamic_safe
46,5.0483383326901306e-05,3.621809613116447e-05,1.0,1.0,0.85,dynamic_safe
47,5.448890924761907e-05,3.2553564016004736e-05,1.0,1.0,0.85,dynamic_safe
48,4.007585193180453e-05,2.6490883523535304e-05,1.0,1.0,0.85,dynamic_safe
49,3.4601629792740524e-05,2.286211908201818e-05,1.0,1.0,0.85,dynamic_safe
50,3.2243707563702985e-05,1.9561769231710913e-05,1.0,1.0,0.85,dynamic_safe
51,2.1800624433901272e-05,1.583753530635021e-05,1.0,1.0,0.85,dynamic_safe
52,2.4026957860282912e-05,1.4012060217748093e-05,1.0,1.0,0.85,dynamic_safe
53,1.5585337002475395e-05,1.0983395266355648e-05,1.0,1.0,0.85,dynamic_safe
54,1.624659722653431e-05,9.881032107364231e-06,1.0,1.0,0.85,dynamic_safe
55,1.2565188736187905e-05,8.151994305355162e-06,1.0,1.0,0.85,dynamic_safe
56,1.0202921483712677e-05,6.918796904307658e-06,1.0,1.0,0.85,dynamic_safe
57,9.98543262462813e-06,5.969668427652746e-06,1.0,1.0,0.85,dynamic_safe
58,6.541683851508714e-06,4.78422052197586e-06,1.0,1.0,0.85,dynamic_safe
59,7.284651743820711e-06,4.2474015881815645e-06,1.0,1.0,0.85,dynamic_safe
60,4.845383097205421e-06,3.347530140698119e-06,1.0,1.0,0.85,dynamic_safe
61,4.827878474186814e-06,2.996345673614583e-06,1.0,1.0,0.85,dynamic_safe
62,3.935820997078351e-06,2.5038903690624814e-06,1.0,1.0,0.85,dynamic_safe
63,3.011577184825504e-06,2.091289830135419e-06,1.0,1.0,0.85,dynamic_safe
64,3.079121461003007e-06,1.8195161724833593e-06,1.0,1.0,0.85,dynamic_safe
65,1.9787081903019872e-06,1.4445237930858295e-06,1.0,1.0,0.85,dynamic_safe
66,2.198078855692062e-06,1.2891773297558978e-06,1.0,1.0,0.85,dynamic_safe
67,1.5132122014025868e-06,1.0295819413127465e-06,1.0,1.0,0.85,dynamic_safe
68,1.4300285586927608e-06,9.084290648132982e-07,1.0,1.0,0.85,dynamic_safe
69,1.2298754807015782e-06,7.670428618482899e-07,1.0,1.0,0.85,dynamic_safe
70,8.909870766441457e-07,6.322227123774064e-07,1.0,1.0,0.85,dynamic_safe
71,9.450069016902687e-07,5.54419142559397e-07,1.0,1.0,0.85,dynamic_safe
72,6.035699909124773e-07,4.3612118849077527e-07,1.0,1.0,0.85,dynamic_safe
73,6.601295342491582e-07,3.91540902334223e-07,1.0,1.0,0.85,dynamic_safe
74,4.7387046793394456e-07,3.1640843228971337e-07,1.0,1.0,0.85,dynamic_safe
75,4.2250579306768876e-07,2.7535528830986197e-07,1.0,1.0,0.85,dynamic_safe
76,3.830939783594395e-07,2.3442770066446594e-07,1.0,1.0,0.85,dynamic_safe
77,2.6469692312185505e-07,1.9101164382630303e-07,1.0,1.0,0.85,dynamic_safe
78,2.8863020873661116e-07,1.6854670285104572e-07,1.0,1.0,0.85,dynamic_safe
79,1.8561696960079891e-07,1.321563878084782e-07,1.0,1.0,0.85,dynamic_safe
80,1.9736077315201254e-07,1.1884638747116828e-07,1.0,1.0,0.85,dynamic_safe
81,1.4855344708114809e-07,9.735666481299031e-08,1.0,1.0,0.85,dynamic_safe
82,1.2464366680184768e-07,8.335146561673097e-08,1.0,1.0,0.85,dynamic_safe
83,1.1888239577568061e-07,7.161137637466814e-08,1.0,1.0,0.85,dynamic_safe
84,7.910412826843246e-08,5.767084880654691e-08,1.0,1.0,0.85,dynamic_safe
85,8.772672195197028e-08,5.1112454239960934e-08,1.0,1.0,0.85,dynamic_safe
86,5.749470441816717e-08,4.01161122972093e-08,1.0,1.0,0.85,dynamic_safe
87,5.8762341847663676e-08,3.6050511357985885e-08,1.0,1.0,0.85,dynamic_safe
88,4.655092839093194e-08,2.9922231166991896e-08,1.0,1.0,0.85,dynamic_safe
89,3.676491092827814e-08,2.5201039611165874e-08,1.0,1.0,0.85,dynamic_safe
90,3.673806321856075e-08,2.1826470307279873e-08,1.0,1.0,0.85,dynamic_safe
91,2.3816275531115418e-08,1.742008562992564e-08,1.0,1.0,0.85,dynamic_safe
92,2.6535240313072628e-08,1.5497736881611737e-08,1.0,1.0,0.85,dynamic_safe
93,1.7910220286761228e-08,1.2297167596583375e-08,1.0,1.0,0.85,dynamic_safe
94,1.74327948412175e-08,1.0928449439688388e-08,1.0,1.0,0.85,dynamic_safe
95,1.456330767565417e-08,9.180767830221947e-09,1.0,1.0,0.85,dynamic_safe
96,1.0859618419462743e-08,7.617163667442736e-09,1.0,1.0,0.85,dynamic_safe
97,1.1302374856078258e-08,6.652583889837674e-09,1.0,1.0,0.85,dynamic_safe
98,7.2305485158177434e-09,5.257038362303928e-09,1.0,1.0,0.85,dynamic_safe
99,7.988334587846597e-09,4.7058557576259654e-09,1.0,1.0,0.85,dynamic_safe
100,5.600889231786737e-09,3.777114707094275e-09,1.0,1.0,0.85,dynamic_safe
101,5.156561364068569e-09,3.3138916068069132e-09,1.0,1.0,0.85,dynamic_safe
102,4.544104622766452e-09,2.8089162361942326e-09,1.0,1.0,0.85,dynamic_safe
103,3.2179920628912957e-09,2.3029595054264665e-09,1.0,1.0,0.85,dynamic_safe
104,3.4608892017698367e-09,2.025666444399092e-09,1.0,1.0,0.85,dynamic_safe
105,2.21388503693905e-09,1.5901137400020122e-09,1.0,1.0,0.85,dynamic_safe
106,2.3938946742301688e-09,1.429002419658728e-09,1.0,1.0,0.85,dynamic_safe
107,1.7551177032596538e-09,1.1615638014427724e-09,1.0,1.0,0.85,dynamic_safe
108,1.5221850907636024e-09,1.0037259809839372e-09,1.0,1.0,0.85,dynamic_safe
109,1.4130769477639483e-09,8.582094214122161e-10,1.0,1.0,0.85,dynamic_safe
110,9.5838375589791e-10,6.954376178471309e-10,1.0,1.0,0.85,dynamic_safe
111,1.0546766145774996e-09,6.15070061095929e-10,1.0,1.0,0.85,dynamic_safe
112,6.831976764988675e-10,4.821002396562292e-10,1.0,1.0,0.85,dynamic_safe
113,7.143111393974112e-10,4.3368446731213445e-10,1.0,1.0,0.85,dynamic_safe
114,5.502107294539337e-10,3.574128045052429e-10,1.0,1.0,0.85,dynamic_safe
115,4.4894189538808705e-10,3.0373791063847716e-10,1.0,1.0,0.85,dynamic_safe
116,4.3769613465469164e-10,2.6191005589562186e-10,1.0,1.0,0.85,dynamic_safe
117,2.8734395232568414e-10,2.1004410396823923e-10,1.0,1.0,0.85,dynamic_safe
118,3.198516609454191e-10,1.8642047592228365e-10,1.0,1.0,0.85,dynamic_safe
119,2.1221892205781977e-10,1.467254645638917e-10,1.0,1.0,0.85,dynamic_safe
120,2.1231366490901975e-10,1.3151175006277953e-10,1.0,1.0,0.85,dynamic_safe
121,1.7231164323426393e-10,1.0977686647415373e-10,1.0,1.0,0.85,dynamic_safe
122,1.324793796674871e-10,9.180709148700933e-11,1.0,1.0,0.85,dynamic_safe
123,1.349892980811769e-10,7.981942870874913e-11,1.0,1.0,0.85,dynamic_safe
124,8.683811074521137e-11,6.342013482570855e-11,1.0,1.0,0.85,dynamic_safe
125,9.653679922637597e-11,5.6573185091228885e-11,1.0,1.0,0.85,dynamic_safe
126,6.624191748644372e-11,4.5138709623923114e-11,1.0,1.0,0.85,dynamic_safe
127,6.289589204375305e-11,3.9869469799723965e-11,1.0,1.0,0.85,dynamic_safe
128,5.3848226796394246e-11,3.36386005093508e-11,1.0,1.0,0.85,dynamic_safe
129,3.918032324825295e-11,2.775507561208015e-11,1.0,1.0,0.85,dynamic_safe
130,4.144097262613071e-11,2.4323713212999e-11,1.0,1.0,0.85,dynamic_safe
131,2.646746803378169e-11,1.914435954599239e-11,1.0,1.0,0.85,dynamic_safe
132,2.9000744182486257e-11,1.718241740498983e-11,1.0,1.0,0.85,dynamic_safe
133,2.0739340864603638e-11,1.3870967478194374e-11,1.0,1.0,0.85,dynamic_safe
134,1.858470185506414e-11,1.2087053780145086e-11,1.0,1.0,0.85,dynamic_safe
135,1.677728898759796e-11,1.0283798567554026e-11,1.0,1.0,0.85,dynamic_safe
136,1.163445166704255e-11,8.387053252150844e-12,1.0,1.0,0.85,dynamic_safe
137,1.2661884292803605e-11,7.397410514139524e-12,1.0,1.0,0.85,dynamic_safe
138,8.134127106690246e-12,5.801251943358802e-12,1.0,1.0,0.85,dynamic_safe
139,8.673168884738702e-12,5.216713757681484e-12,1.0,1.0,0.85,dynamic_safe
140,6.501335737134961e-12,4.268878156984935e-12,1.0,1.0,0.85,dynamic_safe
141,5.48286068371013e-12,3.6598383337452375e-12,1.0,1.0,0.85,dynamic_safe
142,5.208098794865335e-12,3.1423288196350723e-12,1.0,1.0,0.85,dynamic_safe
143,3.4748647652902542e-12,2.5331073112163207e-12,1.0,1.0,0.85,dynamic_safe
144,3.850210816376849e-12,2.2444821896921334e-12,1.0,1.0,0.85,dynamic_safe
145,2.5181618512754213e-12,1.7615371340144303e-12,1.0,1.0,0.85,dynamic_safe
146,2.583383308620806e-12,1.5834199406430114e-12,1.0,1.0,0.85,dynamic_safe
147,2.037516734652838e-12,1.3129927527844422e-12,1.0,1.0,0.85,dynamic_safe
148,1.6173505700907502e-12,1.10759346674458e-12,1.0,1.0,0.85,dynamic_safe
149,1.6100685127255117e-12,9.58812182075405e-13,1.0,1.0,0.85,dynamic_safe
150,1.0455224119255804e-12,7.660842886979009e-13,1.0,1.0,0.85,dynamic_safe
151,1.1649694736611318e-12,6.814208824480229e-13,1.0,1.0,0.85,dynamic_safe
152,7.839019340056243e-13,5.40136327253026e-13,1.0,1.0,0.85,dynamic_safe
1,0.5112608886646924,0.3617302912820997,0.53,-0.0407231385704967,0.85,dynamic_guard
2,0.20959798620348036,0.1485379434417826,0.86,0.512498059307561,0.85,dynamic_guard
3,0.08646996449773217,0.07193558981632099,0.94,0.7689128481581313,0.85,dynamic_guard
4,0.05259160028237326,0.05111050719272163,0.96,0.8734129947722181,0.85,dynamic_guard
5,0.05320650304463221,0.04129702227232179,0.96,0.8771471247199404,0.85,dynamic_guard
6,0.040377039939668895,0.03213982470020528,0.97,0.8907291071768514,0.85,dynamic_guard
7,0.041723577464091166,0.028877053419570094,0.98,0.9021549213744904,0.85,dynamic_guard
8,0.031167411386323795,0.024110111255613874,0.98,0.9219569015725102,0.85,dynamic_guard
9,0.027807729886466934,0.020948251421245685,0.98,0.9413706076490002,0.85,dynamic_guard
10,0.025727486285268077,0.017582023717898763,0.97,0.9402246335427376,0.85,dynamic_guard
11,0.019537519552285196,0.014386660550825598,0.98,0.9499126383226557,0.85,dynamic_guard
12,0.020664576196788353,0.012879964820712912,0.99,0.9544554455445546,0.85,dynamic_guard
13,0.013768593332437018,0.01023315951444383,0.99,0.9687128712871288,0.85,dynamic_guard
14,0.014523671687232415,0.009089901185077322,0.98,0.9685497961560862,0.85,dynamic_guard
15,0.011002853353313873,0.0073273235472558025,0.99,0.9750495049504952,0.85,dynamic_guard
16,0.009654369642057719,0.006332216727253355,0.99,0.9762376237623764,0.85,dynamic_guard
17,0.008898296035218951,0.005463113480269701,1.0,0.9793939393939396,0.85,dynamic_guard
18,0.006075030147114235,0.004426933998184288,1.0,0.9850505050505053,0.85,dynamic_guard
19,0.00664342733507168,0.003894541129663569,1.0,0.9874747474747476,0.85,dynamic_guard
20,0.0043059990692186365,0.00304033827739151,0.99,0.987722772277228,0.85,dynamic_guard
21,0.004562152893840784,0.0027323713311855277,0.99,0.9900990099009904,0.85,dynamic_guard
22,0.003440053373561449,0.002245318624270228,1.0,0.9923232323232325,0.85,dynamic_guard
23,0.0028603196763228845,0.0019159498478631524,1.0,0.9915151515151516,0.85,dynamic_guard
24,0.0027422818315518045,0.0016442584889748355,1.0,0.993939393939394,0.85,dynamic_guard
25,0.00182000633148667,0.0013204153203577739,0.99,0.9944554455445546,0.85,dynamic_guard
26,0.0020226440836302417,0.001170759359330367,1.0,0.9963636363636366,0.85,dynamic_guard
27,0.0013237410605611262,0.0009190053983764779,1.0,0.996767676767677,0.85,dynamic_guard
28,0.0013487112057698283,0.0008248065517347414,1.0,0.9979797979797982,0.85,dynamic_guard
29,0.001072373392473782,0.0006846122210340398,1.0,0.9979797979797982,0.85,dynamic_guard
30,0.0008437660358460567,0.0005752615789762169,1.0,0.998787878787879,0.85,dynamic_guard
31,0.0008454062047232167,0.0004987482206224331,1.0,0.9991919191919193,0.85,dynamic_guard
32,0.0005463665088288604,0.0003975807290164893,1.0,0.9991919191919193,0.85,dynamic_guard
33,0.0006087256315298098,0.00035368714702970936,1.0,1.0,0.85,dynamic_guard
34,0.0004113792285530588,0.000280732624533091,1.0,0.9983838383838385,0.85,dynamic_guard
35,0.00039919953533333006,0.00024916134351462286,1.0,0.9995959595959597,0.85,dynamic_guard
36,0.0003341340122049788,0.00020946835146993934,1.0,0.9995959595959597,0.85,dynamic_guard
37,0.0002481707051764632,0.00017360759237656034,1.0,0.9995959595959597,0.85,dynamic_guard
38,0.0002586638913871399,0.00015165784220696083,1.0,1.0,0.85,dynamic_guard
39,0.00016532287319448777,0.00011971606314092211,1.0,1.0,0.85,dynamic_guard
40,0.0001823955157451098,0.00010721863160275979,1.0,1.0,0.85,dynamic_guard
41,0.0001281150533542468,8.614163251676248e-05,1.0,1.0,0.85,dynamic_guard
42,0.00011745257155930315,7.54913840450991e-05,1.0,1.0,0.85,dynamic_guard
43,0.00010382900594491359,6.401378160085837e-05,1.0,1.0,0.85,dynamic_guard
44,7.32540429760852e-05,5.244158175181574e-05,1.0,1.0,0.85,dynamic_guard
45,7.893667346937116e-05,4.6147749356791846e-05,1.0,1.0,0.85,dynamic_guard
46,5.0483383326901306e-05,3.621809613116447e-05,1.0,1.0,0.85,dynamic_guard
47,5.448890924761907e-05,3.2553564016004736e-05,1.0,1.0,0.85,dynamic_guard
48,4.007585193180453e-05,2.6490883523535304e-05,1.0,1.0,0.85,dynamic_guard
49,3.4601629792740524e-05,2.286211908201818e-05,1.0,1.0,0.85,dynamic_guard
50,3.2243707563702985e-05,1.9561769231710913e-05,1.0,1.0,0.85,dynamic_guard
51,2.1800624433901272e-05,1.583753530635021e-05,1.0,1.0,0.85,dynamic_guard
52,2.4026957860282912e-05,1.4012060217748093e-05,1.0,1.0,0.85,dynamic_guard
53,1.5585337002475395e-05,1.0983395266355648e-05,1.0,1.0,0.85,dynamic_guard
54,1.624659722653431e-05,9.881032107364231e-06,1.0,1.0,0.85,dynamic_guard
55,1.2565188736187905e-05,8.151994305355162e-06,1.0,1.0,0.85,dynamic_guard
56,1.0202921483712677e-05,6.918796904307658e-06,1.0,1.0,0.85,dynamic_guard
57,9.98543262462813e-06,5.969668427652746e-06,1.0,1.0,0.85,dynamic_guard
58,6.541683851508714e-06,4.78422052197586e-06,1.0,1.0,0.85,dynamic_guard
59,7.284651743820711e-06,4.2474015881815645e-06,1.0,1.0,0.85,dynamic_guard
60,4.845383097205421e-06,3.347530140698119e-06,1.0,1.0,0.85,dynamic_guard
61,4.827878474186814e-06,2.996345673614583e-06,1.0,1.0,0.85,dynamic_guard
62,3.935820997078351e-06,2.5038903690624814e-06,1.0,1.0,0.85,dynamic_guard
63,3.011577184825504e-06,2.091289830135419e-06,1.0,1.0,0.85,dynamic_guard
64,3.079121461003007e-06,1.8195161724833593e-06,1.0,1.0,0.85,dynamic_guard
65,1.9787081903019872e-06,1.4445237930858295e-06,1.0,1.0,0.85,dynamic_guard
66,2.198078855692062e-06,1.2891773297558978e-06,1.0,1.0,0.85,dynamic_guard
67,1.5132122014025868e-06,1.0295819413127465e-06,1.0,1.0,0.85,dynamic_guard
68,1.4300285586927608e-06,9.084290648132982e-07,1.0,1.0,0.85,dynamic_guard
69,1.2298754807015782e-06,7.670428618482899e-07,1.0,1.0,0.85,dynamic_guard
70,8.909870766441457e-07,6.322227123774064e-07,1.0,1.0,0.85,dynamic_guard
71,9.450069016902687e-07,5.54419142559397e-07,1.0,1.0,0.85,dynamic_guard
72,6.035699909124773e-07,4.3612118849077527e-07,1.0,1.0,0.85,dynamic_guard
73,6.601295342491582e-07,3.91540902334223e-07,1.0,1.0,0.85,dynamic_guard
74,4.7387046793394456e-07,3.1640843228971337e-07,1.0,1.0,0.85,dynamic_guard
75,4.2250579306768876e-07,2.7535528830986197e-07,1.0,1.0,0.85,dynamic_guard
76,3.830939783594395e-07,2.3442770066446594e-07,1.0,1.0,0.85,dynamic_guard
77,2.6469692312185505e-07,1.9101164382630303e-07,1.0,1.0,0.85,dynamic_guard
78,2.8863020873661116e-07,1.6854670285104572e-07,1.0,1.0,0.85,dynamic_guard
79,1.8561696960079891e-07,1.321563878084782e-07,1.0,1.0,0.85,dynamic_guard
80,1.9736077315201254e-07,1.1884638747116828e-07,1.0,1.0,0.85,dynamic_guard
81,1.4855344708114809e-07,9.735666481299031e-08,1.0,1.0,0.85,dynamic_guard
82,1.2464366680184768e-07,8.335146561673097e-08,1.0,1.0,0.85,dynamic_guard
83,1.1888239577568061e-07,7.161137637466814e-08,1.0,1.0,0.85,dynamic_guard
84,7.910412826843246e-08,5.767084880654691e-08,1.0,1.0,0.85,dynamic_guard
85,8.772672195197028e-08,5.1112454239960934e-08,1.0,1.0,0.85,dynamic_guard
86,5.749470441816717e-08,4.01161122972093e-08,1.0,1.0,0.85,dynamic_guard
87,5.8762341847663676e-08,3.6050511357985885e-08,1.0,1.0,0.85,dynamic_guard
88,4.655092839093194e-08,2.9922231166991896e-08,1.0,1.0,0.85,dynamic_guard
89,3.676491092827814e-08,2.5201039611165874e-08,1.0,1.0,0.85,dynamic_guard
90,3.673806321856075e-08,2.1826470307279873e-08,1.0,1.0,0.85,dynamic_guard
91,2.3816275531115418e-08,1.742008562992564e-08,1.0,1.0,0.85,dynamic_guard
92,2.6535240313072628e-08,1.5497736881611737e-08,1.0,1.0,0.85,dynamic_guard
93,1.7910220286761228e-08,1.2297167596583375e-08,1.0,1.0,0.85,dynamic_guard
94,1.74327948412175e-08,1.0928449439688388e-08,1.0,1.0,0.85,dynamic_guard
95,1.456330767565417e-08,9.180767830221947e-09,1.0,1.0,0.85,dynamic_guard
96,1.0859618419462743e-08,7.617163667442736e-09,1.0,1.0,0.85,dynamic_guard
97,1.1302374856078258e-08,6.652583889837674e-09,1.0,1.0,0.85,dynamic_guard
98,7.2305485158177434e-09,5.257038362303928e-09,1.0,1.0,0.85,dynamic_guard
99,7.988334587846597e-09,4.7058557576259654e-09,1.0,1.0,0.85,dynamic_guard
100,5.600889231786737e-09,3.777114707094275e-09,1.0,1.0,0.85,dynamic_guard
101,5.156561364068569e-09,3.3138916068069132e-09,1.0,1.0,0.85,dynamic_guard
102,4.544104622766452e-09,2.8089162361942326e-09,1.0,1.0,0.85,dynamic_guard
103,3.2179920628912957e-09,2.3029595054264665e-09,1.0,1.0,0.85,dynamic_guard
104,3.4608892017698367e-09,2.025666444399092e-09,1.0,1.0,0.85,dynamic_guard
105,2.21388503693905e-09,1.5901137400020122e-09,1.0,1.0,0.85,dynamic_guard
106,2.3938946742301688e-09,1.429002419658728e-09,1.0,1.0,0.85,dynamic_guard
107,1.7551177032596538e-09,1.1615638014427724e-09,1.0,1.0,0.85,dynamic_guard
108,1.5221850907636024e-09,1.0037259809839372e-09,1.0,1.0,0.85,dynamic_guard
109,1.4130769477639483e-09,8.582094214122161e-10,1.0,1.0,0.85,dynamic_guard
110,9.5838375589791e-10,6.954376178471309e-10,1.0,1.0,0.85,dynamic_guard
111,1.0546766145774996e-09,6.15070061095929e-10,1.0,1.0,0.85,dynamic_guard
112,6.831976764988675e-10,4.821002396562292e-10,1.0,1.0,0.85,dynamic_guard
113,7.143111393974112e-10,4.3368446731213445e-10,1.0,1.0,0.85,dynamic_guard
114,5.502107294539337e-10,3.574128045052429e-10,1.0,1.0,0.85,dynamic_guard
115,4.4894189538808705e-10,3.0373791063847716e-10,1.0,1.0,0.85,dynamic_guard
116,4.3769613465469164e-10,2.6191005589562186e-10,1.0,1.0,0.85,dynamic_guard
117,2.8734395232568414e-10,2.1004410396823923e-10,1.0,1.0,0.85,dynamic_guard
118,3.198516609454191e-10,1.8642047592228365e-10,1.0,1.0,0.85,dynamic_guard
119,2.1221892205781977e-10,1.467254645638917e-10,1.0,1.0,0.85,dynamic_guard
120,2.1231366490901975e-10,1.3151175006277953e-10,1.0,1.0,0.85,dynamic_guard
121,1.7231164323426393e-10,1.0977686647415373e-10,1.0,1.0,0.85,dynamic_guard
122,1.324793796674871e-10,9.180709148700933e-11,1.0,1.0,0.85,dynamic_guard
123,1.349892980811769e-10,7.981942870874913e-11,1.0,1.0,0.85,dynamic_guard
124,8.683811074521137e-11,6.342013482570855e-11,1.0,1.0,0.85,dynamic_guard
125,9.653679922637597e-11,5.6573185091228885e-11,1.0,1.0,0.85,dynamic_guard
126,6.624191748644372e-11,4.5138709623923114e-11,1.0,1.0,0.85,dynamic_guard
127,6.289589204375305e-11,3.9869469799723965e-11,1.0,1.0,0.85,dynamic_guard
128,5.3848226796394246e-11,3.36386005093508e-11,1.0,1.0,0.85,dynamic_guard
129,3.918032324825295e-11,2.775507561208015e-11,1.0,1.0,0.85,dynamic_guard
130,4.144097262613071e-11,2.4323713212999e-11,1.0,1.0,0.85,dynamic_guard
131,2.646746803378169e-11,1.914435954599239e-11,1.0,1.0,0.85,dynamic_guard
132,2.9000744182486257e-11,1.718241740498983e-11,1.0,1.0,0.85,dynamic_guard
133,2.0739340864603638e-11,1.3870967478194374e-11,1.0,1.0,0.85,dynamic_guard
134,1.858470185506414e-11,1.2087053780145086e-11,1.0,1.0,0.85,dynamic_guard
135,1.677728898759796e-11,1.0283798567554026e-11,1.0,1.0,0.85,dynamic_guard
136,1.163445166704255e-11,8.387053252150844e-12,1.0,1.0,0.85,dynamic_guard
137,1.2661884292803605e-11,7.397410514139524e-12,1.0,1.0,0.85,dynamic_guard
138,8.134127106690246e-12,5.801251943358802e-12,1.0,1.0,0.85,dynamic_guard
139,8.673168884738702e-12,5.216713757681484e-12,1.0,1.0,0.85,dynamic_guard
140,6.501335737134961e-12,4.268878156984935e-12,1.0,1.0,0.85,dynamic_guard
141,5.48286068371013e-12,3.6598383337452375e-12,1.0,1.0,0.85,dynamic_guard
142,5.208098794865335e-12,3.1423288196350723e-12,1.0,1.0,0.85,dynamic_guard
143,3.4748647652902542e-12,2.5331073112163207e-12,1.0,1.0,0.85,dynamic_guard
144,3.850210816376849e-12,2.2444821896921334e-12,1.0,1.0,0.85,dynamic_guard
145,2.5181618512754213e-12,1.7615371340144303e-12,1.0,1.0,0.85,dynamic_guard
146,2.583383308620806e-12,1.5834199406430114e-12,1.0,1.0,0.85,dynamic_guard
147,2.037516734652838e-12,1.3129927527844422e-12,1.0,1.0,0.85,dynamic_guard
148,1.6173505700907502e-12,1.10759346674458e-12,1.0,1.0,0.85,dynamic_guard
149,1.6100685127255117e-12,9.58812182075405e-13,1.0,1.0,0.85,dynamic_guard
150,1.0455224119255804e-12,7.660842886979009e-13,1.0,1.0,0.85,dynamic_guard
151,1.1649694736611318e-12,6.814208824480229e-13,1.0,1.0,0.85,dynamic_guard
152,7.839019340056243e-13,5.40136327253026e-13,1.0,1.0,0.85,dynamic_guard
1,0.6144925955192099,0.4959915650987119,0.46,-0.10890416772769712,0.99,power
2,0.27307064083679516,0.2387655609674225,0.8,0.41456582633053213,0.99,power
3,0.12430624720661373,0.11652545046359264,0.92,0.6953963309103496,0.99,power
4,0.05625324909982767,0.05785382034883623,0.97,0.8477060727203504,0.99,power
5,0.03226649521596975,0.03040678693308538,0.98,0.9242865463016888,0.99,power
6,0.017531022503119595,0.015788359637039322,0.99,0.9623762376237626,0.99,power
7,0.007649478004246005,0.008117713033026955,1.0,0.9810101010101011,0.99,power
8,0.004431017688692298,0.004900590375389275,1.0,0.9870707070707071,0.99,power
9,0.0023038222642958565,0.003194051363846848,0.99,0.9944554455445546,0.99,power
10,0.0010246695241913416,0.0026584335283853346,0.99,0.9952475247524755,0.99,power
11,0.0006965367356596745,0.0025756448101504057,1.0,0.9983838383838385,0.99,power
12,0.0005683098260625976,0.002529299198662594,1.0,0.9991919191919193,0.99,power
13,0.0005137550579286185,0.0024930429455190446,1.0,1.0,0.99,power
14,0.0005007729353717351,0.0024637387756186826,1.0,1.0,0.99,power
15,0.000493514952462637,0.0024371676386971417,1.0,0.9995959595959597,0.99,power
16,0.00048762118477929477,0.0024115611730884967,1.0,0.9995959595959597,0.99,power
17,0.00048247337806651,0.0023865101734736817,1.0,0.9995959595959597,0.99,power
18,0.00047753045183834846,0.00236229451488341,1.0,0.9995959595959597,0.99,power
19,0.0004726981311685919,0.002338638060722747,1.0,0.9995959595959597,0.99,power
20,0.00046794980999819216,0.0023152185297010608,1.0,0.9995959595959597,0.99,power
21,0.00046326310300118495,0.002292033523940391,1.0,0.9995959595959597,0.99,power
22,0.0004586270991186134,0.00226908069010696,1.0,0.9995959595959597,0.99,power
23,0.0004540382225836499,0.0022463577088290957,1.0,0.9995959595959597,0.99,power
24,0.00044949536549497007,0.002223862280285193,1.0,0.9995959595959597,0.99,power
25,0.0004449982783490592,0.002201592126472346,1.0,0.9995959595959597,0.99,power
26,0.00044054630181818616,0.0021795449903976956,1.0,0.9995959595959597,0.99,power
27,0.0004361389224019531,0.0021577186385401542,1.0,0.9995959595959597,0.99,power
28,0.0004317754588127954,0.002136110859611804,1.0,0.9995959595959597,0.99,power
29,0.00042745553687434075,0.0021147194649288785,1.0,0.9995959595959597,0.99,power
30,0.0004231786130049414,0.0020935422875015576,1.0,0.9995959595959597,0.99,power
31,0.00041894437340707987,0.0020725771821755636,1.0,0.9995959595959597,0.99,power
32,0.00041475228972201076,0.002051822025160261,1.0,0.9995959595959597,0.99,power
33,0.0004106020530779291,0.0020312747140142024,1.0,0.9995959595959597,0.99,power
34,0.00040649314017198086,0.0020109331673029054,1.0,0.9995959595959597,0.99,power
35,0.00040242525375313996,0.0019907953244768487,1.0,0.9995959595959597,0.99,power
36,0.0003983978780331942,0.0019708591455959235,1.0,0.9995959595959597,0.99,power
37,0.0003944107267884152,0.0019511226111673984,1.0,0.9995959595959597,0.99,power
38,0.00039046328969734545,0.0019315837219097544,1.0,0.9995959595959597,0.99,power
39,0.00038655529048010694,0.0019122404985717231,1.0,0.9995959595959597,0.99,power
40,0.00038268622394016494,0.001893090981716688,1.0,0.9995959595959597,0.99,power
41,0.00037885582354333535,0.0018741332315351735,1.0,0.9995959595959597,0.99,power
42,0.0003750635892473594,0.0018553653276395339,1.0,0.9995959595959597,0.99,power
43,0.0003713092639535539,0.0018367853688762243,1.0,0.9995959595959597,0.99,power
44,0.0003675923527879936,0.001818391473128473,1.0,0.9995959595959597,0.99,power
45,0.00036391260775412923,0.0018001817771282338,1.0,0.9995959595959597,0.99,power
46,0.00036026953920472853,0.0017821544362665626,1.0,0.9995959595959597,0.99,power
47,0.00035666290792734815,0.0017643076244060925,1.0,0.9995959595959597,0.99,power
48,0.0003530922295729173,0.0017466395336977348,1.0,0.9995959595959597,0.99,power
49,0.0003495572734006765,0.001729148374395799,1.0,0.9995959595959597,0.99,power
50,0.00034605756042991367,0.001711832374677433,1.0,0.9995959595959597,0.99,power
51,0.0003425928680875412,0.0016946897804638126,1.0,0.9995959595959597,0.99,power
52,0.0003391627228270175,0.001677718855241081,1.0,0.9995959595959597,0.99,power
53,0.0003357669099488907,0.0016609178798853172,1.0,0.9995959595959597,0.99,power
54,0.00033240496140029776,0.0016442851524886225,1.0,0.9995959595959597,0.99,power
55,0.0003290766700712941,0.0016278189881856256,1.0,0.9995959595959597,0.99,power
56,0.0003257815734550421,0.0016115177189839625,1.0,0.9995959595959597,0.99,power
57,0.0003225194717569507,0.0015953796935946802,1.0,0.9995959595959597,0.99,power
58,0.0003192899080612666,0.0015794032772652043,1.0,0.9995959595959597,0.99,power
59,0.0003160926896243081,0.0015635868516136972,1.0,0.9995959595959597,0.99,power
60,0.00031292736515931317,0.0015479288144650434,1.0,0.9995959595959597,0.99,power
61,0.00030979374871858045,0.0015324275796884646,1.0,0.9995959595959597,0.99,power
62,0.00030669139467532573,0.0015170815770371275,1.0,0.9995959595959597,0.99,power
63,0.00030362012363206595,0.0015018892519889965,1.0,0.9995959595959597,0.99,power
64,0.000300579495646462,0.0014868490655888704,1.0,0.9995959595959597,0.99,power
65,0.00029756933763433073,0.0014719594942935509,1.0,0.9995959595959597,0.99,power
66,0.0002945892153560712,0.0014572190298164085,1.0,0.9995959595959597,0.99,power
67,0.00029163896181247763,0.001442626178975373,1.0,0.9995959595959597,0.99,power
68,0.00028871814847899335,0.0014281794635410273,1.0,0.9995959595959597,0.99,power
69,0.0002858266142213988,0.0014138774200873733,1.0,0.9995959595959597,0.99,power
70,0.00028296393623711356,0.0013997185998437577,1.0,0.9995959595959597,0.99,power
71,0.00028012995904475984,0.0013857015685469231,1.0,0.9995959595959597,0.99,power
72,0.0002773242655654449,0.0013718249062975643,1.0,0.9995959595959597,0.99,power
73,0.00027454670576626506,0.00135808720741495,1.0,0.9995959595959597,0.99,power
74,0.00027179686828886776,0.0013444870802951352,1.0,0.9995959595959597,0.99,power
75,0.0002690746083518545,0.0013310231472696231,1.0,0.9995959595959597,0.99,power
76,0.0002663795203096792,0.0013176940444671595,1.0,0.9995959595959597,0.99,power
77,0.0002637114644426519,0.0013044984216736364,1.0,0.9995959595959597,0.99,power
78,0.0002610700408060309,0.0012914349421961975,1.0,0.9995959595959597,0.99,power
79,0.0002584551145589763,0.0012785022827285861,1.0,0.9995959595959597,0.99,power
80,0.00025586629144150775,0.0012656991332155362,1.0,0.9995959595959597,0.99,power
81,0.0002533034413154039,0.0012530241967214346,1.0,0.9995959595959597,0.99,power
82,0.00025076617558571803,0.001240476189298493,1.0,0.9995959595959597,0.99,power
83,0.0002482543686470393,0.001228053839856039,1.0,0.9995959595959597,0.99,power
84,0.0002457676375461863,0.0012157558900329738,1.0,0.9995959595959597,0.99,power
85,0.000243305861046918,0.0012035810940690785,1.0,0.9995959595959597,0.99,power
86,0.00024086866181134023,0.0011915282186800962,1.0,0.9995959595959597,0.99,power
87,0.00023845592281472434,0.0011795960429310905,1.0,0.9995959595959597,0.99,power
88,0.00023606727230492176,0.0011677833581149064,1.0,0.9995959595959597,0.99,power
89,0.00023370259731679696,0.001156088967627967,1.0,0.9995959595959597,0.99,power
90,0.00023136153165156232,0.0011445116868495499,1.0,0.9995959595959597,0.99,power
91,0.00022904396625732077,0.0011330503430223163,1.0,0.9995959595959597,0.99,power
92,0.00022674954045365247,0.0011217037751330905,1.0,0.9995959595959597,0.99,power
93,0.0002244781489608922,0.0011104708337950076,1.0,0.9995959595959597,0.99,power
94,0.00022222943657952647,0.0010993503811315888,1.0,0.9995959595959597,0.99,power
95,0.0002200033016662857,0.0010883412906615773,1.0,0.9995959595959597,0.99,power
96,0.0002177993944628536,0.0010774424471837005,1.0,0.9995959595959597,0.99,power
97,0.00021561761683143522,0.0010666527466649495,1.0,0.9995959595959597,0.99,power
98,0.00021345762441316816,0.0010559710961285662,1.0,0.9995959595959597,0.99,power
99,0.00021131932244959742,0.0010453964135426863,1.0,0.9995959595959597,0.99,power
100,0.0002092023719376158,0.0010349276277109962,1.0,0.9995959595959597,0.99,power
101,0.00020710668137662416,0.001024563678164935,1.0,0.9995959595959597,0.99,power
102,0.00020503191707379087,0.0010143035150547487,1.0,0.9995959595959597,0.99,power
103,0.0002029779906693178,0.00100414609904511,1.0,0.9995959595959597,0.99,power
104,0.00020094457373354108,0.0009940904012082153,1.0,0.9995959595959597,0.99,power
105,0.0001989315809346887,0.0009841354029197762,1.0,0.9995959595959597,0.99,power
106,0.00019693868905773726,0.0009742800957569624,1.0,0.9995959595959597,0.99,power
107,0.0001949658156902512,0.0009645234813947317,1.0,0.9995959595959597,0.99,power
108,0.0001930126427819281,0.0009548645715060202,1.0,0.9995959595959597,0.99,power
109,0.00019107909073498623,0.0009453023876609544,1.0,0.9995959595959597,0.99,power
110,0.00018916484661271195,0.0009358359612275784,1.0,0.9995959595959597,0.99,power
111,0.0001872698335311511,0.000926464333274218,1.0,0.9995959595959597,0.99,power
112,0.00018539374361487305,0.0009171865544716101,1.0,0.9995959595959597,0.99,power
113,0.0001835365025966136,0.0009080016849981351,1.0,0.9995959595959597,0.99,power
114,0.00018169780760898496,0.0008989087944431749,1.0,0.9995959595959597,0.99,power
115,0.00017987758690779585,0.000889906961713144,1.0,0.9995959595959597,0.99,power
116,0.00017807554257955779,0.0008809952749389655,1.0,0.9995959595959597,0.99,power
117,0.00017629160531298466,0.0008721728313830473,1.0,0.9995959595959597,0.99,power
118,0.00017452548209352325,0.000863438737347832,1.0,0.9995959595959597,0.99,power
119,0.00017277710595592114,0.0008547921080856043,1.0,0.9995959595959597,0.99,power
120,0.00017104618872895114,0.0008462320677083365,1.0,0.9995959595959597,0.99,power
121,0.00016933266570966189,0.0008377577490995864,1.0,0.9995959595959597,0.99,power
122,0.00016763625351388155,0.0008293682938263641,1.0,0.9995959595959597,0.99,power
123,0.00016595688962037152,0.0008210628520520703,1.0,0.9995959595959597,0.99,power
124,0.00016429429537521633,0.0008128405824507851,1.0,0.9995959595959597,0.99,power
125,0.00016264841036120223,0.0008047006521210978,1.0,0.9995959595959597,0.99,power
126,0.00016101896059745108,0.0007966422365033228,1.0,0.9995959595959597,0.99,power
127,0.00015940588769590983,0.0007886645192945007,1.0,0.9995959595959597,0.99,power
128,0.00015780892229115174,0.0007807666923661925,1.0,0.9995959595959597,0.99,power
129,0.00015622800795216574,0.0007729479556830973,1.0,0.9995959595959597,0.99,power
130,0.00015466287987107313,0.0007652075172214234,1.0,0.9995959595959597,0.99,power
131,0.0001531134835044704,0.0007575445928886784,1.0,0.9995959595959597,0.99,power
132,0.00015157955854384452,0.0007499584064447713,1.0,0.9995959595959597,0.99,power
133,0.00015006105226646077,0.000742448189422601,1.0,0.9995959595959597,0.99,power
134,0.00014855770880486808,0.0007350131810510548,1.0,0.9995959595959597,0.99,power
135,0.00014706947719254917,0.0007276526281772669,1.0,0.9995959595959597,0.99,power
136,0.00014559610594465117,0.0007203657851905516,1.0,0.9995959595959597,0.99,power
137,0.00014413754578874045,0.0007131519139469958,1.0,0.9995959595959597,0.99,power
138,0.00014269354956406802,0.0007060102836948672,1.0,0.9995959595959597,0.99,power
139,0.0001412640696324307,0.0006989401709994137,1.0,0.9995959595959597,0.99,power
140,0.00013984886309869913,0.0006919408596714834,1.0,0.9995959595959597,0.99,power
141,0.0001384478839012208,0.0006850116406935008,1.0,0.9995959595959597,0.99,power
142,0.00013706089335199838,0.000678151812148291,1.0,0.9995959595959597,0.99,power
143,0.00013568784691036365,0.0006713606791475497,1.0,0.9995959595959597,0.99,power
144,0.00013432851003712212,0.0006646375537618604,1.0,0.9995959595959597,0.99,power
145,0.00013298283965900966,0.0006579817549510719,1.0,0.9995959595959597,0.99,power
146,0.00013165060532736826,0.0006513926084946405,1.0,0.9995959595959597,0.99,power
147,0.00013033176538477755,0.0006448694469240803,1.0,0.9995959595959597,0.99,power
148,0.00012902609341501427,0.0006384116094551538,1.0,0.9995959595959597,0.99,power
149,0.00012773354912684297,0.0006320184419203334,1.0,0.9995959595959597,0.99,power
150,0.00012645391007855454,0.0006256892967036878,1.0,0.9995959595959597,0.99,power
151,0.00012518713729720487,0.0006194235326740596,1.0,0.9995959595959597,0.99,power
152,0.00012393301225798706,0.0006132205151214689,1.0,0.9995959595959597,0.99,power
153,0.00012269149726006187,0.0006070796156910077,1.0,0.9995959595959597,0.99,power
154,0.0001214623776382191,0.0006010002123208805,1.0,0.9995959595959597,0.99,power
155,0.00012024561691921204,0.0005949816891785702,1.0,0.9995959595959597,0.99,power
156,0.00011904100424033104,0.0005890234365987364,1.0,0.9995959595959597,0.99,power
157,0.00011784850431314985,0.0005831248510211947,1.0,0.9995959595959597,0.99,power
158,0.00011666791002071772,0.0005772853349299315,1.0,0.9995959595959597,0.99,power
159,0.00011549918721807168,0.0005715042967926294,1.0,0.9995959595959597,0.99,power
160,0.0001143421324777021,0.0005657811510003977,1.0,1.0,0.99,power
161,0.00011319671275833337,0.0005601153178094372,1.0,1.0,0.99,power
162,0.00011206272826587173,0.0005545062232808903,1.0,1.0,0.99,power
163,0.00011094014702441759,0.0005489532992238525,1.0,1.0,0.99,power
164,0.00010982877281767077,0.0005434559831368499,1.0,1.0,0.99,power
165,0.00010872857469815502,0.0005380137181520197,1.0,1.0,0.99,power
166,0.00010763935997227709,0.0005326259529780343,1.0,1.0,0.99,power
167,0.00010656109868529119,0.0005272921418436286,1.0,1.0,0.99,power
168,0.00010549360161164528,0.000522011744443782,1.0,1.0,0.99,power
169,0.0001044368397550031,0.0005167842258837184,1.0,1.0,0.99,power
170,0.0001033906273035561,0.0005116090566254414,1.0,1.0,0.99,power
171,0.00010235493618636793,0.0005064857124336185,1.0,1.0,0.99,power
172,0.00010132958395159185,0.0005014136743226441,1.0,1.0,0.99,power
173,0.00010031454342179797,0.0004963924285044404,1.0,1.0,0.99,power
174,9.930963545180143e-05,0.000491421466336117,1.0,1.0,0.99,power
175,9.831483372693137e-05,0.00048650028426788056,1.0,1.0,0.99,power
176,9.732996235603841e-05,0.0004816283837933133,1.0,1.0,0.99,power
177,9.635499585750504e-05,0.00047680527139758487,1.0,1.0,0.99,power
178,9.53897615419231e-05,0.0004720304585082209,1.0,1.0,0.99,power
179,9.443423473224973e-05,0.00046730346144545695,1.0,1.0,0.99,power
180,9.348824588910438e-05,0.00046262380137258234,1.0,1.0,0.99,power
181,9.25517711124634e-05,0.00045799100424930944,1.0,1.0,0.99,power
182,9.162464396186619e-05,0.00045340460078133063,1.0,1.0,0.99,power
183,9.070684128774503e-05,0.00044886412637411255,1.0,1.0,0.99,power
184,8.979819969793195e-05,0.00044436912108642676,1.0,1.0,0.99,power
185,8.889869676773852e-05,0.00043991912958178995,1.0,1.0,0.99,power
186,8.800817210326721e-05,0.00043551370108479184,1.0,1.0,0.99,power
187,8.712660398008771e-05,0.00043115238933287266,1.0,1.0,0.99,power
188,8.625383495299435e-05,0.000426834752533656,1.0,1.0,0.99,power
189,8.538984397408531e-05,0.00042256035331793046,1.0,1.0,0.99,power
190,8.453447649800562e-05,0.00041832875869709873,1.0,1.0,0.99,power
191,8.368771213035043e-05,0.00041413954001843454,1.0,1.0,0.99,power
192,8.284939917730053e-05,0.0004099922729214516,1.0,1.0,0.99,power
193,8.201951787594588e-05,0.00040588653729554903,1.0,1.0,0.99,power
194,8.119791933620902e-05,0.0004018219172376113,1.0,1.0,0.99,power
195,8.038458440527995e-05,0.00039779800100845915,1.0,1.0,0.99,power
196,7.957936694975008e-05,0.0003938143809928329,1.0,1.0,0.99,power
197,7.878224840637414e-05,0.00038987065365761236,1.0,1.0,0.99,power
198,7.799308535184099e-05,0.00038596641951008223,1.0,1.0,0.99,power
199,7.721185979258781e-05,0.00038210128305847415,1.0,1.0,0.99,power
200,7.643843096945645e-05,0.0003782748527715118,1.0,1.0,0.99,power
201,7.567278143951665e-05,0.00037448674103881965,1.0,1.0,0.99,power
202,7.491477306229102e-05,0.0003707365641314707,1.0,1.0,0.99,power
203,7.416438892710742e-05,0.0003670239421634902,1.0,1.0,0.99,power
204,7.342149346739585e-05,0.00036334849905300274,1.0,1.0,0.99,power
205,7.268607028695352e-05,0.00035970986248429345,1.0,1.0,0.99,power
206,7.195798634891037e-05,0.00035610766387015236,1.0,1.0,0.99,power
207,7.123722575437998e-05,0.00035254153831416137,1.0,1.0,0.99,power
208,7.052365795265438e-05,0.0003490111245746493,1.0,1.0,0.99,power
209,6.981726752561341e-05,0.0003455160650268838,1.0,1.0,0.99,power
210,6.911792636567422e-05,0.0003420560056277387,1.0,1.0,0.99,power
211,6.842561951956958e-05,0.00033863059587959255,1.0,1.0,0.99,power
212,6.774022128043144e-05,0.000335239488794532,1.0,1.0,0.99,power
213,6.706171714446306e-05,0.0003318823408595766,1.0,1.0,0.99,power
214,6.638998376372543e-05,0.0003285588120019706,1.0,1.0,0.99,power
215,6.572500706900929e-05,0.0003252685655540917,1.0,1.0,0.99,power
216,6.506666603012018e-05,0.000322011268220059,1.0,1.0,0.99,power
217,6.44149469981027e-05,0.00031878659004141736,1.0,1.0,0.99,power
218,6.376973121987136e-05,0.0003155942043642734,1.0,1.0,0.99,power
219,6.313100545296129e-05,0.00031243378780590193,1.0,1.0,0.99,power
220,6.249865318131642e-05,0.00030930502022166273,1.0,1.0,0.99,power
221,6.187266155564015e-05,0.00030620758467306405,1.0,1.0,0.99,power
222,6.125291625747174e-05,0.0003031411673954438,1.0,1.0,0.99,power
223,6.063940481779378e-05,0.00030010545776649783,1.0,1.0,0.99,power
224,6.003201507689004e-05,0.00029710014827456977,1.0,1.0,0.99,power
225,5.943073493361395e-05,0.00029412493448693493,1.0,1.0,0.99,power
226,5.883545434869316e-05,0.0002911795150196684,1.0,1.0,0.99,power
227,5.8246161576892454e-05,0.00028826359150763256,1.0,1.0,0.99,power
228,5.766274866162692e-05,0.0002853768685729245,1.0,1.0,0.99,power
229,5.70852042020637e-05,0.0002825190537957241,1.0,1.0,0.99,power
230,5.651342228722053e-05,0.0002796898576843726,1.0,1.0,0.99,power
231,5.594739184936018e-05,0.00027688899364684296,1.0,1.0,0.99,power
232,5.538700898651408e-05,0.0002741161779603942,1.0,1.0,0.99,power
233,5.48322629534752e-05,0.0002713711297440178,1.0,1.0,0.99,power
234,5.428305182118981e-05,0.00026865357092918895,1.0,1.0,0.99,power
235,5.373936515648365e-05,0.0002659632262323382,1.0,1.0,0.99,power
236,5.3201102967822766e-05,0.0002632998231263785,1.0,1.0,0.99,power
237,5.266825512408409e-05,0.0002606630918131751,1.0,1.0,0.99,power
238,5.214072353632012e-05,0.0002580527651969924,1.0,1.0,0.99,power
239,5.161849836577395e-05,0.00025546857885630855,1.0,1.0,0.99,power
240,5.11014833917097e-05,0.00025291027101779606,1.0,1.0,0.99,power
241,5.0589669058394434e-05,0.00025037758252937866,1.0,1.0,0.99,power
242,5.008296097948234e-05,0.0002478702568346504,1.0,1.0,0.99,power
243,4.958134987327848e-05,0.00024538803994593786,1.0,1.0,0.99,power
244,4.9084743154578626e-05,0.00024293068041898323,1.0,1.0,0.99,power
245,4.859313180692115e-05,0.0002404979293280313,1.0,1.0,0.99,power
246,4.8106425013515873e-05,0.0002380895402394231,1.0,1.0,0.99,power
247,4.762461401475961e-05,0.0002357052691883463,1.0,1.0,0.99,power
248,4.7147609730087954e-05,0.0002333448746518833,1.0,1.0,0.99,power
249,4.6675403648613655e-05,0.00023100811752643804,1.0,1.0,0.99,power
250,4.6207908394228457e-05,0.00022869476110336262,1.0,1.0,0.99,power
251,4.574511569697867e-05,0.00022640457104323796,1.0,1.0,0.99,power
252,4.528693985407134e-05,0.00022413731535409116,1.0,1.0,0.99,power
253,4.483337282885492e-05,0.00022189276436707968,1.0,1.0,0.99,power
254,4.438433056114783e-05,0.0002196706907136282,1.0,1.0,0.99,power
255,4.3939805240395997e-05,0.00021747086930110944,1.0,1.0,0.99,power
256,4.349971441882846e-05,0.00021529307729219795,1.0,1.0,0.99,power
257,4.306405050485224e-05,0.00021313709407988954,1.0,1.0,0.99,power
258,4.2632732633475426e-05,0.00021100270126749984,1.0,1.0,0.99,power
259,4.220575342525998e-05,0.00020888968264508016,1.0,1.0,0.99,power
260,4.178303356884744e-05,0.00020679782416707136,1.0,1.0,0.99,power
261,4.13645658903325e-05,0.00020472691393247532,1.0,1.0,0.99,power
262,4.0950272603277766e-05,0.00020267674216164762,1.0,1.0,0.99,power
263,4.0540146732936946e-05,0.00020064710117602384,1.0,1.0,0.99,power
264,4.0134111989655057e-05,0.00019863778537657718,1.0,1.0,0.99,power
265,3.973216159165574e-05,0.0001966485912232784,1.0,1.0,0.99,power
266,3.933422071833484e-05,0.00019467931721457198,1.0,1.0,0.99,power
267,3.894028277493975e-05,0.000192729763866599,1.0,1.0,0.99,power
268,3.855027438262552e-05,0.00019079973369276167,1.0,1.0,0.99,power
269,3.816418912800204e-05,0.00018888903118475717,1.0,1.0,0.99,power
270,3.778195504713862e-05,0.00018699746279194206,1.0,1.0,0.99,power
271,3.740356590240715e-05,0.00018512483690184738,1.0,1.0,0.99,power
272,3.7028951118532076e-05,0.0001832709638209681,1.0,1.0,0.99,power
273,3.6658104628260795e-05,0.00018143565575504307,1.0,1.0,0.99,power
274,3.629095721899275e-05,0.00017961872679083304,1.0,1.0,0.99,power
275,3.5927502988793625e-05,0.00017781999287682209,1.0,1.0,0.99,power
276,3.556767406228767e-05,0.00017603927180468085,1.0,1.0,0.99,power
277,3.521146469775527e-05,0.00017427638319042217,1.0,1.0,0.99,power
278,3.485880833212092e-05,0.00017253114845665888,1.0,1.0,0.99,power
279,3.4509699378974504e-05,0.00017080339081398295,1.0,1.0,0.99,power
280,3.4164072562991945e-05,0.00016909293524441455,1.0,1.0,0.99,power
281,3.382192244839988e-05,0.00016739960848097742,1.0,1.0,0.99,power
282,3.348318502347706e-05,0.00016572323899379166,1.0,1.0,0.99,power
283,3.314785499857832e-05,0.00016406365696880124,1.0,1.0,0.99,power
284,3.2815869601786254e-05,0.00016242069429394984,1.0,1.0,0.99,power
285,3.2487223685300143e-05,0.0001607941845397256,1.0,1.0,0.99,power
286,3.216185569368642e-05,0.00015918396294396369,1.0,1.0,0.99,power
287,3.1839760616641195e-05,0.0001575898663937452,1.0,1.0,0.99,power
288,3.1520878092445066e-05,0.00015601173341034516,1.0,1.0,0.99,power
289,3.1205203244171666e-05,0.00015444940413156786,1.0,1.0,0.99,power
290,3.089267688125596e-05,0.00015290272029651152,1.0,1.0,0.99,power
291,3.058329425622534e-05,0.00015137152522884867,1.0,1.0,0.99,power
292,3.0276997327609464e-05,0.00014985566382106827,1.0,1.0,0.99,power
293,2.997378147352115e-05,0.0001483549825193449,1.0,1.0,0.99,power
294,2.9673589779831298e-05,0.00014686932930738254,1.0,1.0,0.99,power
295,2.937641774661063e-05,0.00014539855369128518,1.0,1.0,0.99,power
296,2.9082209565748388e-05,0.00014394250668424305,1.0,1.0,0.99,power
297,2.8790960855615502e-05,0.00014250104079100714,1.0,1.0,0.99,power
298,2.850261689318965e-05,0.00014107400999396568,1.0,1.0,0.99,power
299,2.8217173411774907e-05,0.0001396612697373587,1.0,1.0,0.99,power
300,2.7934576752816334e-05,0.00013826267691331457,1.0,1.0,0.99,power
301,2.765482276110832e-05,0.00013687808984680258,1.0,1.0,0.99,power
302,2.7377858822434168e-05,0.00013550736828170975,1.0,1.0,0.99,power
303,2.7103680889820693e-05,0.0001341503733664733,1.0,1.0,0.99,power
304,2.6832237373607153e-05,0.00013280696764011098,1.0,1.0,0.99,power
305,2.6563524331899675e-05,0.0001314770150175951,1.0,1.0,0.99,power
306,2.6297491179986023e-05,0.00013016038077743838,1.0,1.0,0.99,power
307,2.6034134078093058e-05,0.00012885693154727262,1.0,1.0,0.99,power
308,2.5773403427396726e-05,0.00012756653528974633,1.0,1.0,0.99,power
309,2.5515295487202535e-05,0.00012628906129000234,1.0,1.0,0.99,power
310,2.5259761625852057e-05,0.0001250243801424542,1.0,1.0,0.99,power
311,2.5006798198851583e-05,0.00012377236373708347,1.0,1.0,0.99,power
312,2.475635752320676e-05,0.0001225328852469283,1.0,1.0,0.99,power
313,2.4508436047977582e-05,0.0001213058191151314,1.0,1.0,0.99,power
314,2.4262987020686807e-05,0.0001200910410419003,1.0,1.0,0.99,power
315,2.402000698123337e-05,0.00011888842797270501,1.0,1.0,0.99,power
316,2.3779450089897048e-05,0.00011769785808491739,1.0,1.0,0.99,power
317,2.3541312974872158e-05,0.00011651921077582667,1.0,1.0,0.99,power
318,2.3305550691707382e-05,0.00011535236665117054,1.0,1.0,0.99,power
319,2.307215995435044e-05,0.00011419720751093733,1.0,1.0,0.99,power
320,2.2841096696540844e-05,0.00011305361634024086,1.0,1.0,0.99,power
321,2.2612357715529547e-05,0.00011192147729504042,1.0,1.0,0.99,power
322,2.2385899806479936e-05,0.00011080067569205589,1.0,1.0,0.99,power
323,2.2161719847490715e-05,0.00010969109799579603,1.0,1.0,0.99,power
324,2.1939775478657805e-05,0.00010859263180805243,1.0,1.0,0.99,power
325,2.1720063656770222e-05,0.000107505165856321,1.0,1.0,0.99,power
326,2.1502542850511055e-05,0.00010642858998222722,1.0,1.0,0.99,power
327,2.1287210093214067e-05,0.00010536279513068171,1.0,1.0,0.99,power
328,2.1074024666231682e-05,0.00010430767333870686,1.0,1.0,0.99,power
329,2.086298367728934e-05,0.00010326311772394767,1.0,1.0,0.99,power
330,2.0654047204821397e-05,0.0001022290224755623,1.0,1.0,0.99,power
331,2.0447212428819326e-05,0.00010120528284068303,1.0,1.0,0.99,power
332,2.0242440209564907e-05,0.00010019179511705575,1.0,1.0,0.99,power
333,2.003972779724675e-05,9.918845663974189e-05,1.0,1.0,0.99,power
334,1.9839036818913987e-05,9.819516577288711e-05,1.0,1.0,0.99,power
335,1.964036459307058e-05,9.721182189742328e-05,1.0,1.0,0.99,power
336,1.9443673498751567e-05,9.623832540270514e-05,1.0,1.0,0.99,power
337,1.9248960920902063e-05,9.527457767510248e-05,1.0,1.0,0.99,power
338,1.9056189975988803e-05,9.432048108880544e-05,1.0,1.0,0.99,power
339,1.8865358113631095e-05,9.337593899588674e-05,1.0,1.0,0.99,power
340,1.867642917354302e-05,9.244085571559066e-05,1.0,1.0,0.99,power
341,1.848940066814519e-05,9.151513652564106e-05,1.0,1.0,0.99,power
342,1.830423714647653e-05,9.059868765260728e-05,1.0,1.0,0.99,power
343,1.8120936182099225e-05,8.969141626171526e-05,1.0,1.0,0.99,power
344,1.7939463019644468e-05,8.879323044812055e-05,1.0,1.0,0.99,power
345,1.775981529210156e-05,8.790403922714098e-05,1.0,1.0,0.99,power
346,1.7581958926315343e-05,8.70237525255002e-05,1.0,1.0,0.99,power
347,1.740589161309698e-05,8.615228117141868e-05,1.0,1.0,0.99,power
348,1.72315799482395e-05,8.528953688695684e-05,1.0,1.0,0.99,power
349,1.705902167887533e-05,8.443543227717749e-05,1.0,1.0,0.99,power
350,1.6888184056808624e-05,8.3589880823074e-05,1.0,1.0,0.99,power
351,1.6719064883936904e-05,8.275279687172823e-05,1.0,1.0,0.99,power
352,1.655163205536942e-05,8.192409562823215e-05,1.0,1.0,0.99,power
353,1.6385883426343485e-05,8.110369314663903e-05,1.0,1.0,0.99,power
354,1.622178752280983e-05,8.029150632127819e-05,1.0,1.0,0.99,power
355,1.6059342251841878e-05,7.948745287968072e-05,1.0,1.0,0.99,power
356,1.58985167580682e-05,7.86914513721469e-05,1.0,1.0,0.99,power
357,1.5739308999035495e-05,7.790342116568803e-05,1.0,1.0,0.99,power
358,1.55816887259839e-05,7.712328243402429e-05,1.0,1.0,0.99,power
359,1.5425653945622736e-05,7.635095615052105e-05,1.0,1.0,0.99,power
360,1.5271175004051334e-05,7.558636407983309e-05,1.0,1.0,0.99,power
361,1.511824995581461e-05,7.482942877026056e-05,1.0,1.0,0.99,power
362,1.4966849730340638e-05,7.408007354589409e-05,1.0,1.0,0.99,power
363,1.4816972428720563e-05,7.33382224980491e-05,1.0,1.0,0.99,power
364,1.4668589552368215e-05,7.260380047856727e-05,1.0,1.0,0.99,power
365,1.4521699247733008e-05,7.187673309219355e-05,1.0,1.0,0.99,power
366,1.4376273577091952e-05,7.115694668787315e-05,1.0,1.0,0.99,power
367,1.4232310731036639e-05,7.044436835299698e-05,1.0,1.0,0.99,power
368,1.4089783321849601e-05,6.973892590423931e-05,1.0,1.0,0.99,power
369,1.3948689583034659e-05,6.904054788196797e-05,1.0,1.0,0.99,power
370,1.380900266616258e-05,6.834916354130817e-05,1.0,1.0,0.99,power
371,1.3670720846675844e-05,6.766470284664279e-05,1.0,1.0,0.99,power
372,1.3533817804863831e-05,6.698709646346717e-05,1.0,1.0,0.99,power
373,1.339829185690936e-05,6.631627575091577e-05,1.0,1.0,0.99,power
374,1.3264117201637208e-05,6.565217275669976e-05,1.0,1.0,0.99,power
375,1.3131292194911536e-05,6.499472020798961e-05,1.0,1.0,0.99,power
376,1.2999791543936377e-05,6.434385150625254e-05,1.0,1.0,0.99,power
377,1.2869613643284671e-05,6.369950071956183e-05,1.0,1.0,0.99,power
378,1.2740733698590308e-05,6.306160257645564e-05,1.0,1.0,0.99,power
379,1.2613150142137725e-05,6.243009245886978e-05,1.0,1.0,0.99,power
380,1.2486838668299166e-05,6.180490639605955e-05,1.0,1.0,0.99,power
381,1.2361797746096579e-05,6.118598105771027e-05,1.0,1.0,0.99,power
382,1.2238003549111687e-05,6.057325374796666e-05,1.0,1.0,0.99,power
383,1.2115454582097015e-05,5.9966662398535126e-05,1.0,1.0,0.99,power
384,1.1994127488553576e-05,5.9366145563038606e-05,1.0,1.0,0.99,power
385,1.187402080806786e-05,5.8771642410103124e-05,1.0,1.0,0.99,power
386,1.1755111644834999e-05,5.818309271740395e-05,1.0,1.0,0.99,power
387,1.1637398572380868e-05,5.760043686623297e-05,1.0,1.0,0.99,power
388,1.1520859146621498e-05,5.702361583449675e-05,1.0,1.0,0.99,power
389,1.1405491974227033e-05,5.645257119120385e-05,1.0,1.0,0.99,power
390,1.1291275053885005e-05,5.588724509067199e-05,1.0,1.0,0.99,power
391,1.1178207024627054e-05,5.532758026642171e-05,1.0,1.0,0.99,power
392,1.106626631929561e-05,5.477352002543306e-05,1.0,1.0,0.99,power
393,1.0955451608363367e-05,5.4225008242205356e-05,1.0,1.0,0.99,power
394,1.0845741750422936e-05,5.368198935385237e-05,1.0,1.0,0.99,power
395,1.0737135446596146e-05,5.3144408353282366e-05,1.0,1.0,0.99,power
396,1.0629611972857453e-05,5.2612210784424166e-05,1.0,1.0,0.99,power
397,1.0523170060212405e-05,5.20853427369331e-05,1.0,1.0,0.99,power
398,1.0417789393861352e-05,5.1563750839779674e-05,1.0,1.0,0.99,power
399,1.0313468733972563e-05,5.1047382256818024e-05,1.0,1.0,0.99,power
400,1.0210188166928423e-05,5.053618468086743e-05,1.0,1.0,0.99,power
401,1.0107946481313946e-05,5.0030106328354474e-05,1.0,1.0,0.99,power
402,1.00067241568579e-05,4.9529095934552314e-05,1.0,1.0,0.99,power
403,9.906520009847379e-06,4.903310274826187e-05,1.0,1.0,0.99,power
404,9.807314905687024e-06,4.8542076525693785e-05,1.0,1.0,0.99,power
405,9.70910768764986e-06,4.805596752743518e-05,1.0,1.0,0.99,power
406,9.611879599226941e-06,4.75747265110428e-05,1.0,1.0,0.99,power
407,9.515629510063829e-06,4.709830472798837e-05,1.0,1.0,0.99,power
408,9.420339034308507e-06,4.662665391770452e-05,1.0,1.0,0.99,power
409,9.326007067313406e-06,4.615972630223677e-05,1.0,1.0,0.99,power
410,9.232615586613733e-06,4.5697474583301375e-05,1.0,1.0,0.99,power
411,9.140163512653476e-06,4.523985193530268e-05,1.0,1.0,0.99,power
412,9.04863317922327e-06,4.4786812001980826e-05,1.0,1.0,0.99,power
413,8.95802353122937e-06,4.433830889131499e-05,1.0,1.0,0.99,power
414,8.868317251756465e-06,4.389429717059333e-05,1.0,1.0,0.99,power
415,8.779513309521772e-06,4.345473186227737e-05,1.0,1.0,0.99,power
416,8.691594730066202e-06,4.301956843938802e-05,1.0,1.0,0.99,power
417,8.604560505385994e-06,4.258876282034047e-05,1.0,1.0,0.99,power
418,8.518393996733976e-06,4.216227136542757e-05,1.0,1.0,0.99,power
419,8.433094218775452e-06,4.1740050871967165e-05,1.0,1.0,0.99,power
420,8.348644861882623e-06,4.132205856967001e-05,1.0,1.0,0.99,power
421,8.265044962907744e-06,4.090825211670086e-05,1.0,1.0,0.99,power
422,8.182278534818052e-06,4.0498589595499706e-05,1.0,1.0,0.99,power
423,8.100344636111418e-06,4.0093029507404824e-05,1.0,1.0,0.99,power
424,8.019227596057093e-06,3.9691530770213645e-05,1.0,1.0,0.99,power
425,7.938926494250813e-06,3.929405271315083e-05,1.0,1.0,0.99,power
426,7.859425970043535e-06,3.890055507201402e-05,1.0,1.0,0.99,power
427,7.780725123599076e-06,3.851099798617953e-05,1.0,1.0,0.99,power
428,7.702808898278919e-06,3.812534199464658e-05,1.0,1.0,0.99,power
429,7.625676414338115e-06,3.774354803062917e-05,1.0,1.0,0.99,power
430,7.549312913132473e-06,3.736557741948922e-05,1.0,1.0,0.99,power
431,7.473717534546564e-06,3.6991391873309564e-05,1.0,1.0,0.99,power
432,7.398875812088835e-06,3.662095348791113e-05,1.0,1.0,0.99,power
433,7.324786904732075e-06,3.62542247383359e-05,1.0,1.0,0.99,power
434,7.251436632446893e-06,3.589116847569329e-05,1.0,1.0,0.99,power
435,7.178824172874683e-06,3.5531747923350554e-05,1.0,1.0,0.99,power
436,7.106935626734047e-06,3.5175926672265155e-05,1.0,1.0,0.99,power
437,7.0357701899063666e-06,3.482366867846615e-05,1.0,1.0,0.99,power
438,6.965314238359572e-06,3.447493825902342e-05,1.0,1.0,0.99,power
439,6.895566985736464e-06,3.41297000881264e-05,1.0,1.0,0.99,power
440,6.826515077898455e-06,3.378791919390946e-05,1.0,1.0,0.99,power
441,6.758157745836469e-06,3.3449560954191556e-05,1.0,1.0,0.99,power
442,6.690481899883327e-06,3.31145910942264e-05,1.0,1.0,0.99,power
443,6.623486788054424e-06,3.2782975681960286e-05,1.0,1.0,0.99,power
444,6.5571595799353705e-06,3.245468112544167e-05,1.0,1.0,0.99,power
445,6.491499540113251e-06,3.212967416923917e-05,1.0,1.0,0.99,power
446,6.426494092384938e-06,3.180792189068149e-05,1.0,1.0,0.99,power
447,6.3621425175075985e-06,3.148939169660247e-05,1.0,1.0,0.99,power
448,6.2984324884675264e-06,3.117405132060652e-05,1.0,1.0,0.99,power
449,6.235363301805526e-06,3.086186881913202e-05,1.0,1.0,0.99,power
450,6.172922874718064e-06,3.055281256886666e-05,1.0,1.0,0.99,power
451,6.111110519299129e-06,3.0246851262944684e-05,1.0,1.0,0.99,power
452,6.049914392108712e-06,2.9943953908267698e-05,1.0,1.0,0.99,power
453,5.9893338203232064e-06,2.964408982149932e-05,1.0,1.0,0.99,power
454,5.929357195233591e-06,2.9347228626921416e-05,1.0,1.0,0.99,power
455,5.8699838587312565e-06,2.905334025331067e-05,1.0,1.0,0.99,power
456,5.8112024322214185e-06,2.8762394930297202e-05,1.0,1.0,0.99,power
457,5.75301227193572e-06,2.8474363185361876e-05,1.0,1.0,0.99,power
458,5.6954022248889875e-06,2.8189215841812116e-05,1.0,1.0,0.99,power
459,5.638371661309644e-06,2.790692401433447e-05,1.0,1.0,0.99,power
460,5.581909649345071e-06,2.7627459107720386e-05,1.0,1.0,0.99,power
461,5.526015572935583e-06,2.7350792812266843e-05,1.0,1.0,0.99,power
462,5.470678716976881e-06,2.707689710235758e-05,1.0,1.0,0.99,power
463,5.415898478783309e-06,2.6805744232893996e-05,1.0,1.0,0.99,power
464,5.3616643557141075e-06,2.6537306736428226e-05,1.0,1.0,0.99,power
465,5.3079757582411445e-06,2.627155742110112e-05,1.0,1.0,0.99,power
466,5.254822391922427e-06,2.6008469366508953e-05,1.0,1.0,0.99,power
467,5.202203680043487e-06,2.5748015922797743e-05,1.0,1.0,0.99,power
468,5.150109532316195e-06,2.5490170706134143e-05,1.0,1.0,0.99,power
469,5.098539384541773e-06,2.5234907597291575e-05,1.0,1.0,0.99,power
470,5.047483346564444e-06,2.498220073870614e-05,1.0,1.0,0.99,power
471,4.996940866332341e-06,2.473202453173465e-05,1.0,1.0,0.99,power
472,4.9469022499262365e-06,2.4484353633514122e-05,1.0,1.0,0.99,power
473,4.8973669572188955e-06,2.4239162956100206e-05,1.0,1.0,0.99,power
474,4.848325486558992e-06,2.3996427661672275e-05,1.0,1.0,0.99,power
475,4.799777309480246e-06,2.3756123161709053e-05,1.0,1.0,0.99,power
476,4.75171311284281e-06,2.3518225113836766e-05,1.0,1.0,0.99,power
477,4.704132379606537e-06,2.3282709419321453e-05,1.0,1.0,0.99,power
478,4.657025981360388e-06,2.304955222097218e-05,1.0,1.0,0.99,power
479,4.610393412176541e-06,2.2818729900209867e-05,1.0,1.0,0.99,power
480,4.564225724799431e-06,2.259021907541047e-05,1.0,1.0,0.99,power
481,4.518522424229722e-06,2.236399659855255e-05,1.0,1.0,0.99,power
482,4.47327474065805e-06,2.214003955413439e-05,1.0,1.0,0.99,power
483,4.428482189753561e-06,2.1918325255057296e-05,1.0,1.0,0.99,power
484,4.384136175766007e-06,2.169883124257236e-05,1.0,1.0,0.99,power
485,4.340236224730735e-06,2.148153528236935e-05,1.0,1.0,0.99,power
486,4.296773911512846e-06,2.1266415362532007e-05,1.0,1.0,0.99,power
487,4.253748772281409e-06,2.105344969175741e-05,1.0,1.0,0.99,power
488,4.211152549123423e-06,2.084261669728964e-05,1.0,1.0,0.99,power
489,4.1689847881291654e-06,2.0633895021897488e-05,1.0,1.0,0.99,power
490,4.12723739531089e-06,2.0427263522488966e-05,1.0,1.0,0.99,power
491,4.08590992647105e-06,2.0222701267919277e-05,1.0,1.0,0.99,power
492,4.044994448252712e-06,2.002018753584399e-05,1.0,1.0,0.99,power
493,4.004490526003368e-06,1.9819701812543587e-05,1.0,1.0,0.99,power
494,3.964390383805322e-06,1.96212237889935e-05,1.0,1.0,0.99,power
495,3.924693596272657e-06,1.9424733359595784e-05,1.0,1.0,0.99,power
496,3.885392541921764e-06,1.923021062044826e-05,1.0,1.0,0.99,power
497,3.846486804383569e-06,1.903763586677759e-05,1.0,1.0,0.99,power
498,3.8079689135037224e-06,1.884698959070014e-05,1.0,1.0,0.99,power
499,3.769838461780678e-06,1.865825248056868e-05,1.0,1.0,0.99,power
500,3.7320881273860573e-06,1.8471405417478865e-05,1.0,1.0,0.99,power
501,3.6947175114923723e-06,1.828642947387516e-05,1.0,1.0,0.99,power
502,3.6577194376237303e-06,1.810330591269547e-05,1.0,1.0,0.99,power
503,3.621093515471832e-06,1.792201618325177e-05,1.0,1.0,0.99,power
504,3.5848327110340987e-06,1.7742541921322863e-05,1.0,1.0,0.99,power
505,3.5489366423033e-06,1.7564864946878142e-05,1.0,1.0,0.99,power
506,3.513398414968693e-06,1.7388967261055275e-05,1.0,1.0,0.99,power
507,3.478217655121305e-06,1.7214831046157127e-05,1.0,1.0,0.99,power
508,3.443387605358007e-06,1.7042438662384968e-05,1.0,1.0,0.99,power
509,3.4089078997129007e-06,1.687177264636553e-05,1.0,1.0,0.99,power
510,3.374771914991476e-06,1.6702815710384283e-05,1.0,1.0,0.99,power
511,3.340979292972737e-06,1.6535550739181653e-05,1.0,1.0,0.99,power
512,3.3075235419714602e-06,1.6369960789251495e-05,1.0,1.0,0.99,power
513,3.274404311401436e-06,1.62060290864962e-05,1.0,1.0,0.99,power
514,3.2416152385283788e-06,1.604373902504091e-05,1.0,1.0,0.99,power
515,3.2091559800948746e-06,1.5883074165116773e-05,1.0,1.0,0.99,power
516,3.177020299830241e-06,1.5724018231913125e-05,1.0,1.0,0.99,power
517,3.1452078617255545e-06,1.556655511286421e-05,1.0,1.0,0.99,power
518,3.1137125533475745e-06,1.541066885778981e-05,1.0,1.0,0.99,power
519,3.0825340458239757e-06,1.5256343675200074e-05,1.0,1.0,0.99,power
520,3.0516663481235303e-06,1.5103563932491795e-05,1.0,1.0,0.99,power
521,3.0211091383045732e-06,1.495231415348069e-05,1.0,1.0,0.99,power
522,2.9908565444015456e-06,1.4802579016728994e-05,1.0,1.0,0.99,power
523,2.960908251191304e-06,1.4654343354000104e-05,1.0,1.0,0.99,power
524,2.9312585034108323e-06,1.4507592149804395e-05,1.0,1.0,0.99,power
525,2.9019069924659694e-06,1.4362310538175072e-05,1.0,1.0,0.99,power
526,2.8728480774397415e-06,1.4218483802690664e-05,1.0,1.0,0.99,power
527,2.844081456236545e-06,1.4076097373699265e-05,1.0,1.0,0.99,power
528,2.8156016000204525e-06,1.39351368275002e-05,1.0,1.0,0.99,power
529,2.7874082130512656e-06,1.3795587885447762e-05,1.0,1.0,0.99,power
530,2.7594958763308658e-06,1.3657436411534956e-05,1.0,1.0,0.99,power
531,2.7318643003202468e-06,1.3520668410989908e-05,1.0,1.0,0.99,power
532,2.7045081737827148e-06,1.3385270029476626e-05,1.0,1.0,0.99,power
533,2.6774272131917445e-06,1.3251227551494827e-05,1.0,1.0,0.99,power
534,2.6506162128155572e-06,1.3118527398724108e-05,1.0,1.0,0.99,power
535,2.6240748951735283e-06,1.2987156128944879e-05,1.0,1.0,0.99,power
536,2.5977981579170084e-06,1.2857100434430675e-05,1.0,1.0,0.99,power
537,2.571785729410405e-06,1.2728347140864185e-05,1.0,1.0,0.99,power
538,2.5460326086977777e-06,1.2600883205770514e-05,1.0,1.0,0.99,power
539,2.5205385298483833e-06,1.247469571700053e-05,1.0,1.0,0.99,power
540,2.495298591275467e-06,1.2349771892400874e-05,1.0,1.0,0.99,power
541,2.470312532610361e-06,1.222609907713698e-05,1.0,1.0,0.99,power
542,2.4455755497129015e-06,1.2103664743316723e-05,1.0,1.0,0.99,power
543,2.4210873876454485e-06,1.1982456488858285e-05,1.0,1.0,0.99,power
544,2.3968433377564106e-06,1.186246203550446e-05,1.0,1.0,0.99,power
545,2.3728431504250793e-06,1.1743669228003096e-05,1.0,1.0,0.99,power
546,2.349082210629375e-06,1.1626066032806993e-05,1.0,1.0,0.99,power
547,2.325560273921872e-06,1.150964053693765e-05,1.0,1.0,0.99,power
548,2.3022728170276043e-06,1.1394380946634405e-05,1.0,1.0,0.99,power
549,2.279219600625428e-06,1.1280275586284116e-05,1.0,1.0,0.99,power
550,2.2563961913263533e-06,1.1167312897617435e-05,1.0,1.0,0.99,power
551,2.2338023548187268e-06,1.1055481437251608e-05,1.0,1.0,0.99,power
552,2.2114337458195357e-06,1.0944769877097771e-05,1.0,1.0,0.99,power
553,2.189290134946873e-06,1.0835167002188544e-05,1.0,1.0,0.99,power
554,2.167367263271599e-06,1.0726661709998568e-05,1.0,1.0,0.99,power
555,2.145664906162341e-06,1.061924300926228e-05,1.0,1.0,0.99,power
556,2.1241788894160786e-06,1.0512900018204963e-05,1.0,1.0,0.99,power
557,2.102908993051946e-06,1.0407621965044983e-05,1.0,1.0,0.99,power
558,2.0818511258612233e-06,1.0303398184932292e-05,1.0,1.0,0.99,power
559,2.0610050724202317e-06,1.0200218120644617e-05,1.0,1.0,0.99,power
560,2.0403668228799966e-06,1.009807131944117e-05,1.0,1.0,0.99,power
561,2.019936166306741e-06,9.996947434604475e-06,1.0,1.0,0.99,power
562,1.9997091725669563e-06,9.896836222419178e-06,1.0,1.0,0.99,power
563,1.979685635094142e-06,9.797727541640016e-06,1.0,1.0,0.99,power
564,1.9598617018937463e-06,9.699611353187414e-06,1.0,1.0,0.99,power
565,1.9402371707375857e-06,9.602477717354279e-06,1.0,1.0,0.99,power
566,1.920808266187378e-06,9.506316795181915e-06,1.0,1.0,0.99,power
567,1.9015747902200407e-06,9.41111884556522e-06,1.0,1.0,0.99,power
568,1.8825330424608196e-06,9.316874225137232e-06,1.0,1.0,0.99,power
569,1.8636828290096502e-06,9.223573387028902e-06,1.0,1.0,0.99,power
570,1.845020523067317e-06,9.13120688032964e-06,1.0,1.0,0.99,power
571,1.8265459347399326e-06,9.039765348280837e-06,1.0,1.0,0.99,power
572,1.808255509389573e-06,8.9492395279679e-06,1.0,1.0,0.99,power
573,1.7901490610191883e-06,8.859620249308514e-06,1.0,1.0,0.99,power
574,1.772223105668056e-06,8.770898434111218e-06,1.0,1.0,0.99,power
575,1.7544774612525833e-06,8.683065094852419e-06,1.0,1.0,0.99,power
576,1.7369087130846374e-06,8.596111334381358e-06,1.0,1.0,0.99,power
577,1.7195166827688196e-06,8.510028344272087e-06,1.0,1.0,0.99,power
578,1.7022980235969745e-06,8.424807404660541e-06,1.0,1.0,0.99,power
579,1.685252560881768e-06,8.340439882675639e-06,1.0,1.0,0.99,power
580,1.6683770144165145e-06,8.25691723201408e-06,1.0,1.0,0.99,power
581,1.651671213150953e-06,8.174230992155821e-06,1.0,1.0,0.99,power
582,1.6351319421373524e-06,8.0923727869813e-06,1.0,1.0,0.99,power
583,1.6187590338372218e-06,8.011334324560847e-06,1.0,1.0,0.99,power
584,1.6025493372621601e-06,7.931107395538223e-06,1.0,1.0,0.99,power
585,1.5865026883239945e-06,7.85168387352941e-06,1.0,1.0,0.99,power
586,1.5706159986959429e-06,7.77305571245431e-06,1.0,1.0,0.99,power
587,1.554889107695954e-06,7.695214948050656e-06,1.0,1.0,0.99,power
588,1.5393189884155138e-06,7.618153694779675e-06,1.0,1.0,0.99,power
589,1.5239054835045528e-06,7.541864146727825e-06,1.0,1.0,0.99,power
590,1.5086456262331183e-06,7.466338575664167e-06,1.0,1.0,0.99,power
591,1.4935392624898486e-06,7.391569331203373e-06,1.0,1.0,0.99,power
592,1.4785834846339772e-06,7.317548839398387e-06,1.0,1.0,0.99,power
593,1.4637781416670462e-06,7.244269601867139e-06,1.0,1.0,0.99,power
594,1.449120383755552e-06,7.171724195585661e-06,1.0,1.0,0.99,power
595,1.4346100631013557e-06,7.099905271998421e-06,1.0,1.0,0.99,power
596,1.4202443865001328e-06,7.028805555970994e-06,1.0,1.0,0.99,power
597,1.4060232091991027e-06,6.958417844983551e-06,1.0,1.0,0.99,power
598,1.391943793583471e-06,6.888735009166019e-06,1.0,1.0,0.99,power
599,1.3780059978484194e-06,6.819749989789781e-06,1.0,1.0,0.99,power
600,1.3642071388948743e-06,6.7514557984772315e-06,1.0,1.0,0.99,power
601,1.3505470777987783e-06,6.683845517556038e-06,1.0,1.0,0.99,power
602,1.3370231847964366e-06,6.61691229769038e-06,1.0,1.0,0.99,power
603,1.3236353239109897e-06,6.550649359243906e-06,1.0,1.0,0.99,power
604,1.3103809176349072e-06,6.485049989680204e-06,1.0,1.0,0.99,power
605,1.2972598328086569e-06,6.4201075439306416e-06,1.0,1.0,0.99,power
606,1.2842695432055513e-06,6.355815443212971e-06,1.0,1.0,0.99,power
607,1.2714099183655252e-06,6.2921671750535305e-06,1.0,1.0,0.99,power
608,1.2586784823723936e-06,6.2291562921019665e-06,1.0,1.0,0.99,power
609,1.246075107423445e-06,6.16677641143471e-06,1.0,1.0,0.99,power
610,1.2335973668784135e-06,6.1050212138152325e-06,1.0,1.0,0.99,power
611,1.2212451355384794e-06,6.0438844437475585e-06,1.0,1.0,0.99,power
612,1.2090160350369849e-06,5.983359908241297e-06,1.0,1.0,0.99,power
613,1.196909942754563e-06,5.923441476369279e-06,1.0,1.0,0.99,power
614,1.1849245276466063e-06,5.864123078087278e-06,1.0,1.0,0.99,power
615,1.1730596696412147e-06,5.805398704929375e-06,1.0,1.0,0.99,power
616,1.1613130840422219e-06,5.7472624080424355e-06,1.0,1.0,0.99,power
617,1.1496846532287954e-06,5.689708298449853e-06,1.0,1.0,0.99,power
618,1.1381721380027104e-06,5.6327305460283755e-06,1.0,1.0,0.99,power
619,1.1267754230982544e-06,5.576323378716488e-06,1.0,1.0,0.99,power
620,1.1154923139209636e-06,5.52048108315227e-06,1.0,1.0,0.99,power
621,1.1043226975767636e-06,5.465198002099244e-06,1.0,1.0,0.99,power
622,1.09326442307399e-06,5.410468535767858e-06,1.0,1.0,0.99,power
623,1.082317379902807e-06,5.356287139927288e-06,1.0,1.0,0.99,power
624,1.0714794598363107e-06,5.302648326272881e-06,1.0,1.0,0.99,power
625,1.0607505546480548e-06,5.249546661186428e-06,1.0,1.0,0.99,power
626,1.0501285980250826e-06,5.196976765727279e-06,1.0,1.0,0.99,power
627,1.0396134839820308e-06,5.144933314463276e-06,1.0,1.0,0.99,power
628,1.0292031873352963e-06,5.0934110355889925e-06,1.0,1.0,0.99,power
629,1.0188976042423648e-06,5.042404710002016e-06,1.0,1.0,0.99,power
630,1.0086947498548116e-06,4.99190917091412e-06,1.0,1.0,0.99,power
631,9.985945224246535e-07,4.941919303182999e-06,1.0,1.0,0.99,power
632,9.88594976585012e-07,4.892430042726107e-06,1.0,1.0,0.99,power
633,9.786960127296102e-07,4.843436376766431e-06,1.0,1.0,0.99,power
634,9.688957241854986e-07,4.794933341858184e-06,1.0,1.0,0.99,power
635,9.591940133216075e-07,4.746916025133545e-06,1.0,1.0,0.99,power
636,9.495890114527049e-07,4.699379562151514e-06,1.0,1.0,0.99,power
637,9.400806229836274e-07,4.652319138037237e-06,1.0,1.0,0.99,power
638,9.306670163959459e-07,4.60572998533152e-06,1.0,1.0,0.99,power
639,9.213480979812113e-07,4.559607384684885e-06,1.0,1.0,0.99,power
640,9.121220727248756e-07,4.513946663785369e-06,1.0,1.0,0.99,power
641,9.02988848859029e-07,4.468743197647553e-06,1.0,1.0,0.99,power
642,8.93946667047057e-07,4.423992407046566e-06,1.0,1.0,0.99,power
643,8.849954374041967e-07,4.379689758957906e-06,1.0,1.0,0.99,power
644,8.761334356194507e-07,4.33583076542683e-06,1.0,1.0,0.99,power
645,8.673605736367609e-07,4.292410983564361e-06,1.0,1.0,0.99,power
646,8.586751614811118e-07,4.249426015098188e-06,1.0,1.0,0.99,power
647,8.500771128695372e-07,4.206871505982467e-06,1.0,1.0,0.99,power
648,8.415647714622201e-07,4.1647431451301875e-06,1.0,1.0,0.99,power
649,8.331380527369416e-07,4.123036664981139e-06,1.0,1.0,0.99,power
650,8.247953333081286e-07,4.081747841304791e-06,1.0,1.0,0.99,power
651,8.165365304355177e-07,4.040872491058002e-06,1.0,1.0,0.99,power
652,8.083600529946271e-07,4.0004064738411934e-06,1.0,1.0,0.99,power
653,8.002658199282774e-07,3.960345690725026e-06,1.0,1.0,0.99,power
654,7.922522717835602e-07,3.920686083395912e-06,1.0,1.0,0.99,power
655,7.843193292076287e-07,3.8814236342191645e-06,1.0,1.0,0.99,power
656,7.764654637317389e-07,3.8425543663802535e-06,1.0,1.0,0.99,power
657,7.686905976049666e-07,3.8040743422883317e-06,1.0,1.0,0.99,power
658,7.609932328194736e-07,3.7659796639046867e-06,1.0,1.0,0.99,power
659,7.533732932072489e-07,3.728266472432922e-06,1.0,1.0,0.99,power
660,7.458293105759855e-07,3.6909309475213524e-06,1.0,1.0,0.99,power
661,7.383612102884349e-07,3.6539693074459127e-06,1.0,1.0,0.99,power
662,7.309675534021328e-07,3.617377807657661e-06,1.0,1.0,0.99,power
663,7.236482667949398e-07,3.581152741693063e-06,1.0,1.0,0.99,power
664,7.164019401319689e-07,3.545290439983773e-06,1.0,1.0,0.99,power
665,7.092285018111878e-07,3.5097872696014206e-06,1.0,1.0,0.99,power
666,7.021265695734941e-07,3.4746396345466227e-06,1.0,1.0,0.99,power
667,6.95096073272789e-07,3.439843974172877e-06,1.0,1.0,0.99,power
668,6.881356581324141e-07,3.40539676348208e-06,1.0,1.0,0.99,power
669,6.812452554817718e-07,3.3712945134128533e-06,1.0,1.0,0.99,power
670,6.74423537490113e-07,3.337533769405095e-06,1.0,1.0,0.99,power
671,6.676704368706748e-07,3.3041111114325607e-06,1.0,1.0,0.99,power
672,6.609846522420292e-07,3.27102315373515e-06,1.0,1.0,0.99,power
673,6.54366117684889e-07,3.238266545103178e-06,1.0,1.0,0.99,power
674,6.478135577282486e-07,3.2058379668232624e-06,1.0,1.0,0.99,power
675,6.4132690773821e-07,3.1737341341351214e-06,1.0,1.0,0.99,power
676,6.34904917720345e-07,3.141951794881701e-06,1.0,1.0,0.99,power
677,6.285475243207995e-07,3.1104877296481885e-06,1.0,1.0,0.99,power
678,6.222535023829946e-07,3.079338751185578e-06,1.0,1.0,0.99,power
679,6.160227899170825e-07,3.0485017041525116e-06,1.0,1.0,0.99,power
680,6.098541860964002e-07,3.017973464678493e-06,1.0,1.0,0.99,power
681,6.037476302023127e-07,2.9877509405418427e-06,1.0,1.0,0.99,power
682,5.977019453356882e-07,2.9578310700900533e-06,1.0,1.0,0.99,power
683,5.917170719973115e-07,2.9282108226842348e-06,1.0,1.0,0.99,power
684,5.85791856716891e-07,2.898887197672663e-06,1.0,1.0,0.99,power
685,5.799262411982029e-07,2.869857224450216e-06,1.0,1.0,0.99,power
686,5.741190949514151e-07,2.8411179627311406e-06,1.0,1.0,0.99,power
687,5.683703608366056e-07,2.8126665010546392e-06,1.0,1.0,0.99,power
688,5.626789308886685e-07,2.784499957450745e-06,1.0,1.0,0.99,power
689,5.570447491236762e-07,2.756615478558546e-06,1.0,1.0,0.99,power
690,5.514667296392568e-07,2.729010239806383e-06,1.0,1.0,0.99,power
691,5.459448176074897e-07,2.7016814448569567e-06,1.0,1.0,0.99,power
692,5.404779486658094e-07,2.6746263252291168e-06,1.0,1.0,0.99,power
693,5.350660691797564e-07,2.6478421404812175e-06,1.0,1.0,0.99,power
694,5.297081359688638e-07,2.6213261773449493e-06,1.0,1.0,0.99,power
695,5.244040964364322e-07,2.595075749875279e-06,1.0,1.0,0.99,power
696,5.191529282091939e-07,2.5690881985940355e-06,1.0,1.0,0.99,power
697,5.139545797598419e-07,2.5433608914207744e-06,1.0,1.0,0.99,power
698,5.088080490637578e-07,2.5178912221573514e-06,1.0,1.0,0.99,power
699,5.037132855898841e-07,2.4926766106354013e-06,1.0,1.0,0.99,power
700,4.986693073493905e-07,2.467714502736809e-06,1.0,1.0,0.99,power
701,4.936760648031359e-07,2.443002369696951e-06,1.0,1.0,0.99,power
702,4.88732595439504e-07,2.4185377084607552e-06,1.0,1.0,0.99,power
703,4.838388508661346e-07,2.394318040757978e-06,1.0,1.0,0.99,power
704,4.789938876137257e-07,2.370340913069436e-06,1.0,1.0,0.99,power
705,4.741976582835951e-07,2.3466038964769417e-06,1.0,1.0,0.99,power
706,4.6944923829617476e-07,2.3231045868079366e-06,1.0,1.0,0.99,power
707,4.647485810630395e-07,2.299840603408603e-06,1.0,1.0,0.99,power
708,4.600947805018808e-07,2.2768095896217128e-06,1.0,1.0,0.99,power
709,4.554877909854346e-07,2.2540092124847704e-06,1.0,1.0,0.99,power
710,4.509267244070211e-07,2.2314371622929864e-06,1.0,1.0,0.99,power
711,4.464115361068117e-07,2.209091152806188e-06,1.0,1.0,0.99,power
712,4.4194135565818477e-07,2.1869689200693096e-06,1.0,1.0,0.99,power
713,4.375161392975076e-07,2.1650682233923713e-06,1.0,1.0,0.99,power
714,4.3313503388796895e-07,2.143386844191144e-06,1.0,1.0,0.99,power
715,4.2879799662749854e-07,2.1219225860414016e-06,1.0,1.0,0.99,power
716,4.245041913262956e-07,2.10067327508612e-06,1.0,1.0,0.99,power
717,4.202535760445686e-07,2.0796367584728884e-06,1.0,1.0,0.99,power
718,4.160453312665067e-07,2.0588109050944558e-06,1.0,1.0,0.99,power
719,4.118794158515497e-07,2.038193605623345e-06,1.0,1.0,0.99,power
720,4.077550266502582e-07,2.0177827715053685e-06,1.0,1.0,0.99,power
721,4.036721233533626e-07,1.997576335088712e-06,1.0,1.0,0.99,power
722,3.9962991876323784e-07,1.977572249377021e-06,1.0,1.0,0.99,power
723,3.956283734094488e-07,1.9577684881419493e-06,1.0,1.0,0.99,power
724,3.9166671579148925e-07,1.938163045492493e-06,1.0,1.0,0.99,power
725,3.8774490722103183e-07,1.918753935089803e-06,1.0,1.0,0.99,power
726,3.838621915295763e-07,1.8995391912248997e-06,1.0,1.0,0.99,power
727,3.80018530854053e-07,1.8805168669430797e-06,1.0,1.0,0.99,power
728,3.762131840670591e-07,1.8616850357006923e-06,1.0,1.0,0.99,power
729,3.724461140418743e-07,1.8430417896251246e-06,1.0,1.0,0.99,power
730,3.6871659444454593e-07,1.8245852405492112e-06,1.0,1.0,0.99,power
731,3.6502458891093564e-07,1.8063135185173924e-06,1.0,1.0,0.99,power
732,3.613693855079108e-07,1.7882247729530541e-06,1.0,1.0,0.99,power
733,3.577509486852693e-07,1.7703171712470612e-06,1.0,1.0,0.99,power
734,3.541685806400154e-07,1.7525888992480583e-06,1.0,1.0,0.99,power
735,3.5062224653595517e-07,1.7350381613093434e-06,1.0,1.0,0.99,power
736,3.4711126250788626e-07,1.7176631798114872e-06,1.0,1.0,0.99,power
737,3.4363559434730477e-07,1.700462194445247e-06,1.0,1.0,0.99,power
738,3.4019457188169744e-07,1.6834334627137704e-06,1.0,1.0,0.99,power
739,3.3678816154963024e-07,1.6665752598122466e-06,1.0,1.0,0.99,power
740,3.3341570654765086e-07,1.6498858778780475e-06,1.0,1.0,0.99,power
741,3.3007717399096816e-07,1.633363626488663e-06,1.0,1.0,0.99,power
742,3.2677192012318965e-07,1.6170068317133007e-06,1.0,1.0,0.99,power
743,3.2349991276855556e-07,1.6008138369029276e-06,1.0,1.0,0.99,power
744,3.2026052096788265e-07,1.5847830015924692e-06,1.0,1.0,0.99,power
745,3.1705371319788333e-07,1.5689127018957193e-06,1.0,1.0,0.99,power
746,3.138788710483511e-07,1.5532013303461893e-06,1.0,1.0,0.99,power
747,3.107359636550364e-07,1.5376472951720227e-06,1.0,1.0,0.99,power
748,3.0762438490920783e-07,1.5222490208090443e-06,1.0,1.0,0.99,power
749,3.0454410456292725e-07,1.5070049476002977e-06,1.0,1.0,0.99,power
750,3.0149452860028865e-07,1.491913531116086e-06,1.0,1.0,0.99,power
751,2.984756273752441e-07,1.4769732429326779e-06,1.0,1.0,0.99,power
752,2.954868186987309e-07,1.4621825695123964e-06,1.0,1.0,0.99,power
753,2.925280735257459e-07,1.447540012372609e-06,1.0,1.0,0.99,power
754,2.895988212524619e-07,1.4330440883377285e-06,1.0,1.0,0.99,power
755,2.8669903340439114e-07,1.4186933292107752e-06,1.0,1.0,0.99,power
756,2.8382815077775093e-07,1.4044862810757717e-06,1.0,1.0,0.99,power
757,2.809861454843356e-07,1.3904215048820276e-06,1.0,1.0,0.99,power
758,2.7817246938728355e-07,1.3764975759061767e-06,1.0,1.0,0.99,power
759,2.753870952222329e-07,1.3627130836242597e-06,1.0,1.0,0.99,power
760,2.726294857260542e-07,1.3490666315981273e-06,1.0,1.0,0.99,power
761,2.698996142238902e-07,1.3355568376455098e-06,1.0,1.0,0.99,power
762,2.6719695415652684e-07,1.3221823331890535e-06,1.0,1.0,0.99,power
763,2.645214793176191e-07,1.30894176343176e-06,1.0,1.0,0.99,power
764,2.618726736926451e-07,1.2958337869904999e-06,1.0,1.0,0.99,power
765,2.592505116123028e-07,1.2828570763328676e-06,1.0,1.0,0.99,power
766,2.56654487307554e-07,1.2700103165020316e-06,1.0,1.0,0.99,power
767,2.540845756400375e-07,1.2572922065902571e-06,1.0,1.0,0.99,power
768,2.515402809056992e-07,1.244701458016546e-06,1.0,1.0,0.99,power
769,2.4902157845768403e-07,1.2322367954967183e-06,1.0,1.0,0.99,power
770,2.46527982514332e-07,1.219896956308909e-06,1.0,1.0,0.99,power
771,2.440594688929364e-07,1.207680690551695e-06,1.0,1.0,0.99,power
772,2.416155614782913e-07,1.195586760434069e-06,1.0,1.0,0.99,power
773,2.39196236589013e-07,1.183613941379938e-06,1.0,1.0,0.99,power
774,2.3680102757748175e-07,1.1717610200513946e-06,1.0,1.0,0.99,power
775,2.3442991125931647e-07,1.1600267960880543e-06,1.0,1.0,0.99,power
776,2.3208243026590458e-07,1.1484100808077976e-06,1.0,1.0,0.99,power
777,2.2975856189607452e-07,1.1369096971296003e-06,1.0,1.0,0.99,power
778,2.274578578675199e-07,1.125524480511588e-06,1.0,1.0,0.99,power
779,2.251802959571486e-07,1.114253277454065e-06,1.0,1.0,0.99,power
780,2.2292543679624788e-07,1.10309494634919e-06,1.0,1.0,0.99,power
781,2.2069325860256011e-07,1.0920483565575403e-06,1.0,1.0,0.99,power
782,2.1848333080394384e-07,1.0811123894222015e-06,1.0,1.0,0.99,power
783,2.162956319870997e-07,1.0702859368111462e-06,1.0,1.0,0.99,power
784,2.14129740178302e-07,1.0595679024553893e-06,1.0,1.0,0.99,power
785,2.1198563445352137e-07,1.0489572003925881e-06,1.0,1.0,0.99,power
786,2.0986290118285047e-07,1.0384527557153406e-06,1.0,1.0,0.99,power
787,2.0776151985447859e-07,1.028053504348667e-06,1.0,1.0,0.99,power
788,2.0568108512444276e-07,1.0177583930291659e-06,1.0,1.0,0.99,power
789,2.0362157685880122e-07,1.0075663788205887e-06,1.0,1.0,0.99,power
790,2.0158259779997765e-07,9.974764290930459e-07,1.0,1.0,0.99,power
791,1.995641282089236e-07,9.874875220172978e-07,1.0,1.0,0.99,power
792,1.9756577876800295e-07,9.775986455806197e-07,1.0,1.0,0.99,power
793,1.9558753012397167e-07,9.67808798332016e-07,1.0,1.0,0.99,power
794,1.936290006688958e-07,9.58116988261338e-07,1.0,1.0,0.99,power
795,1.9169017145406805e-07,9.485222335343643e-07,1.0,1.0,0.99,power
796,1.8977066851345605e-07,9.390235623968844e-07,1.0,1.0,0.99,power
797,1.8787047329741264e-07,9.296200129155525e-07,1.0,1.0,0.99,power
798,1.8598921921717746e-07,9.203106319707934e-07,1.0,1.0,0.99,power
799,1.841268881319726e-07,9.110944769715531e-07,1.0,1.0,0.99,power
800,1.8228312075163097e-07,9.019706141549142e-07,1.0,1.0,0.99,power
801,1.8045789929013397e-07,8.929381195104647e-07,1.0,1.0,0.99,power
802,1.7865087164091024e-07,8.839960775959635e-07,1.0,1.0,0.99,power
803,1.7686202034804733e-07,8.751435828619172e-07,1.0,1.0,0.99,power
804,1.750910003302213e-07,8.663797387960338e-07,1.0,1.0,0.99,power
805,1.733377944728436e-07,8.57703657366619e-07,1.0,1.0,0.99,power
806,1.716020645615414e-07,8.491144596760696e-07,1.0,1.0,0.99,power
807,1.6988379387073436e-07,8.406112758021982e-07,1.0,1.0,0.99,power
808,1.6818265086198813e-07,8.321932444136976e-07,1.0,1.0,0.99,power
809,1.6649861918756704e-07,8.238595124742541e-07,1.0,1.0,0.99,power
810,1.6483137389477798e-07,8.156092361013046e-07,1.0,1.0,0.99,power
811,1.631808989708978e-07,8.074415795583898e-07,1.0,1.0,0.99,power
812,1.6154687593941955e-07,7.993557153204325e-07,1.0,1.0,0.99,power
813,1.5992928909531462e-07,7.913508243034327e-07,1.0,1.0,0.99,power
814,1.5832782632659287e-07,7.834260957653471e-07,1.0,1.0,0.99,power
815,1.5674247220518365e-07,7.755807269262157e-07,1.0,1.0,0.99,power
816,1.551729208749019e-07,7.67813922931272e-07,1.0,1.0,0.99,power
817,1.5361915722544153e-07,7.601248969041842e-07,1.0,1.0,0.99,power
818,1.5208088145454937e-07,7.525128703909975e-07,1.0,1.0,0.99,power
819,1.5055807877542987e-07,7.44977072029472e-07,1.0,1.0,0.99,power
820,1.4905045534202056e-07,7.375167384310073e-07,1.0,1.0,0.99,power
821,1.4755799668497354e-07,7.301311141960534e-07,1.0,1.0,0.99,power
822,1.4608041482016857e-07,7.228194506805479e-07,1.0,1.0,0.99,power
823,1.4461769552696433e-07,7.155810074569021e-07,1.0,1.0,0.99,power
824,1.4316955660567192e-07,7.08415051437088e-07,1.0,1.0,0.99,power
825,1.417359840917827e-07,7.013208563592434e-07,1.0,1.0,0.99,power
826,1.4031670139396754e-07,6.942977040051072e-07,1.0,1.0,0.99,power
827,1.3891169487060092e-07,6.873448827340872e-07,1.0,1.0,0.99,power
828,1.375206934087298e-07,6.804616880760564e-07,1.0,1.0,0.99,power
829,1.3614368364942442e-07,6.736474229546748e-07,1.0,1.0,0.99,power
830,1.3478039986527622e-07,6.669013973867834e-07,1.0,1.0,0.99,power
831,1.3343082901514332e-07,6.602229275997754e-07,1.0,1.0,0.99,power
832,1.3209471059492495e-07,6.536113370091818e-07,1.0,1.0,0.99,power
833,1.3077203188236106e-07,6.470659562575131e-07,1.0,1.0,0.99,power
834,1.294625375336032e-07,6.405861219787959e-07,1.0,1.0,0.99,power
835,1.2816621505821615e-07,6.34171178040877e-07,1.0,1.0,0.99,power
836,1.268828142717923e-07,6.278204745739704e-07,1.0,1.0,0.99,power
837,1.2561232286849203e-07,6.215333679951234e-07,1.0,1.0,0.99,power
838,1.2435449566501793e-07,6.153092216478025e-07,1.0,1.0,0.99,power
839,1.2310932061409586e-07,6.091474049535493e-07,1.0,1.0,0.99,power
840,1.2187655741769178e-07,6.03047293971088e-07,1.0,1.0,0.99,power
841,1.2065619426096014e-07,5.970082705088983e-07,1.0,1.0,0.99,power
842,1.1944799562386426e-07,5.910297227839349e-07,1.0,1.0,0.99,power
843,1.1825194993485666e-07,5.85111045383289e-07,1.0,1.0,0.99,power
844,1.1706782638852109e-07,5.792516388894267e-07,1.0,1.0,0.99,power
845,1.1589561361183812e-07,5.734509093531528e-07,1.0,1.0,0.99,power
846,1.1473508539544794e-07,5.677082692150412e-07,1.0,1.0,0.99,power
847,1.1358623064185192e-07,5.620231370566515e-07,1.0,1.0,0.99,power
848,1.124488275872893e-07,5.563949368604742e-07,1.0,1.0,0.99,power
849,1.1132286539635157e-07,5.508230983629007e-07,1.0,1.0,0.99,power
850,1.102081267434819e-07,5.453070572567757e-07,1.0,1.0,0.99,power
851,1.0910460094572945e-07,5.398462548217132e-07,1.0,1.0,0.99,power
852,1.0801207500920348e-07,5.344401378384997e-07,1.0,1.0,0.99,power
853,1.0693053855638641e-07,5.290881585392747e-07,1.0,1.0,0.99,power
854,1.058597827666696e-07,5.237897751208147e-07,1.0,1.0,0.99,power
855,1.047997974372905e-07,5.18544450524866e-07,1.0,1.0,0.99,power
856,1.03750377996341e-07,5.133516535452341e-07,1.0,1.0,0.99,power
857,1.0271151437627964e-07,5.082108583645916e-07,1.0,1.0,0.99,power
858,1.0168300610110155e-07,5.031215436645314e-07,1.0,1.0,0.99,power
859,1.006648433187988e-07,4.980831945083394e-07,1.0,1.0,0.99,power
860,9.965682953611805e-08,4.930953002739871e-07,1.0,1.0,0.99,power
861,9.865895509923933e-08,4.881573555634559e-07,1.0,1.0,0.99,power
862,9.767102739323452e-08,4.832688603196298e-07,1.0,1.0,0.99,power
863,9.669303702693401e-08,4.784293195057927e-07,1.0,1.0,0.99,power
864,9.572479520087455e-08,4.736382426251201e-07,1.0,1.0,0.99,power
865,9.476629266777365e-08,4.6889514436518135e-07,1.0,1.0,0.99,power
866,9.38173444311978e-08,4.6419954438294675e-07,1.0,1.0,0.99,power
867,9.287794141826624e-08,4.595509671103721e-07,1.0,1.0,0.99,power
868,9.194790230991816e-08,4.549489413660953e-07,1.0,1.0,0.99,power
869,9.102721825600971e-08,4.503930012090455e-07,1.0,1.0,0.99,power
870,9.011571149591443e-08,4.4588268494667675e-07,1.0,1.0,0.99,power
871,8.921337335863224e-08,4.414175357834643e-07,1.0,1.0,0.99,power
872,8.832002966375012e-08,4.3699710158136506e-07,1.0,1.0,0.99,power
873,8.743567190192584e-08,4.32620934243576e-07,1.0,1.0,0.99,power
874,8.65601293531718e-08,4.282885906968931e-07,1.0,1.0,0.99,power
875,8.569339365262927e-08,4.2399963189009665e-07,1.0,1.0,0.99,power
876,8.483529751933641e-08,4.19753623714644e-07,1.0,1.0,0.99,power
877,8.398583277143312e-08,4.155501355164063e-07,1.0,1.0,0.99,power
878,8.314483540550506e-08,4.1138874219565193e-07,1.0,1.0,0.99,power
879,8.231229745199644e-08,4.07269021545466e-07,1.0,1.0,0.99,power
880,8.148805815116216e-08,4.0319055659500915e-07,1.0,1.0,0.99,power
881,8.067210967950632e-08,3.991529339349708e-07,1.0,1.0,0.99,power
882,7.986429454174623e-08,3.9515574480171374e-07,1.0,1.0,0.99,power
883,7.906460498685679e-08,3.911985844401739e-07,1.0,1.0,0.99,power
884,7.827288668690219e-08,3.8728105168858237e-07,1.0,1.0,0.99,power
885,7.748913209907792e-08,3.834027498419187e-07,1.0,1.0,0.99,power
886,7.671318990676508e-08,3.7956328577282296e-07,1.0,1.0,0.99,power
887,7.594505271108403e-08,3.7576227114281897e-07,1.0,1.0,0.99,power
888,7.518457225289916e-08,3.7199932032500153e-07,1.0,1.0,0.99,power
889,7.443174130526982e-08,3.68274052453342e-07,1.0,1.0,0.99,power
890,7.368641449959318e-08,3.645860898863807e-07,1.0,1.0,0.99,power
891,7.294858475708407e-08,3.6093505945591593e-07,1.0,1.0,0.99,power
892,7.221810964448918e-08,3.573205909611125e-07,1.0,1.0,0.99,power
893,7.149498219775586e-08,3.5374231848285037e-07,1.0,1.0,0.99,power
894,7.077906283389364e-08,3.501998794694652e-07,1.0,1.0,0.99,power
895,7.007034472493174e-08,3.466929149972965e-07,1.0,1.0,0.99,power
896,6.936869105377903e-08,3.432210697973634e-07,1.0,1.0,0.99,power
897,6.867409516485294e-08,3.3978399244768663e-07,1.0,1.0,0.99,power
898,6.798642293273494e-08,3.3638133469902677e-07,1.0,1.0,0.99,power
899,6.730566783720589e-08,3.3301275157554726e-07,1.0,1.0,0.99,power
900,6.663169845188382e-08,3.296779020804428e-07,1.0,1.0,0.99,power
901,6.596450836317682e-08,3.263764484021857e-07,1.0,1.0,0.99,power
902,6.53039687468348e-08,3.231080558687581e-07,1.0,1.0,0.99,power
903,6.465007337230877e-08,3.198723938575406e-07,1.0,1.0,0.99,power
904,6.400269594522413e-08,3.166691342573421e-07,1.0,1.0,0.99,power
905,6.336183034424414e-08,3.134979527930717e-07,1.0,1.0,0.99,power
906,6.272735283515757e-08,3.103585280173336e-07,1.0,1.0,0.99,power
907,6.209925738989461e-08,3.072505418125363e-07,1.0,1.0,0.99,power
908,6.147742273766666e-08,3.0417367962587636e-07,1.0,1.0,0.99,power
909,6.086184296418091e-08,3.011276298579814e-07,1.0,1.0,0.99,power
910,6.025239923928705e-08,2.981120836528325e-07,1.0,1.0,0.99,power
911,5.964908576709028e-08,2.9512673552940664e-07,1.0,1.0,0.99,power
912,5.905178606352253e-08,2.9217128356356707e-07,1.0,1.0,0.99,power
913,5.8460494471132835e-08,2.8924542775668784e-07,1.0,1.0,0.99,power
914,5.787509682016134e-08,2.8634887200626927e-07,1.0,1.0,0.99,power
915,5.729558751796941e-08,2.8348132285921553e-07,1.0,1.0,0.99,power
916,5.672185474432476e-08,2.8064248998964003e-07,1.0,1.0,0.99,power
917,5.615389298546568e-08,2.7783208561309043e-07,1.0,1.0,0.99,power
918,5.559159263743562e-08,2.750498252785575e-07,1.0,1.0,0.99,power
919,5.503494833421591e-08,2.7229542674776667e-07,1.0,1.0,0.99,power
920,5.448385259322379e-08,2.6956861133379757e-07,1.0,1.0,0.99,power
921,5.393830020594848e-08,2.668691028567805e-07,1.0,1.0,0.99,power
922,5.33981858375492e-08,2.6419662765943515e-07,1.0,1.0,0.99,power
923,5.286350433184056e-08,2.615509150919015e-07,1.0,1.0,0.99,power
924,5.2334152497228185e-08,2.5893169704622456e-07,1.0,1.0,0.99,power
925,5.181012531083424e-08,2.5633870854957086e-07,1.0,1.0,0.99,power
926,5.129132154316533e-08,2.5377168658770196e-07,1.0,1.0,0.99,power
927,5.07777363030505e-08,2.512303712762077e-07,1.0,1.0,0.99,power
928,5.026927044171416e-08,2.487145049279567e-07,1.0,1.0,0.99,power
929,4.976591911582463e-08,2.4622383311600606e-07,1.0,1.0,0.99,power
930,4.926758514319108e-08,2.437581033501137e-07,1.0,1.0,0.99,power
931,4.877426381140442e-08,2.413170658769079e-07,1.0,1.0,0.99,power
932,4.828585983616647e-08,2.389004732287521e-07,1.0,1.0,0.99,power
933,4.780236862687542e-08,2.3650808084419355e-07,1.0,1.0,0.99,power
934,4.732369678965427e-08,2.3413964644822362e-07,1.0,1.0,0.99,power
935,4.684983981642757e-08,2.3179492991734068e-07,1.0,1.0,0.99,power
936,4.638070618625925e-08,2.294736936588894e-07,1.0,1.0,0.99,power
937,4.5916291471305585e-08,2.2717570264273736e-07,1.0,1.0,0.99,power
938,4.5456505997426e-08,2.24900724369645e-07,1.0,1.0,0.99,power
939,4.500134539852585e-08,2.226485279258203e-07,1.0,1.0,0.99,power
940,4.45507217975015e-08,2.2041888535580153e-07,1.0,1.0,0.99,power
941,4.410463091558534e-08,2.1821157094664923e-07,1.0,1.0,0.99,power
942,4.3662986607424916e-08,2.1602636087433286e-07,1.0,1.0,0.99,power
943,4.322578472602448e-08,2.1386303386327208e-07,1.0,1.0,0.99,power
944,4.279294079766813e-08,2.117213709720307e-07,1.0,1.0,0.99,power
945,4.236445075945662e-08,2.096011549001752e-07,1.0,1.0,0.99,power
946,4.1940231863085196e-08,2.0750217121318936e-07,1.0,1.0,0.99,power
947,4.1520280092221156e-08,2.054242069883728e-07,1.0,1.0,0.99,power
948,4.110451435561484e-08,2.0336705191190937e-07,1.0,1.0,0.99,power
949,4.0692930716153185e-08,2.0133049744109587e-07,1.0,1.0,0.99,power
950,4.028544968978874e-08,1.9931433753169842e-07,1.0,1.0,0.99,power
951,3.988206742620707e-08,1.9731836775579228e-07,1.0,1.0,0.99,power
952,3.9482706019048304e-08,1.953423861159519e-07,1.0,1.0,0.99,power
953,3.9087361716134623e-08,1.9338619207776145e-07,1.0,1.0,0.99,power
954,3.869595815802868e-08,1.9144958788609723e-07,1.0,1.0,0.99,power
955,3.830849164327244e-08,1.895323771711884e-07,1.0,1.0,0.99,power
956,3.792488733233284e-08,1.8763436568564495e-07,1.0,1.0,0.99,power
957,3.754514164731938e-08,1.857553611535054e-07,1.0,1.0,0.99,power
958,3.716918119983252e-08,1.838951733776109e-07,1.0,1.0,0.99,power
959,3.679700244694843e-08,1.8205361385586803e-07,1.0,1.0,0.99,power
960,3.642853355902309e-08,1.80230496287201e-07,1.0,1.0,0.99,power
961,3.6063770987643835e-08,1.7842563556536208e-07,1.0,1.0,0.99,power
962,3.5702644342099195e-08,1.7663884891247008e-07,1.0,1.0,0.99,power
963,3.534515018150597e-08,1.7486995548919983e-07,1.0,1.0,0.99,power
964,3.499121950217586e-08,1.731187761316624e-07,1.0,1.0,0.99,power
965,3.4640848917547656e-08,1.7138513318539256e-07,1.0,1.0,0.99,power
966,3.4293970794121426e-08,1.6966885153140817e-07,1.0,1.0,0.99,power
967,3.395058183396354e-08,1.6796975700819103e-07,1.0,1.0,0.99,power
968,3.3610615731382386e-08,1.6628767755011707e-07,1.0,1.0,0.99,power
969,3.327406927988104e-08,1.6462244258353113e-07,1.0,1.0,0.99,power
970,3.294087748663829e-08,1.6297388363417885e-07,1.0,1.0,0.99,power
971,3.261103719226357e-08,1.6134183354042657e-07,1.0,1.0,0.99,power
972,3.22844847073936e-08,1.5972612728036107e-07,1.0,1.0,0.99,power
973,3.1961216951050896e-08,1.581266009717155e-07,1.0,1.0,0.99,power
974,3.164117148501718e-08,1.565430925143643e-07,1.0,1.0,0.99,power
975,3.132434528144865e-08,1.5497544157880933e-07,1.0,1.0,0.99,power
976,3.1010677161349683e-08,1.5342348935356347e-07,1.0,1.0,0.99,power
977,3.07001641708492e-08,1.518870787935226e-07,1.0,1.0,0.99,power
978,3.039274632023328e-08,1.5036605407244098e-07,1.0,1.0,0.99,power
979,3.00884207311093e-08,1.4886026120795434e-07,1.0,1.0,0.99,power
980,2.978712862943206e-08,1.473695475008576e-07,1.0,1.0,0.99,power
981,2.9488867145883728e-08,1.4589376201200053e-07,1.0,1.0,0.99,power
982,2.9193578698030387e-08,1.444327555552828e-07,1.0,1.0,0.99,power
983,2.8901260498074288e-08,1.4298637978739672e-07,1.0,1.0,0.99,power
984,2.8611856079708592e-08,1.4155448804758686e-07,1.0,1.0,0.99,power
985,2.8325362750281214e-08,1.4013693568242605e-07,1.0,1.0,0.99,power
986,2.804172510722233e-08,1.387335790651402e-07,1.0,1.0,0.99,power
987,2.776094053114539e-08,1.3734427567623228e-07,1.0,1.0,0.99,power
988,2.748295479308134e-08,1.3596888536944332e-07,1.0,1.0,0.99,power
989,2.7207765244425537e-08,1.3460726811843644e-07,1.0,1.0,0.99,power
990,2.6935318750038263e-08,1.3325928652350868e-07,1.0,1.0,0.99,power
991,2.666561274243651e-08,1.3192480378628357e-07,1.0,1.0,0.99,power
992,2.6398595133699307e-08,1.3060368482022805e-07,1.0,1.0,0.99,power
993,2.613426337824598e-08,1.29295795812678e-07,1.0,1.0,0.99,power
994,2.587256647858445e-08,1.2800100421972725e-07,1.0,1.0,0.99,power
995,2.561350189203034e-08,1.2671917889073635e-07,1.0,1.0,0.99,power
996,2.535701967337504e-08,1.2545018991643327e-07,1.0,1.0,0.99,power
997,2.5103117317816e-08,1.2419390902175376e-07,1.0,1.0,0.99,power
998,2.4851745840682653e-08,1.2295020847912094e-07,1.0,1.0,0.99,power
999,2.4602902869120424e-08,1.2171896270560979e-07,1.0,1.0,0.99,power
1000,2.43565403067359e-08,1.2050004689819152e-07,1.0,1.0,0.99,power
1001,2.4112655885091006e-08,1.192933375897049e-07,1.0,1.0,0.99,power
1002,2.3871202434941635e-08,1.1809871220749869e-07,1.0,1.0,0.99,power
1003,2.36321777514847e-08,1.1691605029492764e-07,1.0,1.0,0.99,power
1004,2.3395535612774025e-08,1.1574523159467629e-07,1.0,1.0,0.99,power
1005,2.3161273809101775e-08,1.1458613759302782e-07,1.0,1.0,0.99,power
1006,2.292934709555487e-08,1.1343865126834106e-07,1.0,1.0,0.99,power
1007,2.269975329099022e-08,1.1230265586343634e-07,1.0,1.0,0.99,power
1008,2.2472448039772348e-08,1.1117803654172441e-07,1.0,1.0,0.99,power
1009,2.2247429224628107e-08,1.1006467956006189e-07,1.0,1.0,0.99,power
1010,2.202465334976528e-08,1.089624717818877e-07,1.0,1.0,0.99,power
1011,2.1804118336568164e-08,1.0787130144119514e-07,1.0,1.0,0.99,power
1012,2.1585781571324413e-08,1.0679105858340235e-07,1.0,1.0,0.99,power
1013,2.1369641029214888e-08,1.0572163354317059e-07,1.0,1.0,0.99,power
1014,2.1155654945261174e-08,1.0466291771467651e-07,1.0,1.0,0.99,power
1015,2.094382129065189e-08,1.036148040512083e-07,1.0,1.0,0.99,power
1016,2.0734099168156657e-08,1.0257718649270606e-07,1.0,1.0,0.99,power
1017,2.052648662026235e-08,1.0154995983495454e-07,1.0,1.0,0.99,power
1018,2.0320943502902994e-08,1.0053302000714902e-07,1.0,1.0,0.99,power
1019,2.011746790921078e-08,9.952626398013119e-08,1.0,1.0,0.99,power
1020,1.9916020523046128e-08,9.85295898076642e-08,1.0,1.0,0.99,power
1021,1.971659947139746e-08,9.754289643340059e-08,1.0,1.0,0.99,power
1022,1.9519166206334636e-08,9.656608397612157e-08,1.0,1.0,0.99,power
1023,1.932371889819479e-08,9.5599053446318e-08,1.0,1.0,0.99,power
1024,1.913021975377109e-08,9.464170717392858e-08,1.0,1.0,0.99,power
1025,1.89386669973167e-08,9.369394763647221e-08,1.0,1.0,0.99,power
1026,1.8749023614121256e-08,9.275567928902716e-08,1.0,1.0,0.99,power
1027,1.85612878001474e-08,9.182680696095862e-08,1.0,1.0,0.99,power
1028,1.8375423339102613e-08,9.090723650455449e-08,1.0,1.0,0.99,power
1029,1.819142843264769e-08,8.99968746151334e-08,1.0,1.0,0.99,power
1030,1.800926755632809e-08,8.909562939256912e-08,1.0,1.0,0.99,power
1031,1.782893900884004e-08,8.820340946872033e-08,1.0,1.0,0.99,power
1032,1.765040794304407e-08,8.732012432710013e-08,1.0,1.0,0.99,power
1033,1.747367268133517e-08,8.644568448116199e-08,1.0,1.0,0.99,power
1034,1.7298699095866148e-08,8.558000165972798e-08,1.0,1.0,0.99,power
1035,1.712548556936973e-08,8.472298760072663e-08,1.0,1.0,0.99,power
1036,1.6953998547334602e-08,8.38745561860675e-08,1.0,1.0,0.99,power
1037,1.67842365199917e-08,8.303462099483141e-08,1.0,1.0,0.99,power
1038,1.661616664518753e-08,8.220309684135025e-08,1.0,1.0,0.99,power
1039,1.644978736981694e-08,8.137990001735413e-08,1.0,1.0,0.99,power
1040,1.628506649488791e-08,8.056494663994887e-08,1.0,1.0,0.99,power
1041,1.6122002547138154e-08,7.975815471169412e-08,1.0,1.0,0.99,power
1042,1.5960564005162447e-08,7.895944160937599e-08,1.0,1.0,0.99,power
1043,1.580074932274584e-08,7.816872734344571e-08,1.0,1.0,0.99,power
1044,1.564252766260473e-08,7.738593113421173e-08,1.0,1.0,0.99,power
1045,1.5485897523195057e-08,7.661097424345043e-08,1.0,1.0,0.99,power
1046,1.5330828628580756e-08,7.584377773608779e-08,1.0,1.0,0.99,power
1047,1.5177319569040863e-08,7.508426410955102e-08,1.0,1.0,0.99,power
1048,1.5025340648589003e-08,7.433235648816661e-08,1.0,1.0,0.99,power
1049,1.4874890466950244e-08,7.358797849844822e-08,1.0,1.0,0.99,power
1050,1.472593992844694e-08,7.285105496631158e-08,1.0,1.0,0.99,power
1051,1.4578487672317939e-08,7.212151125839874e-08,1.0,1.0,0.99,power
1052,1.4432505190091409e-08,7.1399272920988e-08,1.0,1.0,0.99,power
1053,1.4287991128702465e-08,7.06842673173678e-08,1.0,1.0,0.99,power
1054,1.4144917529902135e-08,6.997642206605966e-08,1.0,1.0,0.99,power
1055,1.4003283126826259e-08,6.927566519861021e-08,1.0,1.0,0.99,power
1056,1.3863060481086455e-08,6.85819258142706e-08,1.0,1.0,0.99,power
1057,1.3724248310869983e-08,6.789513381953386e-08,1.0,1.0,0.99,power
1058,1.35868198074827e-08,6.721521923273523e-08,1.0,1.0,0.99,power
1059,1.3450773664537829e-08,6.654211357185301e-08,1.0,1.0,0.99,power
1060,1.3316083616447595e-08,6.587574875719344e-08,1.0,1.0,0.99,power
1061,1.3182748400511155e-08,6.521605658213571e-08,1.0,1.0,0.99,power
1062,1.3050742212889455e-08,6.45629709883133e-08,1.0,1.0,0.99,power
1063,1.2920063887884297e-08,6.391642532452808e-08,1.0,1.0,0.99,power
1064,1.2790688123633326e-08,6.327635432115199e-08,1.0,1.0,0.99,power
1065,1.2662613730721715e-08,6.264269324843118e-08,1.0,1.0,0.99,power
1066,1.253581597454153e-08,6.201537765020936e-08,1.0,1.0,0.99,power
1067,1.2410293635707497e-08,6.139434409088132e-08,1.0,1.0,0.99,power
1068,1.2286022507100214e-08,6.077952961231935e-08,1.0,1.0,0.99,power
1069,1.2163001363256045e-08,6.017087207753832e-08,1.0,1.0,0.99,power
1070,1.2041206505110517e-08,5.9568309811621415e-08,1.0,1.0,0.99,power
1071,1.1920636746625564e-08,5.8971781730892667e-08,1.0,1.0,0.99,power
1072,1.180126880651374e-08,5.838122718227633e-08,1.0,1.0,0.99,power
1073,1.1683101570970768e-08,5.7796586780820175e-08,1.0,1.0,0.99,power
1074,1.156611220393616e-08,5.721780105897355e-08,1.0,1.0,0.99,power
1075,1.1450299610962303e-08,5.6644811161716845e-08,1.0,1.0,0.99,power
1076,1.1335641418827474e-08,5.607755953477573e-08,1.0,1.0,0.99,power
1077,1.122213654170404e-08,5.55159884526558e-08,1.0,1.0,0.99,power
1078,1.1109763092645536e-08,5.4960040990929654e-08,1.0,1.0,0.99,power
1079,1.0998519971748122e-08,5.440966070825735e-08,1.0,1.0,0.99,power
1080,1.0888385690431708e-08,5.386479218496044e-08,1.0,1.0,0.99,power
1081,1.0779359253289796e-08,5.332538013175019e-08,1.0,1.0,0.99,power
1082,1.0671419562543432e-08,5.2791369826470456e-08,1.0,1.0,0.99,power
1083,1.0564565610932444e-08,5.226270704451565e-08,1.0,1.0,0.99,power
1084,1.0458776771072e-08,5.17393385880154e-08,1.0,1.0,0.99,power
1085,1.03540520402232e-08,5.122121114062484e-08,1.0,1.0,0.99,power
1086,1.0250371193702297e-08,5.070827220078041e-08,1.0,1.0,0.99,power
1087,1.014773322814952e-08,5.020047024100223e-08,1.0,1.0,0.99,power
1088,1.004611837215076e-08,4.9697753259904784e-08,1.0,1.0,0.99,power
1089,9.945525638928089e-09,4.920007043818108e-08,1.0,1.0,0.99,power
1090,9.84593556556404e-09,4.870737174621126e-08,1.0,1.0,0.99,power
1091,9.747347288980107e-09,4.821960708250471e-08,1.0,1.0,0.99,power
1092,9.649741705247196e-09,4.773672677539176e-08,1.0,1.0,0.99,power
1093,9.55311791686498e-09,4.725868223239979e-08,1.0,1.0,0.99,power
1094,9.457457261905492e-09,4.6785424826084745e-08,1.0,1.0,0.99,power
1095,9.362758850571766e-09,4.6316906835045744e-08,1.0,1.0,0.99,power
1096,9.269004342957746e-09,4.585308047823724e-08,1.0,1.0,0.99,power
1097,9.176192929885917e-09,4.539389918060735e-08,1.0,1.0,0.99,power
1098,9.084306629069692e-09,4.493931594395531e-08,1.0,1.0,0.99,power
1099,8.993344607255572e-09,4.4489285165561216e-08,1.0,1.0,0.99,power
1100,8.903289274022873e-09,4.4043761026135784e-08,1.0,1.0,0.99,power
1101,8.814139789909449e-09,4.360269850734154e-08,1.0,1.0,0.99,power
1102,8.725878931000717e-09,4.316605281155747e-08,1.0,1.0,0.99,power
1103,8.638505881339267e-09,4.273377995755408e-08,1.0,1.0,0.99,power
1104,8.552003740390664e-09,4.230583569779812e-08,1.0,1.0,0.99,power
1105,8.466371711724429e-09,4.188217710304623e-08,1.0,1.0,0.99,power
1106,8.381593257434958e-09,4.1462760997993656e-08,1.0,1.0,0.99,power
1107,8.297667569220192e-09,4.1047545078924944e-08,1.0,1.0,0.99,power
1108,8.214578430276987e-09,4.063648711751903e-08,1.0,1.0,0.99,power
1109,8.132325092998739e-09,4.0229545621317276e-08,1.0,1.0,0.99,power
1110,8.050891610808828e-09,3.982667919593643e-08,1.0,1.0,0.99,power
1111,7.970277263775988e-09,3.942784739003316e-08,1.0,1.0,0.99,power
1112,7.890466483617901e-09,3.9033009370069286e-08,1.0,1.0,0.99,power
1113,7.811458488480552e-09,3.864212539154115e-08,1.0,1.0,0.99,power
1114,7.733238042797428e-09,3.825515563171312e-08,1.0,1.0,0.99,power
1115,7.655804401026906e-09,3.787206127079841e-08,1.0,1.0,0.99,power
1116,7.579142590763812e-09,3.749280319481451e-08,1.0,1.0,0.99,power
1117,7.503251937338328e-09,3.711734315750657e-08,1.0,1.0,0.99,power
1118,7.4281177159883605e-09,3.6745643037164926e-08,1.0,1.0,0.99,power
1119,7.3537392601152506e-09,3.637766494105324e-08,1.0,1.0,0.99,power
1120,7.280102208218535e-09,3.6013372062106116e-08,1.0,1.0,0.99,power
1121,7.207205869222359e-09,3.5652727397307233e-08,1.0,1.0,0.99,power
1122,7.135036130404757e-09,3.529569416804303e-08,1.0,1.0,0.99,power
1123,7.063592337388087e-09,3.4942236068584025e-08,1.0,1.0,0.99,power
1124,6.992860700904321e-09,3.4592317984745716e-08,1.0,1.0,0.99,power
1125,6.922840496238286e-09,3.424590392130227e-08,1.0,1.0,0.99,power
1126,6.8535182925303275e-09,3.390295867090996e-08,1.0,1.0,0.99,power
1127,6.784893369163327e-09,3.356344805552423e-08,1.0,1.0,0.99,power
1128,6.71695248039709e-09,3.3227337165281025e-08,1.0,1.0,0.99,power
1129,6.649694983014093e-09,3.289459228945573e-08,1.0,1.0,0.99,power
1130,6.583107932581133e-09,3.2565179430620024e-08,1.0,1.0,0.99,power
1131,6.5171906362806695e-09,3.2239065476017295e-08,1.0,1.0,0.99,power
1132,6.451930405011596e-09,3.191621725994798e-08,1.0,1.0,0.99,power
1133,6.387326630257756e-09,3.159660203167988e-08,1.0,1.0,0.99,power
1134,6.323366796783103e-09,3.128018758042789e-08,1.0,1.0,0.99,power
1135,6.2600503362177555e-09,3.0966941734344994e-08,1.0,1.0,0.99,power
1136,6.197364985329146e-09,3.06568327286335e-08,1.0,1.0,0.99,power
1137,6.135310190399952e-09,3.0349829276455214e-08,1.0,1.0,0.99,power
1138,6.073873940717209e-09,3.00459000698351e-08,1.0,1.0,0.99,power
1139,6.013055680989566e-09,2.97450146348706e-08,1.0,1.0,0.99,power
1140,5.952843642200608e-09,2.94471424239258e-08,1.0,1.0,0.99,power
1141,5.893237243803645e-09,2.9152252821121875e-08,1.0,1.0,0.99,power
1142,5.834225032757146e-09,2.8860316492018877e-08,1.0,1.0,0.99,power
1143,5.77580638095408e-09,2.857130372274591e-08,1.0,1.0,0.99,power
1144,5.717970039468816e-09,2.828518501801994e-08,1.0,1.0,0.99,power
1145,5.660715462667633e-09,2.8001931734173327e-08,1.0,1.0,0.99,power
1146,5.604031593079219e-09,2.7721514784920523e-08,1.0,1.0,0.99,power
1147,5.547917908925982e-09,2.7443906111554842e-08,1.0,1.0,0.99,power
1148,5.4923635438238276e-09,2.7169077500643785e-08,1.0,1.0,0.99,power
1149,5.4373679920416606e-09,2.6897001128347656e-08,1.0,1.0,0.99,power
1150,5.382920630528802e-09,2.6627649242553512e-08,1.0,1.0,0.99,power
1151,5.329020937057716e-09,2.636099469877088e-08,1.0,1.0,0.99,power
1152,5.275658509302232e-09,2.6097010434915428e-08,1.0,1.0,0.99,power
1153,5.222832849251052e-09,2.5835669938579776e-08,1.0,1.0,0.99,power
1154,5.170533747091423e-09,2.5576946460683678e-08,1.0,1.0,0.99,power
1155,5.11876070572735e-09,2.5320813776256994e-08,1.0,1.0,0.99,power
1156,5.067503728816285e-09,2.5067246249565514e-08,1.0,1.0,0.99,power
1157,5.016762347302003e-09,2.4816217930587687e-08,1.0,1.0,0.99,power
1158,4.966526732072016e-09,2.4567703339731356e-08,1.0,1.0,0.99,power
1159,4.91679643820233e-09,2.4321677533203525e-08,1.0,1.0,0.99,power
1160,4.867561836086597e-09,2.4078115451427724e-08,1.0,1.0,0.99,power
1161,4.818822485385285e-09,2.3836992311409997e-08,1.0,1.0,0.99,power
1162,4.770568976511522e-09,2.3598283885843883e-08,1.0,1.0,0.99,power
1163,4.72280081575675e-09,2.3361966004480755e-08,1.0,1.0,0.99,power
1164,4.675508806311372e-09,2.3128014689177364e-08,1.0,1.0,0.99,power
1165,4.6286925048662e-09,2.2896406113333127e-08,1.0,1.0,0.99,power
1166,4.582342845212018e-09,2.2667116833953433e-08,1.0,1.0,0.99,power
1167,4.5364594261221066e-09,2.2440123833935228e-08,1.0,1.0,0.99,power
1168,4.491033368685436e-09,2.221540406525452e-08,1.0,1.0,0.99,power
1169,4.446064232561685e-09,2.1992934519842704e-08,1.0,1.0,0.99,power
1170,4.401543332135426e-09,2.177269291556044e-08,1.0,1.0,0.99,power
1171,4.357470266342716e-09,2.1554656772444688e-08,1.0,1.0,0.99,power
1172,4.31383651465102e-09,2.1338804138875135e-08,1.0,1.0,0.99,power
1173,4.270641671233979e-09,2.1125112932391986e-08,1.0,1.0,0.99,power
1174,4.227877378327022e-09,2.091356176668726e-08,1.0,1.0,0.99,power
1175,4.185543254575315e-09,2.0704129377716253e-08,1.0,1.0,0.99,power
1176,4.143631099003612e-09,2.049679397515575e-08,1.0,1.0,0.99,power
1177,4.102140526274857e-09,2.0291534921518944e-08,1.0,1.0,0.99,power
1178,4.061063536767692e-09,2.0088331279727705e-08,1.0,1.0,0.99,power
1179,4.0203997314923704e-09,1.988716270529239e-08,1.0,1.0,0.99,power
1180,3.980141264015335e-09,1.9688008737367287e-08,1.0,1.0,0.99,power
1181,3.940287714568883e-09,1.9490848968739965e-08,1.0,1.0,0.99,power
1182,3.9008314474271305e-09,1.9295663613350968e-08,1.0,1.0,0.99,power
1183,3.861772078722211e-09,1.9102432999950227e-08,1.0,1.0,0.99,power
1184,3.823102019979656e-09,1.8911137265743032e-08,1.0,1.0,0.99,power
1185,3.784820945385142e-09,1.8721757310261782e-08,1.0,1.0,0.99,power
1186,3.7469214470909036e-09,1.853427380862851e-08,1.0,1.0,0.99,power
1187,3.7094031790240254e-09,1.834866782762312e-08,1.0,1.0,0.99,power
1188,3.6722588858335724e-09,1.816492041067959e-08,1.0,1.0,0.99,power
1189,3.635488203956333e-09,1.7983013163705823e-08,1.0,1.0,0.99,power
1190,3.5990840518733337e-09,1.780292764503866e-08,1.0,1.0,0.99,power
1191,3.5630460932849234e-09,1.762464547712856e-08,1.0,1.0,0.99,power
1192,3.527367360785554e-09,1.7448148576886816e-08,1.0,1.0,0.99,power
1193,3.4920474921447213e-09,1.72734193571532e-08,1.0,1.0,0.99,power
1194,3.457079711665796e-09,1.710043970038848e-08,1.0,1.0,0.99,power
1195,3.42246364353774e-09,1.6929192361990343e-08,1.0,1.0,0.99,power
1196,3.3881926317802176e-09,1.6759659839096122e-08,1.0,1.0,0.99,power
1197,3.3542663600931287e-09,1.659182529509047e-08,1.0,1.0,0.99,power
1198,3.320678222654299e-09,1.6425671197620425e-08,1.0,1.0,0.99,power
1199,3.2874279719730317e-09,1.62611811186175e-08,1.0,1.0,0.99,power
1200,3.2545091539079804e-09,1.6098338351130995e-08,1.0,1.0,0.99,power
1201,3.221921454789561e-09,1.5937126164256973e-08,1.0,1.0,0.99,power
1202,3.1896585741211544e-09,1.577752843715342e-08,1.0,1.0,0.99,power
1203,3.1577202241843555e-09,1.5619528838155207e-08,1.0,1.0,0.99,power
1204,3.126100238343938e-09,1.5463111690296928e-08,1.0,1.0,0.99,power
1205,3.0947983153345393e-09,1.530826084132266e-08,1.0,1.0,0.99,power
1206,3.063808384234117e-09,1.5154960692382062e-08,1.0,1.0,0.99,power
1207,3.03313018554972e-09,1.5003195801486832e-08,1.0,1.0,0.99,power
1208,3.0027577924160874e-09,1.4852950610971917e-08,1.0,1.0,0.99,power
1209,2.9726908945850853e-09,1.470420992299694e-08,1.0,1.0,0.99,power
1210,2.942923701463087e-09,1.4556959101478861e-08,1.0,1.0,0.99,power
1211,2.9134559379993228e-09,1.4411182409459466e-08,1.0,1.0,0.99,power
1212,2.8842818982677036e-09,1.4266865908130696e-08,1.0,1.0,0.99,power
1213,2.8554013360383153e-09,1.4123994365633636e-08,1.0,1.0,0.99,power
1214,2.8268086121112597e-09,1.398255360525747e-08,1.0,1.0,0.99,power
1215,2.7985035288997303e-09,1.3842529524211101e-08,1.0,1.0,0.99,power
1216,2.770480572941379e-09,1.3703907488371518e-08,1.0,1.0,0.99,power
1217,2.7427395128110683e-09,1.3566673480698698e-08,1.0,1.0,0.99,power
1218,2.715274929069645e-09,1.343081393478685e-08,1.0,1.0,0.99,power
1219,2.6880866406215132e-09,1.3296314996020447e-08,1.0,1.0,0.99,power
1220,2.6611693489026573e-09,1.3163162751022744e-08,1.0,1.0,0.99,power
1221,2.6345228216346663e-09,1.3031343997652776e-08,1.0,1.0,0.99,power
1222,2.608141884251598e-09,1.2900845268025694e-08,1.0,1.0,0.99,power
1223,2.5820263167170576e-09,1.27716534746583e-08,1.0,1.0,0.99,power
1224,2.5561710749963424e-09,1.2643755447245362e-08,1.0,1.0,0.99,power
1225,2.530575892499689e-09,1.2517137987060304e-08,1.0,1.0,0.99,power
1226,2.5052358460485887e-09,1.2391788642469774e-08,1.0,1.0,0.99,power
1227,2.4801507027968806e-09,1.2267694616394124e-08,1.0,1.0,0.99,power
1228,2.4553155648820794e-09,1.2144843280321736e-08,1.0,1.0,0.99,power
1229,2.4307302704264043e-09,1.2023222045333851e-08,1.0,1.0,0.99,power
1230,2.4063900442027245e-09,1.1902819007004965e-08,1.0,1.0,0.99,power
1231,2.382294632159681e-09,1.1783621688713407e-08,1.0,1.0,0.99,power
1232,2.358439413317921e-09,1.1665617871877622e-08,1.0,1.0,0.99,power
1233,2.334824150589613e-09,1.15487956412682e-08,1.0,1.0,0.99,power
1234,2.3114442523727475e-09,1.1433143645576388e-08,1.0,1.0,0.99,power
1235,2.2882995595726836e-09,1.131864942930975e-08,1.0,1.0,0.99,power
1236,2.2653855460833697e-09,1.120530193228899e-08,1.0,1.0,0.99,power
1237,2.2427020256506933e-09,1.1093089724147535e-08,1.0,1.0,0.99,power
1238,2.2202446385329267e-09,1.0982000833150407e-08,1.0,1.0,0.99,power
1239,2.198013114042065e-09,1.0872024846546248e-08,1.0,1.0,0.99,power
1240,2.1760032117078256e-09,1.0763149831772815e-08,1.0,1.0,0.99,power
1241,2.154214679868418e-09,1.0655365280780767e-08,1.0,1.0,0.99,power
1242,2.1326433592345513e-09,1.0548660159290536e-08,1.0,1.0,0.99,power
1243,2.1112889914425156e-09,1.0443023507113372e-08,1.0,1.0,0.99,power
1244,2.090147496659197e-09,1.0338444715356427e-08,1.0,1.0,0.99,power
1245,2.069218668785719e-09,1.0234913180928184e-08,1.0,1.0,0.99,power
1246,2.0484984303896223e-09,1.013241832122431e-08,1.0,1.0,0.99,power
1247,2.027986643663492e-09,1.0030950219482909e-08,1.0,1.0,0.99,power
1248,2.007679291144877e-09,9.930497846607406e-09,1.0,1.0,0.99,power
1249,1.9875762133686994e-09,9.831051612012198e-09,1.0,1.0,0.99,power
1250,1.9676735218662527e-09,9.732601222317436e-09,1.0,1.0,0.99,power
1251,1.9479710360112965e-09,9.635136719490389e-09,1.0,1.0,0.99,power
1252,1.928464919731675e-09,9.538648224968653e-09,1.0,1.0,0.99,power
1253,1.909155046801526e-09,9.443126109602061e-09,1.0,1.0,0.99,power
1254,1.8900376128210955e-09,9.348560428551269e-09,1.0,1.0,0.99,power
1255,1.8711124980202525e-09,9.254941676739498e-09,1.0,1.0,0.99,power
1256,1.8523760242993136e-09,9.162260574083942e-09,1.0,1.0,0.99,power
1257,1.833828013794062e-09,9.070507572378597e-09,1.0,1.0,0.99,power
1258,1.8154648794633034e-09,8.97967339122048e-09,1.0,1.0,0.99,power
1259,1.797286470042561e-09,8.88974882106176e-09,1.0,1.0,0.99,power
1260,1.7792892484370335e-09,8.800724851234553e-09,1.0,1.0,0.99,power
1261,1.761473078778847e-09,8.712592370350289e-09,1.0,1.0,0.99,power
1262,1.743834476104616e-09,8.625342375453319e-09,1.0,1.0,0.99,power
1263,1.7263733052112649e-09,8.53896619339806e-09,1.0,1.0,0.99,power
1264,1.7090861709577085e-09,8.45345494937055e-09,1.0,1.0,0.99,power
1265,1.691972952560485e-09,8.368799965802e-09,1.0,1.0,0.99,power
1266,1.6750302795638903e-09,8.284993066121588e-09,1.0,1.0,0.99,power
1267,1.6582580468037967e-09,8.20202518788061e-09,1.0,1.0,0.99,power
1268,1.6416530040499484e-09,8.119888026280163e-09,1.0,1.0,0.99,power
1269,1.625214983949255e-09,8.038573546895104e-09,1.0,1.0,0.99,power
1270,1.6089408121656096e-09,7.958073412024378e-09,1.0,1.0,0.99,power
1271,1.5928303505609383e-09,7.878379306069411e-09,1.0,1.0,0.99,power
1272,1.5768804517716374e-09,7.799483287457658e-09,1.0,1.0,0.99,power
1273,1.561091014763241e-09,7.721377345668942e-09,1.0,1.0,0.99,power
1274,1.5454589684151256e-09,7.644053786042518e-09,1.0,1.0,0.99,power
1275,1.5299841345378954e-09,7.567504238716337e-09,1.0,1.0,0.99,power
1276,1.5146635646304503e-09,7.491721431040104e-09,1.0,1.0,0.99,power
1277,1.4994970992540245e-09,7.416697477661393e-09,1.0,1.0,0.99,power
1278,1.484481808512137e-09,7.34242488452566e-09,1.0,1.0,0.99,power
1279,1.4696175650060659e-09,7.268896009326419e-09,1.0,1.0,0.99,power
1280,1.4549014763079358e-09,7.19610345907625e-09,1.0,1.0,0.99,power
1281,1.4403334120006224e-09,7.1240399905965224e-09,1.0,1.0,0.99,power
1282,1.4259105747520748e-09,7.05269813357926e-09,1.0,1.0,0.99,power
1283,1.411632778603636e-09,6.982070604573649e-09,1.0,1.0,0.99,power
1284,1.3974973378883954e-09,6.912150372997011e-09,1.0,1.0,0.99,power
1285,1.3835040674678394e-09,6.842930365233157e-09,1.0,1.0,0.99,power
1286,1.369650289923319e-09,6.774403718565245e-09,1.0,1.0,0.99,power
1287,1.3559358568408685e-09,6.706562945548128e-09,1.0,1.0,0.99,power
1288,1.3423581202282063e-09,6.639401892910114e-09,1.0,1.0,0.99,power
1289,1.328916971153442e-09,6.572913289768665e-09,1.0,1.0,0.99,power
1290,1.3156097859733529e-09,6.507090370072879e-09,1.0,1.0,0.99,power
1291,1.3024364779297838e-09,6.441926692191402e-09,1.0,1.0,0.99,power
1292,1.2893944563727254e-09,6.37741568413451e-09,1.0,1.0,0.99,power
1293,1.2764836343462821e-09,6.3135503977036425e-09,1.0,1.0,0.99,power
1294,1.2637014951138133e-09,6.25032502822521e-09,1.0,1.0,0.99,power
1295,1.251047957792946e-09,6.187732749975686e-09,1.0,1.0,0.99,power
1296,1.2385205130212546e-09,6.125767147664749e-09,1.0,1.0,0.99,power
1297,1.226119103102545e-09,6.064422212365284e-09,1.0,1.0,0.99,power
1298,1.2138413118043085e-09,6.003691450854855e-09,1.0,1.0,0.99,power
1299,1.2016869973574246e-09,5.943568896216641e-09,1.0,1.0,0.99,power
1300,1.1896538508066743e-09,5.8840484327965306e-09,1.0,1.0,0.99,power
1301,1.1777417530221729e-09,5.8251239761459515e-09,1.0,1.0,0.99,power
1302,1.1659483718274054e-09,5.766789831359162e-09,1.0,1.0,0.99,power
1303,1.1542736237912624e-09,5.709039510732145e-09,1.0,1.0,0.99,power
1304,1.1427152621115255e-09,5.651867646038591e-09,1.0,1.0,0.99,power
1305,1.1312731511643782e-09,5.59526847632028e-09,1.0,1.0,0.99,power
1306,1.1199450806694551e-09,5.5392359201144334e-09,1.0,1.0,0.99,power
1307,1.1087309766187154e-09,5.483764632329751e-09,1.0,1.0,0.99,power
1308,1.097628647101299e-09,5.4288486362255245e-09,1.0,1.0,0.99,power
1309,1.0866380021637511e-09,5.374482634295071e-09,1.0,1.0,0.99,power
1310,1.0757568941005787e-09,5.320661184976815e-09,1.0,1.0,0.99,power
1311,1.0649852393014e-09,5.2673786071614866e-09,1.0,1.0,0.99,power
1312,1.0543209677446113e-09,5.2146296774289874e-09,1.0,1.0,0.99,power
1313,1.0437639523613578e-09,5.1624090318373e-09,1.0,1.0,0.99,power
1314,1.033312172617723e-09,5.110711170389739e-09,1.0,1.0,0.99,power
1315,1.0229655348929197e-09,5.059531139719792e-09,1.0,1.0,0.99,power
1316,1.0127220215561055e-09,5.008863504097704e-09,1.0,1.0,0.99,power
1317,1.0025815417760915e-09,4.958703504237621e-09,1.0,1.0,0.99,power
1318,9.925421343671513e-10,4.9090456598414574e-09,1.0,1.0,0.99,power
1319,9.826037295746496e-10,4.859885017311459e-09,1.0,1.0,0.99,power
1320,9.727643755366911e-10,4.811216812241458e-09,1.0,1.0,0.99,power
1321,9.630239991165166e-10,4.763035837400696e-09,1.0,1.0,0.99,power
1322,9.533807048662885e-10,4.715337615200219e-09,1.0,1.0,0.99,power
1323,9.438344317195816e-10,4.668116847205844e-09,1.0,1.0,0.99,power
1324,9.343832977322571e-10,4.621368980980551e-09,1.0,1.0,0.99,power
1325,9.250272403454079e-10,4.575089302177818e-09,1.0,1.0,0.99,power
1326,9.157644342180717e-10,4.5292730284733415e-09,1.0,1.0,0.99,power
1327,9.065948103050017e-10,4.483915593118633e-09,1.0,1.0,0.99,power
1328,8.975165746472986e-10,4.439012496911e-09,1.0,1.0,0.99,power
1329,8.885296575700607e-10,4.394558967464375e-09,1.0,1.0,0.99,power
1330,8.796323347661013e-10,4.35055049428681e-09,1.0,1.0,0.99,power
1331,8.708244810367584e-10,4.306982821717066e-09,1.0,1.0,0.99,power
1332,8.621044499052386e-10,4.263851413752255e-09,1.0,1.0,0.99,power
1333,8.534721157975322e-10,4.221151861459679e-09,1.0,1.0,0.99,power
1334,8.449258248655267e-10,4.1788801835642575e-09,1.0,1.0,0.99,power
1335,8.364655198942275e-10,4.13703149374637e-09,1.0,1.0,0.99,power
1336,8.280895387763788e-10,4.0956019291088724e-09,1.0,1.0,0.99,power
1337,8.197977952438873e-10,4.054587566398441e-09,1.0,1.0,0.99,power
1338,8.115887178928347e-10,4.013983647787812e-09,1.0,1.0,0.99,power
1339,8.034622046630901e-10,3.9737864731499286e-09,1.0,1.0,0.99,power
1340,7.954166937610277e-10,3.933991640608723e-09,1.0,1.0,0.99,power
1341,7.874521205950825e-10,3.894595419775191e-09,1.0,1.0,0.99,power
1342,7.795669347266924e-10,3.855593964156677e-09,1.0,1.0,0.99,power
1343,7.717610485858635e-10,3.81698275662134e-09,1.0,1.0,0.99,power
1344,7.640329900076025e-10,3.778758272239029e-09,1.0,1.0,0.99,power
1345,7.563826702560879e-10,3.7409166618599445e-09,1.0,1.0,0.99,power
1346,7.488085930507997e-10,3.703454030508958e-09,1.0,1.0,0.99,power
1347,7.41310705844346e-10,3.666366364988011e-09,1.0,1.0,0.99,power
1348,7.338875465005526e-10,3.62965025981808e-09,1.0,1.0,0.99,power
1349,7.265390778866575e-10,3.593301893380477e-09,1.0,1.0,0.99,power
1350,7.192638461124342e-10,3.5573172262453806e-09,1.0,1.0,0.99,power
1351,7.1206177668273e-10,3.521693245296369e-09,1.0,1.0,0.99,power
1352,7.049315248168058e-10,3.4864259923798194e-09,1.0,1.0,0.99,power
1353,6.978729774361005e-10,3.451511689207015e-09,1.0,1.0,0.99,power
1354,6.908848032523951e-10,3.416947122853238e-09,1.0,1.0,0.99,power
1355,6.839669067659047e-10,3.3827286287456388e-09,1.0,1.0,0.99,power
1356,6.77117965715974e-10,3.3488530683815077e-09,1.0,1.0,0.99,power
1357,6.703379272933283e-10,3.315316563983026e-09,1.0,1.0,0.99,power
1358,6.636254717231567e-10,3.2821157901369595e-09,1.0,1.0,0.99,power
1359,6.569805150050381e-10,3.2492477549975773e-09,1.0,1.0,0.99,power
1360,6.504018225309538e-10,3.2167087294345667e-09,1.0,1.0,0.99,power
1361,6.438892997910988e-10,3.1844954850199656e-09,1.0,1.0,0.99,power
1362,6.374416734935245e-10,3.1526048582212413e-09,1.0,1.0,0.99,power
1363,6.310589227319492e-10,3.1210336252199852e-09,1.0,1.0,0.99,power
1364,6.247397736620063e-10,3.0897786554967736e-09,1.0,1.0,0.99,power
1365,6.184842214501976e-10,3.0588364697562025e-09,1.0,1.0,0.99,power
1366,6.12290971778226e-10,3.0282042286574354e-09,1.0,1.0,0.99,power
1367,6.061600689284501e-10,2.9978787486618683e-09,1.0,1.0,0.99,power
1368,6.000902555628838e-10,2.967856942608e-09,1.0,1.0,0.99,power
1369,5.940814977827456e-10,2.9381359271245277e-09,1.0,1.0,0.99,power
1370,5.881326247186432e-10,2.9087123676934594e-09,1.0,1.0,0.99,power
1371,5.822436049021886e-10,2.879583476938583e-09,1.0,1.0,0.99,power
1372,5.764132844105436e-10,2.8507461955479935e-09,1.0,1.0,0.99,power
1373,5.70641598444739e-10,2.822198010180119e-09,1.0,1.0,0.99,power
1374,5.649274621848364e-10,2.7939356036819904e-09,1.0,1.0,0.99,power
1375,5.592707880265253e-10,2.7659559580023717e-09,1.0,1.0,0.99,power
1376,5.536704961139992e-10,2.7382568763384442e-09,1.0,1.0,0.99,power
1377,5.48126559739209e-10,2.710834852296526e-09,1.0,1.0,0.99,power
1378,5.426378603169583e-10,2.6836876216364234e-09,1.0,1.0,0.99,power
1379,5.372043838119517e-10,2.6568122857038176e-09,1.0,1.0,0.99,power
1380,5.318250677649661e-10,2.6302058734078263e-09,1.0,1.0,0.99,power
1381,5.264998607650103e-10,2.6038660672536004e-09,1.0,1.0,0.99,power
1382,5.212277291443512e-10,2.577790004802562e-09,1.0,1.0,0.99,power
1383,5.160086337004924e-10,2.551975110066582e-09,1.0,1.0,0.99,power
1384,5.108415548144356e-10,2.526418736677564e-09,1.0,1.0,0.99,power
1385,5.057264512500614e-10,2.5011181485852573e-09,1.0,1.0,0.99,power
1386,5.006623492351685e-10,2.4760709972807012e-09,1.0,1.0,0.99,power
1387,4.956491615939644e-10,2.4512746278551663e-09,1.0,1.0,0.99,power
1388,4.90685945287469e-10,2.4267266651020603e-09,1.0,1.0,0.99,power
1389,4.857726793548986e-10,2.402424463167436e-09,1.0,1.0,0.99,power
1390,4.809083797602969e-10,2.3783658117560867e-09,1.0,1.0,0.99,power
1391,4.760929846270495e-10,2.3545478434556572e-09,1.0,1.0,0.99,power
1392,4.713256131109411e-10,2.330968486156743e-09,1.0,1.0,0.99,power
1393,4.6660619274721e-10,2.3076253029802833e-09,1.0,1.0,0.99,power
1394,4.61933810587526e-10,2.284515663093613e-09,1.0,1.0,0.99,power
1395,4.573084255231214e-10,2.261637718533421e-09,1.0,1.0,0.99,power
1396,4.5272913593884753e-10,2.2389888484366204e-09,1.0,1.0,0.99,power
1397,4.4819592720116613e-10,2.2165666404135666e-09,1.0,1.0,0.99,power
1398,4.437078859625285e-10,2.1943691157105916e-09,1.0,1.0,0.99,power
1399,4.392650066366942e-10,2.172393907051873e-09,1.0,1.0,0.99,power
1400,4.3486641292834055e-10,2.1506385156936042e-09,1.0,1.0,0.99,power
1401,4.305120586990056e-10,2.129101284921503e-09,1.0,1.0,0.99,power
1402,4.262011067785661e-10,2.1077795409142876e-09,1.0,1.0,0.99,power
1403,4.219335177090675e-10,2.086671376280816e-09,1.0,1.0,0.99,power
1404,4.1770848208884255e-10,2.065774699116524e-09,1.0,1.0,0.99,power
1405,4.135259223965858e-10,2.0450871207969707e-09,1.0,1.0,0.99,power
1406,4.093850525144665e-10,2.0246065999566593e-09,1.0,1.0,0.99,power
1407,4.052858549861066e-10,2.0043315927433653e-09,1.0,1.0,0.99,power
1408,4.0122749509147297e-10,1.9842592300311856e-09,1.0,1.0,0.99,power
1409,3.9720996839250423e-10,1.964387967590966e-09,1.0,1.0,0.99,power
1410,3.9323249630450337e-10,1.9447157860334795e-09,1.0,1.0,0.99,power
1411,3.8929500961579807e-10,1.925240551310885e-09,1.0,1.0,0.99,power
1412,3.853968007954154e-10,1.9059604817359642e-09,1.0,1.0,0.99,power
1413,3.815377916575225e-10,1.8868732290115153e-09,1.0,1.0,0.99,power
1414,3.7771723254333686e-10,1.8679772324928852e-09,1.0,1.0,0.99,power
1415,3.7393512550143275e-10,1.8492705658662158e-09,1.0,1.0,0.99,power
1416,3.701907110272305e-10,1.8307510625576001e-09,1.0,1.0,0.99,power
1417,3.664839543551971e-10,1.81241713062113e-09,1.0,1.0,0.99,power
1418,3.6281416083285604e-10,1.7942667814428267e-09,1.0,1.0,0.99,power
1419,3.5918125700170103e-10,1.7762982582204535e-09,1.0,1.0,0.99,power
1420,3.555845789898875e-10,1.7585096132440999e-09,1.0,1.0,0.99,power
1421,3.5202409907650057e-10,1.7408990677632112e-09,1.0,1.0,0.99,power
1422,3.4849908204672496e-10,1.7234649665856232e-09,1.0,1.0,0.99,power
1423,3.450095235814954e-10,1.7062052221960961e-09,1.0,1.0,0.99,power
1424,3.415547518013079e-10,1.6891185383682524e-09,1.0,1.0,0.99,power
1425,3.3813473042019563e-10,1.672202767621155e-09,1.0,1.0,0.99,power
1426,3.3474880489585425e-10,1.6554565939993346e-09,1.0,1.0,0.99,power
1427,3.3139693600147967e-10,1.6388781754102661e-09,1.0,1.0,0.99,power
1428,3.2807848607392393e-10,1.6224656627166512e-09,1.0,1.0,0.99,power
1429,3.247933926385997e-10,1.606217355935223e-09,1.0,1.0,0.99,power
1430,3.2154108142743514e-10,1.590132038947745e-09,1.0,1.0,0.99,power
1431,3.1832143942733567e-10,1.5742076647915268e-09,1.0,1.0,0.99,power
1432,3.151339249616875e-10,1.558442866337604e-09,1.0,1.0,0.99,power
1433,3.119784536542019e-10,1.5428356823413267e-09,1.0,1.0,0.99,power
1434,3.088544362111944e-10,1.5273851117884749e-09,1.0,1.0,0.99,power
1435,3.0576185528123317e-10,1.5120890590458454e-09,1.0,1.0,0.99,power
1436,3.027000929532896e-10,1.4969462291161052e-09,1.0,1.0,0.99,power
1437,2.996691264507018e-10,1.481955075400102e-09,1.0,1.0,0.99,power
1438,2.966683896734768e-10,1.46711396423979e-09,1.0,1.0,0.99,power
1439,2.9369782446985463e-10,1.4524215127429215e-09,1.0,1.0,0.99,power
1440,2.907568496013499e-10,1.4378763603170851e-09,1.0,1.0,0.99,power
1441,2.8784549908404875e-10,1.4234765569670754e-09,1.0,1.0,0.99,power
1442,2.8496313533233695e-10,1.4092211397960023e-09,1.0,1.0,0.99,power
1443,2.821097678384714e-10,1.3951086489764626e-09,1.0,1.0,0.99,power
1444,2.7928486316989283e-10,1.381137133901693e-09,1.0,1.0,0.99,power
1445,2.7648836137209776e-10,1.3673056091657499e-09,1.0,1.0,0.99,power
1446,2.737197321331823e-10,1.3536127649101074e-09,1.0,1.0,0.99,power
1447,2.7097894676665827e-10,1.3400570030131401e-09,1.0,1.0,0.99,power
1448,2.6826549907092563e-10,1.3266369372529136e-09,1.0,1.0,0.99,power
1449,2.655793305317862e-10,1.3133512381570072e-09,1.0,1.0,0.99,power
1450,2.629199372964021e-10,1.3001985582848901e-09,1.0,1.0,0.99,power
1451,2.6028729127437473e-10,1.2871778091805904e-09,1.0,1.0,0.99,power
1452,2.5768088952817795e-10,1.2742871932690933e-09,1.0,1.0,0.99,power
1453,2.5510072195021977e-10,1.261525797584407e-09,1.0,1.0,0.99,power
1454,2.525462593532968e-10,1.2488921132389799e-09,1.0,1.0,0.99,power
1455,2.5001748852220996e-10,1.2363848738321584e-09,1.0,1.0,0.99,power
1456,2.4751393043797553e-10,1.2240031106318426e-09,1.0,1.0,0.99,power
1457,2.450355536773847e-10,1.2117452140357224e-09,1.0,1.0,0.99,power
1458,2.4258187531204327e-10,1.1996100739766272e-09,1.0,1.0,0.99,power
1459,2.4015288538213074e-10,1.1875965530510921e-09,1.0,1.0,0.99,power
1460,2.377480973000031e-10,1.175703225190212e-09,1.0,1.0,0.99,power
1461,2.353675110029283e-10,1.1639291187159063e-09,1.0,1.0,0.99,power
1462,2.330106567362967e-10,1.1522728204570404e-09,1.0,1.0,0.99,power
1463,2.306774909750618e-10,1.140733209654347e-09,1.0,1.0,0.99,power
1464,2.283675879275825e-10,1.1293092925340439e-09,1.0,1.0,0.99,power
1465,2.2608092342268035e-10,1.1179997065089572e-09,1.0,1.0,0.99,power
1466,2.2381705833002858e-10,1.1068031534036866e-09,1.0,1.0,0.99,power
1467,2.2157596575101022e-10,1.0957191114357721e-09,1.0,1.0,0.99,power
1468,2.193571929491348e-10,1.084745782823523e-09,1.0,1.0,0.99,power
1469,2.171607570726044e-10,1.0738825826474903e-09,1.0,1.0,0.99,power
1470,2.1498620425378437e-10,1.063127830498492e-09,1.0,1.0,0.99,power
1471,2.1283351765165248e-10,1.0524811311695895e-09,1.0,1.0,0.99,power
1472,2.1070230226835032e-10,1.0419409376863947e-09,1.0,1.0,0.99,power
1473,2.085925230825414e-10,1.0315062355406061e-09,1.0,1.0,0.99,power
1474,2.065037816637682e-10,1.0211760321459818e-09,1.0,1.0,0.99,power
1475,2.0443603459481606e-10,1.0109493340294365e-09,1.0,1.0,0.99,power
1476,2.0238889362985783e-10,1.0008250150572785e-09,1.0,1.0,0.99,power
1477,2.0036236235449727e-10,9.908020056242543e-10,1.0,1.0,0.99,power
1478,1.9835602858515153e-10,9.808795025838875e-10,1.0,1.0,0.99,power
1479,1.9636987396487024e-10,9.710563122084106e-10,1.0,1.0,0.99,power
1480,1.9440351472362284e-10,9.613314950027596e-10,1.0,1.0,0.99,power
1481,1.9245693812727604e-10,9.517040729174723e-10,1.0,1.0,0.99,power
1482,1.905297568983945e-10,9.42173154744292e-10,1.0,1.0,0.99,power
1483,1.886219719924763e-10,9.327374440095074e-10,1.0,1.0,0.99,power
1484,1.867331830583668e-10,9.233963485828783e-10,1.0,1.0,0.99,power
1485,1.8486341648836123e-10,9.141488582717361e-10,1.0,1.0,0.99,power
1486,1.830122753821226e-10,9.049939952070362e-10,1.0,1.0,0.99,power
1487,1.8117976354679527e-10,8.959306566823244e-10,1.0,1.0,0.99,power
1488,1.7936551787770846e-10,8.869582409306667e-10,1.0,1.0,0.99,power
1489,1.775695077560844e-10,8.780755116608897e-10,1.0,1.0,0.99,power
1490,1.7579140747086368e-10,8.692817558245648e-10,1.0,1.0,0.99,power
1491,1.7403119949865016e-10,8.605760936195812e-10,1.0,1.0,0.99,power
1492,1.722885371444012e-10,8.51957614628669e-10,1.0,1.0,0.99,power
1493,1.7056337077838295e-10,8.434255587795185e-10,1.0,1.0,0.99,power
1494,1.6885543492347205e-10,8.349787836787938e-10,1.0,1.0,0.99,power
1495,1.6716467976544408e-10,8.266168103132697e-10,1.0,1.0,0.99,power
1496,1.6549076400601814e-10,8.183383498367664e-10,1.0,1.0,0.99,power
1497,1.638336922460276e-10,8.101428095218856e-10,1.0,1.0,0.99,power
1498,1.6219313411418967e-10,8.020294245715678e-10,1.0,1.0,0.99,power
1499,1.605690865954282e-10,7.939973134176383e-10,1.0,1.0,0.99,power
1500,1.589612220744353e-10,7.860454608953451e-10,1.0,1.0,0.99,power
1501,1.5736952620736986e-10,7.781734177900819e-10,1.0,1.0,0.99,power
1502,1.557936926629334e-10,7.703803186306883e-10,1.0,1.0,0.99,power
1503,1.5423372053235315e-10,7.62664896354131e-10,1.0,1.0,0.99,power
1504,1.526892926952577e-10,7.550270037579422e-10,1.0,1.0,0.99,power
1505,1.5116040622515723e-10,7.474655896013896e-10,1.0,1.0,0.99,power
1506,1.496467534787708e-10,7.399797262741287e-10,1.0,1.0,0.99,power
1507,1.4814832220632454e-10,7.325690301684902e-10,1.0,1.0,0.99,power
1508,1.4666483669507065e-10,7.252323855447238e-10,1.0,1.0,0.99,power
1509,1.4519626901678837e-10,7.179693108197064e-10,1.0,1.0,0.99,power
1510,1.4374234322150126e-10,7.107789939649742e-10,1.0,1.0,0.99,power
1511,1.4230301910209467e-10,7.036606804181668e-10,1.0,1.0,0.99,power
1512,1.408780860780781e-10,6.966135985559863e-10,1.0,1.0,0.99,power
1513,1.3946745759596464e-10,6.896369147904393e-10,1.0,1.0,0.99,power
1514,1.380708820166968e-10,6.827304323413726e-10,1.0,1.0,0.99,power
1515,1.3668837016365474e-10,6.758930264388178e-10,1.0,1.0,0.99,power
1516,1.353196423724815e-10,6.691239128539325e-10,1.0,1.0,0.99,power
1517,1.3396467289620907e-10,6.624228607380513e-10,1.0,1.0,0.99,power
1518,1.3262320589452057e-10,6.557884540485981e-10,1.0,1.0,0.99,power
1519,1.3129524665321916e-10,6.492208864782909e-10,1.0,1.0,0.99,power
1520,1.2998051598202347e-10,6.427191269423935e-10,1.0,1.0,0.99,power
1521,1.286790042017693e-10,6.36282216483566e-10,1.0,1.0,0.99,power
1522,1.2739047170303805e-10,6.299099140980651e-10,1.0,1.0,0.99,power
1523,1.2611488989588038e-10,6.236012889153164e-10,1.0,1.0,0.99,power
1524,1.2485204193041572e-10,6.173561195903641e-10,1.0,1.0,0.99,power
1525,1.2360188219540315e-10,6.111732590339218e-10,1.0,1.0,0.99,power
1526,1.2236419937014738e-10,6.050521691437457e-10,1.0,1.0,0.99,power
1527,1.2113895897105693e-10,5.989927782676247e-10,1.0,1.0,0.99,power
1528,1.19925915824539e-10,5.929938635915267e-10,1.0,1.0,0.99,power
1529,1.1872509119062695e-10,5.870550128662103e-10,1.0,1.0,0.99,power
1530,1.1753624218956752e-10,5.811755322802123e-10,1.0,1.0,0.99,power
1531,1.1635933609469106e-10,5.7535498083684e-10,1.0,1.0,0.99,power
1532,1.1519416794791774e-10,5.695929310224713e-10,1.0,1.0,0.99,power
1533,1.1404072338408376e-10,5.638883968170637e-10,1.0,1.0,0.99,power
1534,1.1289877128135226e-10,5.582412003233696e-10,1.0,1.0,0.99,power
1535,1.117682959472442e-10,5.526503107607374e-10,1.0,1.0,0.99,power
1536,1.1064910308111349e-10,5.471153633984741e-10,1.0,1.0,0.99,power
1537,1.09541178062445e-10,5.41635933767194e-10,1.0,1.0,0.99,power
1538,1.0844427564274041e-10,5.36211389146838e-10,1.0,1.0,0.99,power
1539,1.0735840633039565e-10,5.308412766526061e-10,1.0,1.0,0.99,power
1540,1.062833539639922e-10,5.255248522914152e-10,1.0,1.0,0.99,power
1541,1.0521915108756701e-10,5.202616710372367e-10,1.0,1.0,0.99,power
1542,1.041655413517589e-10,5.150511848961764e-10,1.0,1.0,0.99,power
1543,1.0312250679734032e-10,5.098928553128279e-10,1.0,1.0,0.99,power
1544,1.0208989432584579e-10,5.047862260218827e-10,1.0,1.0,0.99,power
1545,1.010676525114416e-10,4.997306312351155e-10,1.0,1.0,0.99,power
1546,1.0005561544728114e-10,4.947258125634316e-10,1.0,1.0,0.99,power
1547,9.905374927050937e-11,4.897710275163843e-10,1.0,1.0,0.99,power
1548,9.80618702638406e-11,4.848659554632038e-10,1.0,1.0,0.99,power
1549,9.707995936928019e-11,4.800100018121723e-10,1.0,1.0,0.99,power
1550,9.610785409375847e-11,4.752024919489809e-10,1.0,1.0,0.99,power
1551,9.514552064477988e-11,4.704433489494857e-10,1.0,1.0,0.99,power
1552,9.419276133796727e-11,4.657316859710378e-10,1.0,1.0,0.99,power
1553,9.324961052306476e-11,4.610673331403327e-10,1.0,1.0,0.99,power
1554,9.231585650519676e-11,4.5644957347108555e-10,1.0,1.0,0.99,power
1555,9.139148427246673e-11,4.5187798347053965e-10,1.0,1.0,0.99,power
1556,9.047634056816016e-11,4.4735231895603697e-10,1.0,1.0,0.99,power
1557,8.957037652827176e-11,4.4287208146986387e-10,1.0,1.0,0.99,power
1558,8.86734695073186e-11,4.3843649936669947e-10,1.0,1.0,0.99,power
1559,8.778557457837119e-11,4.3404535612205256e-10,1.0,1.0,0.99,power
1560,8.690651963169591e-11,4.2969835868454626e-10,1.0,1.0,0.99,power
1561,8.603633187250788e-11,4.253948813687301e-10,1.0,1.0,0.99,power
1562,8.517480324307079e-11,4.2113432927202505e-10,1.0,1.0,0.99,power
1563,8.43219448707595e-11,4.169164974632798e-10,1.0,1.0,0.99,power
1564,8.347757257577788e-11,4.1274098303941456e-10,1.0,1.0,0.99,power
1565,8.264169008642049e-11,4.086072827256393e-10,1.0,1.0,0.99,power
1566,8.181417141184185e-11,4.0451485564652447e-10,1.0,1.0,0.99,power
1567,8.09949570932837e-11,4.0046356350869483e-10,1.0,1.0,0.99,power
1568,8.018391302644967e-11,3.964527147648061e-10,1.0,1.0,0.99,power
1569,7.938101427202268e-11,3.9248193347622527e-10,1.0,1.0,0.99,power
1570,7.8586136268793e-11,3.885511598627551e-10,1.0,1.0,0.99,power
1571,7.779925580909664e-11,3.8465959843933235e-10,1.0,1.0,0.99,power
1572,7.702019057902884e-11,3.808071263192641e-10,1.0,1.0,0.99,power
1573,7.62489860968527e-11,3.769930774178635e-10,1.0,1.0,0.99,power
1574,7.54854677072671e-11,3.732174042064178e-10,1.0,1.0,0.99,power
1575,7.472961738968598e-11,3.694794251122427e-10,1.0,1.0,0.99,power
1576,7.398132416918734e-11,3.6577896732537034e-10,1.0,1.0,0.99,power
1577,7.324053567085126e-11,3.6211541461747315e-10,1.0,1.0,0.99,power
1578,7.250713643041531e-11,3.5848858429709694e-10,1.0,1.0,0.99,power
1579,7.178110870423708e-11,3.548982567887378e-10,1.0,1.0,0.99,power
1580,7.106233080341087e-11,3.5134360056184553e-10,1.0,1.0,0.99,power
1581,7.035078187407943e-11,3.478247545797984e-10,1.0,1.0,0.99,power
1582,6.964632602787102e-11,3.4434112459223265e-10,1.0,1.0,0.99,power
1583,6.894894199540037e-11,3.4089234159348004e-10,1.0,1.0,0.99,power
1584,6.82585218606588e-11,3.3747805083428377e-10,1.0,1.0,0.99,power
1585,6.757504338524092e-11,3.3409806879563847e-10,1.0,1.0,0.99,power
1586,6.689837710134561e-11,3.307518363909062e-10,1.0,1.0,0.99,power
1587,6.622852115295507e-11,3.274390236143566e-10,1.0,1.0,0.99,power
1588,6.556534269244128e-11,3.2415953876196774e-10,1.0,1.0,0.99,power
1589,6.49088292111166e-11,3.209128811754343e-10,1.0,1.0,0.99,power
1590,6.425885692135202e-11,3.176987079343146e-10,1.0,1.0,0.99,power
1591,6.361542211660086e-11,3.1451682369078825e-10,1.0,1.0,0.99,power
1592,6.297842248104954e-11,3.113666017073898e-10,1.0,1.0,0.99,power
1593,6.234779899166017e-11,3.0824805798287757e-10,1.0,1.0,0.99,power
1594,6.172347993027768e-11,3.051607879929507e-10,1.0,1.0,0.99,power
1595,6.110544813578188e-11,3.0210419300898226e-10,1.0,1.0,0.99,power
1596,6.0493547580397e-11,2.9907845404614827e-10,1.0,1.0,0.99,power
1597,5.988783242750089e-11,2.960829809571126e-10,1.0,1.0,0.99,power
1598,5.928813452657589e-11,2.9311742554695945e-10,1.0,1.0,0.99,power
1599,5.869447953212624e-11,2.901817066911083e-10,1.0,1.0,0.99,power
1600,5.8106728610412884e-11,2.872751934347167e-10,1.0,1.0,0.99,power
1601,5.752490761568567e-11,2.843979121848838e-10,1.0,1.0,0.99,power
1602,5.694887654276123e-11,2.8154931078878346e-10,1.0,1.0,0.99,power
1603,5.6378633286273706e-11,2.787292917995102e-10,1.0,1.0,0.99,power
1604,5.581410235499326e-11,2.7593754890538634e-10,1.0,1.0,0.99,power
1605,5.52552233732985e-11,2.731739021254631e-10,1.0,1.0,0.99,power
1606,5.470191416114046e-11,2.704378004165275e-10,1.0,1.0,0.99,power
1607,5.41541921239072e-11,2.677291768341775e-10,1.0,1.0,0.99,power
1608,5.3611915830774115e-11,2.650474577058678e-10,1.0,1.0,0.99,power
1609,5.307509400325935e-11,2.623927898986412e-10,1.0,1.0,0.99,power
1610,5.254362578905698e-11,2.5976448010078373e-10,1.0,1.0,0.99,power
1611,5.2017490804273626e-11,2.571626942926366e-10,1.0,1.0,0.99,power
1612,5.149662166970427e-11,2.545870411619188e-10,1.0,1.0,0.99,power
1613,5.098098669618756e-11,2.5203721539475746e-10,1.0,1.0,0.99,power
1614,5.047047725026737e-11,2.4951259739078687e-10,1.0,1.0,0.99,power
1615,4.9965107392433226e-11,2.4701340924458687e-10,1.0,1.0,0.99,power
1616,4.9464775172482706e-11,2.4453928723851585e-10,1.0,1.0,0.99,power
1617,4.8969487478287774e-11,2.4208993701591914e-10,1.0,1.0,0.99,power
1618,4.847912317477346e-11,2.396651641912057e-10,1.0,1.0,0.99,power
1619,4.7993707381517685e-11,2.3726464878751525e-10,1.0,1.0,0.99,power
1620,4.75131157360392e-11,2.3488811292383103e-10,1.0,1.0,0.99,power
1621,4.703736113867148e-11,2.3253537549434452e-10,1.0,1.0,0.99,power
1622,4.656633853351467e-11,2.3020628623202273e-10,1.0,1.0,0.99,power
1623,4.610007613445791e-11,2.2790049874189485e-10,1.0,1.0,0.99,power
1624,4.563845133902726e-11,2.256178541620846e-10,1.0,1.0,0.99,power
1625,4.5181482191829597e-11,2.2335796937450773e-10,1.0,1.0,0.99,power
1626,4.472903179657148e-11,2.2112055386041586e-10,1.0,1.0,0.99,power
1627,4.428118208482162e-11,2.1890573352278627e-10,1.0,1.0,0.99,power
1628,4.383774824127404e-11,2.167131083316749e-10,1.0,1.0,0.99,power
1629,4.3398810615066286e-11,2.1454238810545247e-10,1.0,1.0,0.99,power
1630,4.2964220755468576e-11,2.1239356621947431e-10,1.0,1.0,0.99,power
1631,4.253402315206839e-11,2.1026614140048927e-10,1.0,1.0,0.99,power
1632,4.210811722624931e-11,2.0816000739499037e-10,1.0,1.0,0.99,power
1633,4.168647664950032e-11,2.0607491804503874e-10,1.0,1.0,0.99,power
1634,4.1269036739131737e-11,2.040107315954355e-10,1.0,1.0,0.99,power
1635,4.08558186234514e-11,2.0196712483873679e-10,1.0,1.0,0.99,power
1636,4.0446722964330765e-11,1.999441534224661e-10,1.0,1.0,0.99,power
1637,4.0041715806489064e-11,1.9794139914782268e-10,1.0,1.0,0.99,power
1638,3.96407519324738e-11,1.9595874645156043e-10,1.0,1.0,0.99,power
1639,3.9243820838804394e-11,1.9399586881264257e-10,1.0,1.0,0.99,power
1640,3.885086428704676e-11,1.9205262956907933e-10,1.0,1.0,0.99,power
1641,3.846184507915341e-11,1.901288683284059e-10,1.0,1.0,0.99,power
1642,3.807668802683295e-11,1.8822452205866547e-10,1.0,1.0,0.99,power
1643,3.769545206644788e-11,1.8633914965898046e-10,1.0,1.0,0.99,power
1644,3.73179627149661e-11,1.8447257541744815e-10,1.0,1.0,0.99,power
1645,3.6944300070731766e-11,1.8262467891901773e-10,1.0,1.0,0.99,power
1646,3.657435686153803e-11,1.8079534243203876e-10,1.0,1.0,0.99,power
1647,3.6208147335538746e-11,1.7898441941642323e-10,1.0,1.0,0.99,power
1648,3.584556192952119e-11,1.7719144528137584e-10,1.0,1.0,0.99,power
1649,3.548664613206476e-11,1.75416414227262e-10,1.0,1.0,0.99,power
1650,3.5131287209820714e-11,1.7365934199280088e-10,1.0,1.0,0.99,power
1651,3.477952482211051e-11,1.7191986854070906e-10,1.0,1.0,0.99,power
1652,3.443125904940235e-11,1.7019775722099248e-10,1.0,1.0,0.99,power
1653,3.4086500696061045e-11,1.684928298789054e-10,1.0,1.0,0.99,power
1654,3.374516973672295e-11,1.6680498519999e-10,1.0,1.0,0.99,power
1655,3.340727080192421e-11,1.6513416704120844e-10,1.0,1.0,0.99,power
1656,3.307275211497865e-11,1.6347995924680342e-10,1.0,1.0,0.99,power
1657,3.274159939437679e-11,1.6184237057678967e-10,1.0,1.0,0.99,power
1658,3.241373497840274e-11,1.6022102848998337e-10,1.0,1.0,0.99,power
1659,3.208917324055327e-11,1.5861623736089785e-10,1.0,1.0,0.99,power
1660,3.1767847564997363e-11,1.5702729329583658e-10,1.0,1.0,0.99,power
1661,3.144976389998049e-11,1.5545438464697494e-10,1.0,1.0,0.99,power
1662,3.113482404823917e-11,1.538969655498593e-10,1.0,1.0,0.99,power
1663,3.082308774045522e-11,1.5235539107731302e-10,1.0,1.0,0.99,power
1664,3.051441191883634e-11,1.5082918636403114e-10,1.0,1.0,0.99,power
1665,3.020888130455123e-11,1.493182449430544e-10,1.0,1.0,0.99,power
1666,2.9906383766373567e-11,1.4782249692315322e-10,1.0,1.0,0.99,power
1667,2.9606922841897295e-11,1.4634161918836326e-10,1.0,1.0,0.99,power
1668,2.931044126262523e-11,1.448756314770933e-10,1.0,1.0,0.99,power
1669,2.9016972632639782e-11,1.4342423784026676e-10,1.0,1.0,0.99,power
1670,2.8726399737962704e-11,1.4198764720448927e-10,1.0,1.0,0.99,power
1671,2.8438756152336083e-11,1.405651091044988e-10,1.0,1.0,0.99,power
1672,2.8153992554372177e-11,1.391570731148906e-10,1.0,1.0,0.99,power
1673,2.7872076345231832e-11,1.3776300840181066e-10,1.0,1.0,0.99,power
1674,2.7592975622242005e-11,1.3638294731260021e-10,1.0,1.0,0.99,power
1675,2.7316678639068607e-11,1.3501677132956224e-10,1.0,1.0,0.99,power
1676,2.7043145934293827e-11,1.336641397768924e-10,1.0,1.0,0.99,power
1677,2.677236094303319e-11,1.3232505863549032e-10,1.0,1.0,0.99,power
1678,2.6504269496685324e-11,1.3099947315229927e-10,1.0,1.0,0.99,power
1679,2.6238884909042962e-11,1.2968710316863083e-10,1.0,1.0,0.99,power
1680,2.597612704004145e-11,1.2838795678212e-10,1.0,1.0,0.99,power
1681,2.5716045097551963e-11,1.2710168558439862e-10,1.0,1.0,0.99,power
1682,2.5458523501165674e-11,1.2582844321114972e-10,1.0,1.0,0.99,power
1683,2.5203603670022506e-11,1.245677829727723e-10,1.0,1.0,0.99,power
1684,2.4951217092539593e-11,1.2332005326069382e-10,1.0,1.0,0.99,power
1685,2.4701403634000514e-11,1.2208443402843673e-10,1.0,1.0,0.99,power
1686,2.445402839467341e-11,1.208613377132837e-10,1.0,1.0,0.99,power
1687,2.4209180327311647e-11,1.1965061367550728e-10,1.0,1.0,0.99,power
1688,2.396676708144109e-11,1.184518266104763e-10,1.0,1.0,0.99,power
1689,2.3726781132337568e-11,1.1726530072343945e-10,1.0,1.0,0.99,power
1690,2.3489192862964003e-11,1.1609045727744145e-10,1.0,1.0,0.99,power
1691,2.3254000596153836e-11,1.1492732479885791e-10,1.0,1.0,0.99,power
1692,2.302113218498758e-11,1.1377599733375696e-10,1.0,1.0,0.99,power
1693,2.2790633938049617e-11,1.126360738306728e-10,1.0,1.0,0.99,power
1694,2.256241170763181e-11,1.1150762523369696e-10,1.0,1.0,0.99,power
1695,2.233648725027505e-11,1.1039050322990147e-10,1.0,1.0,0.99,power
1696,2.2112846280184404e-11,1.092844928880641e-10,1.0,1.0,0.99,power
1697,2.189142021948431e-11,1.0818966850144465e-10,1.0,1.0,0.99,power
1698,2.167220688650755e-11,1.0710578301509636e-10,1.0,1.0,0.99,power
1699,2.1455188419538504e-11,1.0603258877183206e-10,1.0,1.0,0.99,power
1700,2.1240362608045968e-11,1.049703127713994e-10,1.0,1.0,0.99,power
1701,2.102766623318344e-11,1.0391868788755892e-10,1.0,1.0,0.99,power
1702,2.0817109936443013e-11,1.0287752239186189e-10,1.0,1.0,0.99,power
1703,2.0608680445441233e-11,1.0184687607043484e-10,1.0,1.0,0.99,power
1704,2.0402295477856387e-11,1.0082634539254653e-10,1.0,1.0,0.99,power
1705,2.0198021568754778e-11,9.981621656046544e-11,1.0,1.0,0.99,power
1706,1.9995754621370855e-11,9.881610419368233e-11,1.0,1.0,0.99,power
1707,1.9795536321459308e-11,9.782611579846589e-11,1.0,1.0,0.99,power
1708,1.9597317774556178e-11,9.684598119502288e-11,1.0,1.0,0.99,power
1709,1.9401091551993755e-11,9.587558304896131e-11,1.0,1.0,0.99,power
1710,1.920680901382387e-11,9.491502926465536e-11,1.0,1.0,0.99,power
1711,1.9014503546743174e-11,9.396401788587077e-11,1.0,1.0,0.99,power
1712,1.882409849740416e-11,9.302261181666233e-11,1.0,1.0,0.99,power
1713,1.8635597823171444e-11,9.209049151385069e-11,1.0,1.0,0.99,power
1714,1.8448993666303446e-11,9.116791922645962e-11,1.0,1.0,0.99,power
1715,1.82642642813529e-11,9.025446922471839e-11,1.0,1.0,0.99,power
1716,1.8081373894723452e-11,8.93499700132543e-11,1.0,1.0,0.99,power
1717,1.7900330083540703e-11,8.845467383339687e-11,1.0,1.0,0.99,power
1718,1.772106887360166e-11,8.756854682161587e-11,1.0,1.0,0.99,power
1719,1.7543632016260533e-11,8.669102783128926e-11,1.0,1.0,0.99,power
1720,1.7367971949063203e-11,8.582239451642901e-11,1.0,1.0,0.99,power
1721,1.7194046290470214e-11,8.496243920912041e-11,1.0,1.0,0.99,power
1722,1.7021877964074633e-11,8.411130331812587e-11,1.0,1.0,0.99,power
1723,1.6851438928485666e-11,8.326840873244747e-11,1.0,1.0,0.99,power
1724,1.6682695862715247e-11,8.243414678215386e-11,1.0,1.0,0.99,power
1725,1.651563785649643e-11,8.160805221152888e-11,1.0,1.0,0.99,power
1726,1.6350277438872706e-11,8.079033925892181e-11,1.0,1.0,0.99,power
1727,1.6186558451563946e-11,7.998082963660275e-11,1.0,1.0,0.99,power
1728,1.6024475084683386e-11,7.917941272206878e-11,1.0,1.0,0.99,power
1729,1.586401865867546e-11,7.838602639815873e-11,1.0,1.0,0.99,power
1730,1.5705153621565904e-11,7.760034712793289e-11,1.0,1.0,0.99,power
1731,1.554789788524319e-11,7.682288749846149e-11,1.0,1.0,0.99,power
1732,1.5392207103921388e-11,7.605299333010573e-11,1.0,1.0,0.99,power
1733,1.5238088360744033e-11,7.529089273646162e-11,1.0,1.0,0.99,power
1734,1.508549914477586e-11,7.453650676220001e-11,1.0,1.0,0.99,power
1735,1.493445639896168e-11,7.378948291117177e-11,1.0,1.0,0.99,power
1736,1.4784894574200735e-11,7.30501556546649e-11,1.0,1.0,0.99,power
1737,1.4636875244679288e-11,7.231824482636771e-11,1.0,1.0,0.99,power
1738,1.4490297514817678e-11,7.159340476738102e-11,1.0,1.0,0.99,power
1739,1.434519549128111e-11,7.087593939905553e-11,1.0,1.0,0.99,power
1740,1.4201543718652635e-11,7.016564050375216e-11,1.0,1.0,0.99,power
1741,1.4059353329541506e-11,6.946259188267553e-11,1.0,1.0,0.99,power
1742,1.3918569366644107e-11,6.876659618223113e-11,1.0,1.0,0.99,power
1743,1.3779208476321656e-11,6.807735391952091e-11,1.0,1.0,0.99,power
1744,1.3641229874791996e-11,6.739509165383539e-11,1.0,1.0,0.99,power
1745,1.3504641785524712e-11,6.671976293049962e-11,1.0,1.0,0.99,power
1746,1.3369406258313354e-11,6.605113930811585e-11,1.0,1.0,0.99,power
1747,1.3235540129129652e-11,6.538919295402847e-11,1.0,1.0,0.99,power
1748,1.310301089684046e-11,6.473381063772012e-11,1.0,1.0,0.99,power
1749,1.2971785367327401e-11,6.408514618037403e-11,1.0,1.0,0.99,power
1750,1.2841931229917919e-11,6.344285512418374e-11,1.0,1.0,0.99,power
1751,1.2713321857551573e-11,6.280710665720418e-11,1.0,1.0,0.99,power
1752,1.2586013562365603e-11,6.217754287667494e-11,1.0,1.0,0.99,power
1753,1.246000006857469e-11,6.155457021187399e-11,1.0,1.0,0.99,power
1754,1.2335209539700322e-11,6.093752772383962e-11,1.0,1.0,0.99,power
1755,1.2211731998586024e-11,6.032665294432716e-11,1.0,1.0,0.99,power
1756,1.208943946529748e-11,5.972225732735133e-11,1.0,1.0,0.99,power
1757,1.1968382108769118e-11,5.912345143156629e-11,1.0,1.0,0.99,power
1758,1.1848533458448155e-11,5.853115557351583e-11,1.0,1.0,0.99,power
1759,1.1729897405397008e-11,5.7944341968503956e-11,1.0,1.0,0.99,power
1760,1.161243252346447e-11,5.7363608204204176e-11,1.0,1.0,0.99,power
1761,1.1496158700934929e-11,5.678855913042924e-11,1.0,1.0,0.99,power
1762,1.1381035528959545e-11,5.6219544085589447e-11,1.0,1.0,0.99,power
1763,1.1267080542020617e-11,5.565602618801558e-11,1.0,1.0,0.99,power
1764,1.115426238216856e-11,5.5098163626192734e-11,1.0,1.0,0.99,power
1765,1.1042566308498466e-11,5.4546021835957185e-11,1.0,1.0,0.99,power
1766,1.0931987504188434e-11,5.399936054709608e-11,1.0,1.0,0.99,power
1767,1.0822540904890446e-11,5.345790681848876e-11,1.0,1.0,0.99,power
1768,1.0714170913913081e-11,5.2922128000563876e-11,1.0,1.0,0.99,power
1769,1.0606890846651925e-11,5.239175958356672e-11,1.0,1.0,0.99,power
1770,1.0500657210799755e-11,5.186664921337514e-11,1.0,1.0,0.99,power
1771,1.0395516573818043e-11,5.134660792879706e-11,1.0,1.0,0.99,power
1772,1.0291422040286492e-11,5.0831905248093e-11,1.0,1.0,0.99,power
1773,1.0188385075974902e-11,5.032243867773525e-11,1.0,1.0,0.99,power
1774,1.0086347639771475e-11,4.9818007609828705e-11,1.0,1.0,0.99,power
1775,9.98536329372948e-12,4.931862573073173e-11,1.0,1.0,0.99,power
1776,9.885377922169756e-12,4.882428656233635e-11,1.0,1.0,0.99,power
1777,9.786389111798118e-12,4.83348539983064e-11,1.0,1.0,0.99,power
1778,9.688390220150135e-12,4.78502708681531e-11,1.0,1.0,0.99,power
1779,9.591396917600285e-12,4.737056379496902e-11,1.0,1.0,0.99,power
1780,9.495335364622747e-12,4.689570666134026e-11,1.0,1.0,0.99,power
1781,9.40025537807034e-12,4.642570051165845e-11,1.0,1.0,0.99,power
1782,9.306129937303463e-12,4.596006699761915e-11,1.0,1.0,0.99,power
1783,9.212953073244307e-12,4.5499376060587516e-11,1.0,1.0,0.99,power
1784,9.120685912866316e-12,4.504337816381025e-11,1.0,1.0,0.99,power
1785,9.029371755721795e-12,4.459180935572737e-11,1.0,1.0,0.99,power
1786,8.938960204500768e-12,4.41447878152227e-11,1.0,1.0,0.99,power
1787,8.84944191440038e-12,4.37021597744761e-11,1.0,1.0,0.99,power
1788,8.760837018796507e-12,4.326403205620068e-11,1.0,1.0,0.99,power
1789,8.67310436815709e-12,4.2830272085340635e-11,1.0,1.0,0.99,power
1790,8.586264429247192e-12,4.2400809691992545e-11,1.0,1.0,0.99,power
1791,8.500298058540568e-12,4.197570768364945e-11,1.0,1.0,0.99,power
1792,8.415164093901551e-12,4.155510026336448e-11,1.0,1.0,0.99,power
1793,8.330899876425496e-12,4.113833294148479e-11,1.0,1.0,0.99,power
1794,8.24748148608626e-12,4.072584904150244e-11,1.0,1.0,0.99,power
1795,8.164909280323423e-12,4.031747066024049e-11,1.0,1.0,0.99,power
1796,8.083155369880726e-12,3.9913333859142354e-11,1.0,1.0,0.99,power
1797,8.00219657894253e-12,3.951312708509047e-11,1.0,1.0,0.99,power
1798,7.922074842517818e-12,3.9116821239962003e-11,1.0,1.0,0.99,power
1799,7.842758664020343e-12,3.872457830356152e-11,1.0,1.0,0.99,power
1800,7.76421729492559e-12,3.8336389897039114e-11,1.0,1.0,0.99,power
1801,7.686467092777876e-12,3.795200728239355e-11,1.0,1.0,0.99,power
1802,7.609516293075883e-12,3.75715394304135e-11,1.0,1.0,0.99,power
1803,7.533320788223546e-12,3.7194705672496725e-11,1.0,1.0,0.99,power
1804,7.457884934652681e-12,3.682172562903985e-11,1.0,1.0,0.99,power
1805,7.383212229839495e-12,3.6452528666812444e-11,1.0,1.0,0.99,power
1806,7.309271167880615e-12,3.6086995962338595e-11,1.0,1.0,0.99,power
1807,7.2360929650055844e-12,3.572517590322245e-11,1.0,1.0,0.99,power
1808,7.163623497955346e-12,3.5366990428601654e-11,1.0,1.0,0.99,power
1809,7.091897314901252e-12,3.501221464953465e-11,1.0,1.0,0.99,power
1810,7.020883281787027e-12,3.466117414939273e-11,1.0,1.0,0.99,power
1811,6.950591521960069e-12,3.4313510977981615e-11,1.0,1.0,0.99,power
1812,6.880986871357431e-12,3.3969419069423815e-11,1.0,1.0,0.99,power
1813,6.8120885268005e-12,3.362882670459265e-11,1.0,1.0,0.99,power
1814,6.743883058869703e-12,3.3291397807072673e-11,1.0,1.0,0.99,power
1815,6.676337759446273e-12,3.2957507097463483e-11,1.0,1.0,0.99,power
1816,6.609498855294073e-12,3.262702970955613e-11,1.0,1.0,0.99,power
1817,6.5433040138306086e-12,3.229971539847777e-11,1.0,1.0,0.99,power
1818,6.4777949703631075e-12,3.197592070919503e-11,1.0,1.0,0.99,power
1819,6.412932525300912e-12,3.165522257162065e-11,1.0,1.0,0.99,power
1820,6.348722044813955e-12,3.133774108232104e-11,1.0,1.0,0.99,power
1821,6.285144700208001e-12,3.102336974469079e-11,1.0,1.0,0.99,power
1822,6.222213296390065e-12,3.0712118550330536e-11,1.0,1.0,0.99,power
1823,6.159906986097336e-12,3.040405846789577e-11,1.0,1.0,0.99,power
1824,6.098212826577955e-12,3.009904493342635e-11,1.0,1.0,0.99,power
1825,6.037173206808662e-12,2.9797230897355624e-11,1.0,1.0,0.99,power
1826,5.976695889916708e-12,2.9498362840181384e-11,1.0,1.0,0.99,power
1827,5.91685719445016e-12,2.920239835181099e-11,1.0,1.0,0.99,power
1828,5.8576186892934304e-12,2.8909486800575467e-11,1.0,1.0,0.99,power
1829,5.798967144737967e-12,2.861958033250142e-11,1.0,1.0,0.99,power
1830,5.740892355946054e-12,2.8332375811437687e-11,1.0,1.0,0.99,power
1831,5.683403475684744e-12,2.8048365814995185e-11,1.0,1.0,0.99,power
1832,5.6265172561048306e-12,2.7766912589198035e-11,1.0,1.0,0.99,power
1833,5.570172208616418e-12,2.7488450329064232e-11,1.0,1.0,0.99,power
1834,5.514383223371653e-12,2.7212532401743985e-11,1.0,1.0,0.99,power
1835,5.459183308518145e-12,2.6939583695904294e-11,1.0,1.0,0.99,power
1836,5.404494768510184e-12,2.666931688272286e-11,1.0,1.0,0.99,power
1837,5.3503906098473636e-12,2.6401705278120743e-11,1.0,1.0,0.99,power
1838,5.296809197026872e-12,2.6136964019149184e-11,1.0,1.0,0.99,power
1839,5.243779055108127e-12,2.5874635184550306e-11,1.0,1.0,0.99,power
1840,5.19127453054818e-12,2.5615134267701657e-11,1.0,1.0,0.99,power
1841,5.139289193378364e-12,2.5357993618324928e-11,1.0,1.0,0.99,power
1842,5.087831589017367e-12,2.5103499863052107e-11,1.0,1.0,0.99,power
1843,5.036890393991572e-12,2.4851675063703338e-11,1.0,1.0,0.99,power
1844,4.986451475359448e-12,2.4602356695831867e-11,1.0,1.0,0.99,power
1845,4.936519570337973e-12,2.435543749626745e-11,1.0,1.0,0.99,power
1846,4.887089614491674e-12,2.4111018541451686e-11,1.0,1.0,0.99,power
1847,4.838155126256464e-12,2.3869231281580623e-11,1.0,1.0,0.99,power
1848,4.789706956763523e-12,2.3629568372717977e-11,1.0,1.0,0.99,power
1849,4.741753500275056e-12,2.339250495206628e-11,1.0,1.0,0.99,power
1850,4.694261519609039e-12,2.3157815034623337e-11,1.0,1.0,0.99,power
1851,4.647260693941378e-12,2.2925257759794332e-11,1.0,1.0,0.99,power
1852,4.60072715327552e-12,2.269539997473306e-11,1.0,1.0,0.99,power
1853,4.554656025846727e-12,2.246743384971817e-11,1.0,1.0,0.99,power
1854,4.5090415605325925e-12,2.2242043950848394e-11,1.0,1.0,0.99,power
1855,4.463897336916111e-12,2.2018853512786602e-11,1.0,1.0,0.99,power
1856,4.4192077893120026e-12,2.1797796455104445e-11,1.0,1.0,0.99,power
1857,4.374942644884074e-12,2.157910407962993e-11,1.0,1.0,0.99,power
1858,4.3311473442010385e-12,2.136253579935988e-11,1.0,1.0,0.99,power
1859,4.287784202745076e-12,2.1148017634436684e-11,1.0,1.0,0.99,power
1860,4.2448362042967095e-12,2.093594850265015e-11,1.0,1.0,0.99,power
1861,4.202331330594249e-12,2.0725577045118478e-11,1.0,1.0,0.99,power
1862,4.160257626556278e-12,2.0517625369287666e-11,1.0,1.0,0.99,power
1863,4.118600481402766e-12,2.0311529647676374e-11,1.0,1.0,0.99,power
1864,4.077351018087425e-12,2.010761279634915e-11,1.0,1.0,0.99,power
1865,4.036533387056703e-12,1.9906016891530365e-11,1.0,1.0,0.99,power
1866,3.996114626032575e-12,1.9706026055701356e-11,1.0,1.0,0.99,power
1867,3.956104008605938e-12,1.9508197789007344e-11,1.0,1.0,0.99,power
1868,3.916477278611611e-12,1.931230438358112e-11,1.0,1.0,0.99,power
1869,3.877262600013016e-12,1.9118463332209827e-11,1.0,1.0,0.99,power
1870,3.838445949522539e-12,1.8926505454461816e-11,1.0,1.0,0.99,power
1871,3.80000089422452e-12,1.8736358005453507e-11,1.0,1.0,0.99,power
1872,3.761958174041739e-12,1.8548484241056283e-11,1.0,1.0,0.99,power
1873,3.724277936418022e-12,1.8362076808428336e-11,1.0,1.0,0.99,power
1874,3.6869862938273005e-12,1.817762364598113e-11,1.0,1.0,0.99,power
1875,3.6500680549278636e-12,1.7995337662222218e-11,1.0,1.0,0.99,power
1876,3.6135115303894687e-12,1.781461450592e-11,1.0,1.0,0.99,power
1877,3.5773496050841393e-12,1.7635594860776688e-11,1.0,1.0,0.99,power
1878,3.5415148218050665e-12,1.7458547960449728e-11,1.0,1.0,0.99,power
1879,3.506047994630923e-12,1.7283165411254454e-11,1.0,1.0,0.99,power
1880,3.470942335951066e-12,1.7109597710616802e-11,1.0,1.0,0.99,power
1881,3.4361931159965004e-12,1.6937740862372607e-11,1.0,1.0,0.99,power
1882,3.40178225698072e-12,1.676772237039142e-11,1.0,1.0,0.99,power
1883,3.367724391452116e-12,1.659933452440688e-11,1.0,1.0,0.99,power
1884,3.3339951721378813e-12,1.6432464916370628e-11,1.0,1.0,0.99,power
1885,3.3006180545545233e-12,1.6267541301309154e-11,1.0,1.0,0.99,power
1886,3.267559154917237e-12,1.6104174962250437e-11,1.0,1.0,0.99,power
1887,3.2348584356611477e-12,1.5942350783891535e-11,1.0,1.0,0.99,power
1888,3.202465100460074e-12,1.5782167232965532e-11,1.0,1.0,0.99,power
1889,3.170396615765451e-12,1.5623777425077204e-11,1.0,1.0,0.99,power
1890,3.1386476027570047e-12,1.5466871969584107e-11,1.0,1.0,0.99,power
1891,3.1072121938499413e-12,1.5311455647140193e-11,1.0,1.0,0.99,power
1892,3.076114873256941e-12,1.515749456372208e-11,1.0,1.0,0.99,power
1893,3.0453023092020423e-12,1.5005290790760513e-11,1.0,1.0,0.99,power
1894,3.014803940945626e-12,1.4854492242917343e-11,1.0,1.0,0.99,power
1895,2.9846252335185253e-12,1.470530187436893e-11,1.0,1.0,0.99,power
1896,2.9547367013180664e-12,1.4557477933441795e-11,1.0,1.0,0.99,power
1897,2.9251399135984645e-12,1.4411164760479384e-11,1.0,1.0,0.99,power
1898,2.895847098816845e-12,1.4266398286619318e-11,1.0,1.0,0.99,power
1899,2.8668673471756754e-12,1.4123171073218254e-11,1.0,1.0,0.99,power
1900,2.8381482830415573e-12,1.3981148078935006e-11,1.0,1.0,0.99,power
1901,2.8097472115525957e-12,1.3840630949142748e-11,1.0,1.0,0.99,power
1902,2.78159334969618e-12,1.3701593159851772e-11,1.0,1.0,0.99,power
1903,2.753746215404013e-12,1.3563869681091864e-11,1.0,1.0,0.99,power
1904,2.7261686446469684e-12,1.3427497125015136e-11,1.0,1.0,0.99,power
1905,2.6988717495030054e-12,1.3292399433992156e-11,1.0,1.0,0.99,power
1906,2.671863325110477e-12,1.3158987512175966e-11,1.0,1.0,0.99,power
1907,2.6450899072289405e-12,1.3026656012224218e-11,1.0,1.0,0.99,power
1908,2.618599812971053e-12,1.289573185073807e-11,1.0,1.0,0.99,power
1909,2.592394172667786e-12,1.2766156115729007e-11,1.0,1.0,0.99,power
1910,2.56643421553282e-12,1.2637752382092576e-11,1.0,1.0,0.99,power
1911,2.5407126447175344e-12,1.251074676273295e-11,1.0,1.0,0.99,power
1912,2.5152943519387825e-12,1.2384934268900628e-11,1.0,1.0,0.99,power
1913,2.490108875121009e-12,1.2260481319699857e-11,1.0,1.0,0.99,power
1914,2.4651637377524166e-12,1.2137104921422959e-11,1.0,1.0,0.99,power
1915,2.440483953083991e-12,1.2015167573678172e-11,1.0,1.0,0.99,power
1916,2.4160523469742635e-12,1.1894358573769017e-11,1.0,1.0,0.99,power
1917,2.391852886945269e-12,1.1774814437148567e-11,1.0,1.0,0.99,power
1918,2.367910436712538e-12,1.1656180439124008e-11,1.0,1.0,0.99,power
1919,2.344181573152248e-12,1.1539074275931027e-11,1.0,1.0,0.99,power
1920,2.320734152998791e-12,1.142299509105868e-11,1.0,1.0,0.99,power
1921,2.2974688970769134e-12,1.1308073595243256e-11,1.0,1.0,0.99,power
1922,2.2744833279171903e-12,1.1194458181880852e-11,1.0,1.0,0.99,power
1923,2.2517022832531e-12,1.108180606774914e-11,1.0,1.0,0.99,power
1924,2.229149391577274e-12,1.0970473773250786e-11,1.0,1.0,0.99,power
1925,2.2068297110268144e-12,1.08599849694079e-11,1.0,1.0,0.99,power
1926,2.1847365086244026e-12,1.075080312046197e-11,1.0,1.0,0.99,power
1927,2.1628681758763023e-12,1.0642641515924743e-11,1.0,1.0,0.99,power
1928,2.1412056326082245e-12,1.0535598195624701e-11,1.0,1.0,0.99,power
1929,2.119763103601378e-12,1.0429449200662457e-11,1.0,1.0,0.99,power
1930,2.098529710340259e-12,1.0324600767192482e-11,1.0,1.0,0.99,power
1931,2.0775174901355e-12,1.0220751433647748e-11,1.0,1.0,0.99,power
1932,2.056732242013986e-12,1.0117818931953254e-11,1.0,1.0,0.99,power
1933,2.0361207762263656e-12,1.0016039716438424e-11,1.0,1.0,0.99,power
1934,2.015745927836679e-12,9.915270374260892e-12,1.0,1.0,0.99,power
1935,1.9955455510959987e-12,9.81559494379452e-12,1.0,1.0,0.99,power
1936,1.97557788513657e-12,9.71669823984447e-12,1.0,1.0,0.99,power
1937,1.955783328279503e-12,9.61886254969294e-12,1.0,1.0,0.99,power
1938,1.9362155042605996e-12,9.522073363665547e-12,1.0,1.0,0.99,power
1939,1.916808583168277e-12,9.42629404504622e-12,1.0,1.0,0.99,power
1940,1.8976180876201814e-12,9.331252029643963e-12,1.0,1.0,0.99,power
1941,1.8786247984585783e-12,9.237428902276101e-12,1.0,1.0,0.99,power
1942,1.85981998489483e-12,9.144459658657971e-12,1.0,1.0,0.99,power
1943,1.841178902860813e-12,9.05236860016483e-12,1.0,1.0,0.99,power
1944,1.8227642923659508e-12,8.96122040962066e-12,1.0,1.0,0.99,power
1945,1.804498080424649e-12,8.870957130490114e-12,1.0,1.0,0.99,power
1946,1.7864252431365728e-12,8.78152745968164e-12,1.0,1.0,0.99,power
1947,1.7685465103831602e-12,8.69331313800391e-12,1.0,1.0,0.99,power
1948,1.7508310231036819e-12,8.60564332552709e-12,1.0,1.0,0.99,power
1949,1.7333037841139366e-12,8.519032587143342e-12,1.0,1.0,0.99,power
1950,1.7159415635574718e-12,8.433147544237155e-12,1.0,1.0,0.99,power
1951,1.6987616449614105e-12,8.348072130150304e-12,1.0,1.0,0.99,power
1952,1.681739335597521e-12,8.264024445702313e-12,1.0,1.0,0.99,power
1953,1.6649073136618356e-12,8.180784967905339e-12,1.0,1.0,0.99,power
1954,1.6482483714413864e-12,8.098553604158232e-12,1.0,1.0,0.99,power
1955,1.631728799016134e-12,8.016902531671861e-12,1.0,1.0,0.99,power
1956,1.6154005772123261e-12,7.936139976418369e-12,1.0,1.0,0.99,power
1957,1.5992226517768216e-12,7.856263109307711e-12,1.0,1.0,0.99,power
1958,1.5832007000455595e-12,7.777097969254281e-12,1.0,1.0,0.99,power
1959,1.5673705368456453e-12,7.698655703211664e-12,1.0,1.0,0.99,power
1960,1.5516605645901366e-12,7.620948959075828e-12,1.0,1.0,0.99,power
1961,1.536120921178141e-12,7.544294317104875e-12,1.0,1.0,0.99,power
1962,1.5207467883117392e-12,7.468215146777188e-12,1.0,1.0,0.99,power
1963,1.505501177812442e-12,7.392794792746645e-12,1.0,1.0,0.99,power
1964,1.4904435045966207e-12,7.318371475269084e-12,1.0,1.0,0.99,power
1965,1.4755135835230904e-12,7.2445927159830656e-12,1.0,1.0,0.99,power
1966,1.460746331774941e-12,7.171603602315092e-12,1.0,1.0,0.99,power
1967,1.4461212302463914e-12,7.0992405806733785e-12,1.0,1.0,0.99,power
1968,1.4316384368233077e-12,7.0277611965077346e-12,1.0,1.0,0.99,power
1969,1.4172910688556228e-12,6.956764601640268e-12,1.0,1.0,0.99,power
1970,1.4031062437023068e-12,6.886616352621124e-12,1.0,1.0,0.99,power
1971,1.389060562788341e-12,6.817096886651912e-12,1.0,1.0,0.99,power
1972,1.3751318839998041e-12,6.7482803089511235e-12,1.0,1.0,0.99,power
1973,1.3613719928730714e-12,6.680404735726823e-12,1.0,1.0,0.99,power
1974,1.3477518325666644e-12,6.6129300775960185e-12,1.0,1.0,0.99,power
1975,1.3342479816942472e-12,6.5463775215544515e-12,1.0,1.0,0.99,power
1976,1.3208935982414107e-12,6.4803043505856466e-12,1.0,1.0,0.99,power
1977,1.3076621950875738e-12,6.4148585015349406e-12,1.0,1.0,0.99,power
1978,1.294562942973972e-12,6.3501799762430205e-12,1.0,1.0,0.99,power
1979,1.2816083601658014e-12,6.285998571199712e-12,1.0,1.0,0.99,power
1980,1.268771777623623e-12,6.222665663623624e-12,1.0,1.0,0.99,power
1981,1.2560772608715432e-12,6.1598010187306675e-12,1.0,1.0,0.99,power
1982,1.2434856632042572e-12,6.0975318583284216e-12,1.0,1.0,0.99,power
1983,1.2310374321803345e-12,6.036000544938397e-12,1.0,1.0,0.99,power
1984,1.2186980103422965e-12,5.9751247046064735e-12,1.0,1.0,0.99,power
1985,1.2065254688884404e-12,5.914730963240875e-12,1.0,1.0,0.99,power
1986,1.194419022272928e-12,5.855047742757587e-12,1.0,1.0,0.99,power
1987,1.1824709394713136e-12,5.795872407464637e-12,1.0,1.0,0.99,power
1988,1.1706295034331097e-12,5.73726402181647e-12,1.0,1.0,0.99,power
1989,1.1589090168714536e-12,5.679566668383954e-12,1.0,1.0,0.99,power
1990,1.1472913765819163e-12,5.621990899754752e-12,1.0,1.0,0.99,power
1991,1.1358035027035755e-12,5.565127785683854e-12,1.0,1.0,0.99,power
1992,1.124434624509956e-12,5.509027547601737e-12,1.0,1.0,0.99,power
1993,1.113178395355535e-12,5.453417802582451e-12,1.0,1.0,0.99,power
1994,1.1020446059863481e-12,5.398320266009667e-12,1.0,1.0,0.99,power
1995,1.0909810874806948e-12,5.343673995556895e-12,1.0,1.0,0.99,power
1996,1.0800816046703634e-12,5.289721628047041e-12,1.0,1.0,0.99,power
1997,1.0692597444585346e-12,5.236208555540556e-12,1.0,1.0,0.99,power
1998,1.0585466323542862e-12,5.183394592688515e-12,1.0,1.0,0.99,power
1999,1.0479530480817935e-12,5.130808432571375e-12,1.0,1.0,0.99,power
2000,1.0374593870403176e-12,5.079011059180871e-12,1.0,1.0,0.99,power
2001,1.027072237714228e-12,5.02777410565816e-12,1.0,1.0,0.99,power
2002,1.0167860768904182e-12,4.9767827942312514e-12,1.0,1.0,0.99,power
2003,1.0066045147455338e-12,4.926468342597329e-12,1.0,1.0,0.99,power
2004,9.96520116688586e-13,4.876739185647762e-12,1.0,1.0,0.99,power
1,0.6144925955192099,0.4959915650987119,0.46,-0.10890416772769712,0.99,static_d
2,0.3330239762834803,0.4757573291708303,0.8,0.41456582633053213,0.99,static_d
3,0.2103821212371308,0.5238034718580736,0.85,0.6204424103737606,0.99,static_d
4,0.2657260417896557,0.6538662635461553,0.75,0.4554838709677419,0.99,static_d
5,0.5783297020050021,0.7140696671493021,0.59,0.121580547112462,0.99,static_d
6,0.7982620288842293,0.8521415697833599,0.28,-0.23650210798313617,0.99,static_d
7,0.7028699743729739,0.9120377527542473,0.45,-0.12174277335567658,0.99,static_d
8,0.35258787136271397,0.9319854144415848,0.61,0.16880408716505058,0.99,static_d
9,0.3328133533068459,1.0350177157862912,0.58,0.10438517630606332,0.99,static_d
10,0.5251840004397784,1.0883571177449012,0.28,-0.23283013735890115,0.99,static_d
11,0.45268749491326954,1.1446573614760265,0.18,-0.3574160645983851,0.99,static_d
12,0.5830858079710773,1.226574071557341,0.35,-0.20221729490022175,0.99,static_d
13,0.3526760811150748,1.1983493209973863,0.52,0.024085309799595514,0.99,static_d
14,0.4102248731144975,1.1584436524003474,0.44,-0.07146401985111663,0.99,static_d
15,0.46087843065304457,1.224731608568792,0.18,-0.3030174245643859,0.99,static_d
16,0.36829272249262085,1.241431944369388,0.19,-0.3489257213014119,0.99,static_d
17,0.5456796897213063,1.3437530100209687,0.37,-0.15398015602514578,0.99,static_d
18,0.3116986058406425,1.2730431222422447,0.51,0.00417195719209142,0.99,static_d
19,0.5139505275952699,1.187804729691624,0.37,-0.11747330152238127,0.99,static_d
20,0.35351577210814067,1.2573157066908054,0.16,-0.3340460917082443,0.99,static_d
21,0.4089964319592885,1.2758936146264666,0.25,-0.2868308702791461,0.99,static_d
22,0.4448906125961924,1.3444858591554156,0.45,-0.054545454545454536,0.99,static_d
23,0.3221141989412851,1.2725862167600408,0.49,-0.03858719646799117,0.99,static_d
24,0.5438562677950454,1.2374991839629423,0.27,-0.2101088856029036,0.99,static_d
25,0.3102818116024916,1.2657190873231254,0.14,-0.3537925021795989,0.99,static_d
26,0.49988435792499936,1.3073754754903106,0.32,-0.23353293413173654,0.99,static_d
27,0.35745734196059614,1.3268608154707482,0.49,-0.0117439293598234,0.99,static_d
28,0.3805506006674607,1.2406864603696248,0.44,-0.08337468982630274,0.99,static_d
29,0.4681410403121311,1.2628013774634965,0.2,-0.28628181253879575,0.99,static_d
30,0.3157053337582855,1.269340735856314,0.16,-0.37110952720361134,0.99,static_d
31,0.549987719988979,1.343249416030837,0.37,-0.172309323638567,0.99,static_d
32,0.3138780131841351,1.3034407680069144,0.5,0.005637583892617449,0.99,static_d
33,0.4738308962035149,1.2072862152147912,0.38,-0.0971551261406334,0.99,static_d
34,0.37705771864790344,1.2696177640002237,0.14,-0.3394943330427201,0.99,static_d
35,0.36213303310184825,1.2733400249260938,0.21,-0.32282970309459547,0.99,static_d
36,0.49386085073977054,1.3629199864036439,0.42,-0.10537773119406596,0.99,static_d
37,0.31011879423817335,1.2847990241748395,0.48,-0.0022655977692575815,0.99,static_d
38,0.5456416416025699,1.218172074270015,0.35,-0.15402808573540283,0.99,static_d
39,0.32213640537388877,1.26906965172642,0.15,-0.3520564042303173,0.99,static_d
40,0.4467865640905098,1.2921135282392466,0.28,-0.28314973480212163,0.99,static_d
41,0.3993234963175907,1.3402769496972593,0.49,-0.02145695364238411,0.99,static_d
42,0.34503969212419294,1.2623098702886164,0.49,-0.059779249448123614,0.99,static_d
43,0.5175035884516157,1.2581634533423924,0.24,-0.2453246753246753,0.99,static_d
44,0.3075153679924209,1.26891874804141,0.14,-0.35739610578320247,0.99,static_d
45,0.5334966574463609,1.3207681940774756,0.34,-0.20087623220153342,0.99,static_d
46,0.33346620846418074,1.3135278543152462,0.49,0.013509933774834438,0.99,static_d
47,0.4203108359322941,1.2234525223525758,0.42,-0.09167136982987988,0.99,static_d
48,0.4249387216859921,1.2666803994483544,0.18,-0.3082387226033635,0.99,static_d
49,0.33146962642466676,1.2712479448133611,0.14,-0.3806451612903225,0.99,static_d
50,0.5365405873705518,1.3540286160606931,0.39,-0.12204968944099379,0.99,static_d
51,0.3081499540136518,1.2939300237850713,0.5,8.948545861297538e-05,0.99,static_d
52,0.5140014012271757,1.2036787615718307,0.37,-0.10974778459441036,0.99,static_d
53,0.34843604857937105,1.270315031816314,0.14,-0.3390293519325777,0.99,static_d
54,0.3956113183356657,1.2789613000450823,0.25,-0.2953694581280788,0.99,static_d
55,0.452428671446743,1.3567963748101142,0.46,-0.06680247856718444,0.99,static_d
56,0.3210373490740371,1.277438301207134,0.48,-0.0062739630533286865,0.99,static_d
57,0.5474840359448335,1.2366201316822996,0.3,-0.19387399930386356,0.99,static_d
58,0.311714594535554,1.2688326872193625,0.14,-0.3640220866027317,0.99,static_d
59,0.48919125989671264,1.3041113732981002,0.3,-0.25290636964845115,0.99,static_d
60,0.3665205490462768,1.32983616155922,0.52,-0.010847582276153706,0.99,static_d
61,0.3734500540735157,1.2465740687750606,0.46,-0.08072319837025718,0.99,static_d
62,0.4799574038480297,1.2627512598325994,0.23,-0.26926040061633283,0.99,static_d
63,0.31360794809358855,1.2694377187764028,0.14,-0.3765765765765765,0.99,static_d
64,0.5490388560076211,1.3370375641395242,0.37,-0.1792774369461486,0.99,static_d
65,0.31815986589885903,1.3049099280152392,0.5,0.011006711409395973,0.99,static_d
66,0.4619988651010537,1.210180213043012,0.38,-0.08442604094778008,0.99,static_d
67,0.38763318138841857,1.2699968998425255,0.16,-0.3170586837728677,0.99,static_d
68,0.354440109243188,1.2732979205067376,0.18,-0.3280310849371623,0.99,static_d
69,0.5057264203243871,1.3628672416804855,0.4,-0.10471698113207548,0.99,static_d
70,0.309225639181888,1.2858519180801578,0.48,0.007668177065179506,0.99,static_d
71,0.5412335235719015,1.2137137526022903,0.34,-0.14143848119751737,0.99,static_d
72,0.3276871529253451,1.269858030448018,0.14,-0.3471665213600697,0.99,static_d
73,0.43462604658192033,1.2890367395510183,0.28,-0.2865497076023392,0.99,static_d
74,0.411597049502252,1.3434770472584303,0.48,-0.024921575461833396,0.99,static_d
75,0.3387527929549061,1.266606663429859,0.48,-0.05298013245033113,0.99,static_d
76,0.5274332255414734,1.253200376241968,0.26,-0.23128031360042522,0.99,static_d
77,0.30787882989770693,1.26928171484502,0.13,-0.36058881030418033,0.99,static_d
78,0.5251513830956591,1.3163078423689467,0.34,-0.1963490324936108,0.99,static_d
79,0.340431845413799,1.3178478635723154,0.48,0.009062391077030326,0.99,static_d
80,0.4086089231882446,1.229558181484968,0.42,-0.0940901394823833,0.99,static_d
81,0.43781665311135864,1.265961035003613,0.18,-0.29706757331066724,0.99,static_d
82,0.3263687147321877,1.2709655150353731,0.14,-0.37750653879686125,0.99,static_d
83,0.5426281922193192,1.3503962843053836,0.37,-0.13958948723774897,0.99,static_d
84,0.3095536769171658,1.296504984907038,0.49,0.004856512141280353,0.99,static_d
85,0.502846265574323,1.2037639484594633,0.37,-0.09732636522002575,0.99,static_d
86,0.35647400435873744,1.2703681527641166,0.15,-0.3419506462984724,0.99,static_d
87,0.38496542688982466,1.2765941833061423,0.23,-0.2942989214175655,0.99,static_d
88,0.46520714906898336,1.358980189241928,0.45,-0.08353581901968998,0.99,static_d
89,0.31720856097641215,1.2799073369268823,0.48,-0.004182642035552458,0.99,static_d
90,0.5493332116585167,1.2313239888518017,0.32,-0.18291987453664102,0.99,static_d
91,0.31427284587102017,1.2692096375120359,0.14,-0.3734379540831153,0.99,static_d
92,0.4768003064602524,1.300657751769535,0.29,-0.2627450980392157,0.99,static_d
93,0.375804344835274,1.3334349212503454,0.5,-0.009395973154362415,0.99,static_d
94,0.3642813031462893,1.2512555524591127,0.48,-0.07511327988846289,0.99,static_d
95,0.49210703089307384,1.2613065094167069,0.24,-0.26103896103896107,0.99,static_d
96,0.31118151037439074,1.2692843487563357,0.14,-0.37611159546643413,0.99,static_d
97,0.5465962814388985,1.3323128199322316,0.37,-0.1866999924259638,0.99,static_d
98,0.32209327407511906,1.3066927351004702,0.5,0.017270693512304248,0.99,static_d
99,0.44937544316017225,1.2126084027522885,0.4,-0.08757861635220125,0.99,static_d
100,0.3982472230239111,1.2691391953397055,0.16,-0.32573057733428373,0.99,static_d
101,0.34682712701846635,1.2727884691077422,0.16,-0.353528153955809,0.99,static_d
102,0.516315355599713,1.3638454644769005,0.39,-0.10885093167701863,0.99,static_d
103,0.3082136852509587,1.2879129917780736,0.48,-0.007668177065179506,0.99,static_d
104,0.5348059100391829,1.2091058306933506,0.35,-0.13599408721359943,0.99,static_d
105,0.333096160126063,1.2698359440124567,0.13,-0.34276349836122133,0.99,static_d
106,0.42247712553711686,1.286066325479302,0.25,-0.29628899835796385,0.99,static_d
107,0.42335929887840584,1.3479619645716774,0.46,-0.03828197945845004,0.99,static_d
108,0.33267283656411717,1.2702547351850144,0.49,-0.037880794701986756,0.99,static_d
109,0.5353362096749378,1.248145012530383,0.27,-0.22771877940583413,0.99,static_d
110,0.30826496754440896,1.2691523206476887,0.13,-0.3667989189810822,0.99,static_d
111,0.5155698189254089,1.3119999615136853,0.33,-0.20799365125171346,0.99,static_d
112,0.3473624605025995,1.321695414353755,0.49,0.0046799116997792494,0.99,static_d
113,0.39744466312709753,1.235076871319431,0.43,-0.07953617507757635,0.99,static_d
114,0.45030118343476977,1.2660566868578507,0.18,-0.30338170117175645,0.99,static_d
115,0.32177959841245923,1.2704948965714427,0.15,-0.3882491186839013,0.99,static_d
116,0.5468421613609601,1.3464816003523676,0.38,-0.15619967793880837,0.99,static_d
117,0.3113361760793333,1.2990794017361178,0.48,-0.00435691878703381,0.99,static_d
118,0.49123081166282206,1.2053678993472383,0.37,-0.1091418616980989,0.99,static_d
119,0.3649291455052085,1.2704868761541293,0.15,-0.336780258519389,0.99,static_d
120,0.37510131367818095,1.2750336725470777,0.23,-0.30161787365177195,0.99,static_d
121,0.4777162048121166,1.3606691469502559,0.43,-0.0927649844847297,0.99,static_d
122,0.3140651573829302,1.282070832475319,0.48,0.0019170442662948765,0.99,static_d
123,0.5492603816997349,1.2255495575997655,0.34,-0.1728368017524644,0.99,static_d
124,0.3174686138076057,1.2694155885884357,0.15,-0.36051703877790836,0.99,static_d
125,0.464277966270814,1.2968554296213164,0.28,-0.26859785121719026,0.99,static_d
126,0.3857224850942114,1.336559617006969,0.5,-0.009217002237136465,0.99,static_d
127,0.3558758248609677,1.2560689229331714,0.48,-0.06639944231439526,0.99,static_d
128,0.5036825986015603,1.260780141122133,0.23,-0.24794555726759115,0.99,static_d
129,0.30944621814524376,1.2691764810174424,0.14,-0.36971810520197607,0.99,static_d
130,0.5422441124922891,1.3273778183805705,0.37,-0.18685147315004164,0.99,static_d
131,0.3267357198156464,1.3084843458935747,0.5,0.01762863534675615,0.99,static_d
132,0.43689065957852713,1.216137797887702,0.39,-0.08214285714285714,0.99,static_d
133,0.40946343115414985,1.268115077591045,0.17,-0.3184411217198103,0.99,static_d
134,0.33993266397775357,1.2725022056441873,0.14,-0.3534437663469921,0.99,static_d
135,0.5258259216487737,1.3599807755199735,0.4,-0.11650943396226415,0.99,static_d
136,0.3078636764841114,1.290732607348548,0.49,-0.001501103752759382,0.99,static_d
137,0.5267842430711389,1.2056921135926217,0.37,-0.129743240172688,0.99,static_d
138,0.3392245297353148,1.2699111269643242,0.15,-0.34324324324324323,0.99,static_d
139,0.4107146617735083,1.2833468674550597,0.25,-0.3029885057471264,0.99,static_d
140,0.43554620343825784,1.3520932235318703,0.45,-0.051361541684122325,0.99,static_d
141,0.3272811315292491,1.2733559107232955,0.49,-0.022339955849889626,0.99,static_d
142,0.5416601506979553,1.2434911074255535,0.28,-0.2069903440772474,0.99,static_d
143,0.30929575845517765,1.2960829751093361,0.5,0.007069351230425055,0.99,static_d
144,0.5048976319763898,1.2035113761872154,0.37,-0.10020449897750511,0.99,static_d
145,0.3550029230657277,1.2703479134903284,0.15,-0.3344300822561692,0.99,static_d
146,0.3868393538804005,1.276962449540747,0.24,-0.29623376623376624,0.99,static_d
147,0.4629072898633194,1.3586655724496215,0.45,-0.08035190615835777,0.99,static_d
148,0.31785548375734496,1.2794801846360584,0.48,-0.003311258278145696,0.99,static_d
149,0.5491310748037495,1.2322616419478587,0.31,-0.18624964778810935,0.99,static_d
150,0.3137621928164511,1.3017828549442,0.49,0.0009713024282560706,0.99,static_d
151,0.47906285744849847,1.301388902776507,0.3,-0.26265227984685,0.99,static_d
152,0.37406695920025196,1.3327910377147678,0.5,-0.009038031319910513,0.99,static_d
153,0.36589034506991713,1.2503519856729186,0.48,-0.06988497734402231,0.99,static_d
154,0.4899293528129688,1.261384468433666,0.23,-0.26065742167437084,0.99,static_d
155,0.3115687723623218,1.2692522999643576,0.14,-0.3758791049113629,0.99,static_d
156,0.547186190895537,1.3332387898384401,0.37,-0.1838218586684844,0.99,static_d
157,0.3213204649128864,1.3063963732961246,0.5,0.015480984340044742,0.99,static_d
158,0.4516701526012402,1.2932221846754917,0.28,-0.2789337685298518,0.99,static_d
159,0.3962622035328335,1.269306486398937,0.16,-0.3265621287716798,0.99,static_d
160,0.34816003970501963,1.272868842092548,0.16,-0.3422428130197197,0.99,static_d
161,0.5144561959695398,1.363697493540012,0.4,-0.10707547169811321,0.99,static_d
162,0.30834644050452953,1.2874375255415553,0.48,-0.003311258278145696,0.99,static_d
163,0.5361047209048508,1.2099406488243987,0.35,-0.13658536585365855,0.99,static_d
164,0.33205320398936977,1.2698596337321073,0.13,-0.3432235064113622,0.99,static_d
165,0.42466839089636954,1.2865536430459585,0.26,-0.29745531858348284,0.99,static_d
166,0.4211760942515873,1.3471483102238075,0.46,-0.03726339020456667,0.99,static_d
167,0.3337300408119422,1.2696580143436604,0.49,-0.03911699779249448,0.99,static_d
168,0.5340053598161406,1.2490365174620597,0.27,-0.22879419276784516,0.99,static_d
169,0.3081454384861502,1.293090621501453,0.49,-0.0032671081677704194,0.99,static_d
170,0.5174076633046946,1.2041159827467807,0.37,-0.11610997500568052,0.99,static_d
171,0.34604375404409954,1.2702258678295248,0.15,-0.3412455934195065,0.99,static_d
172,0.39944222260719053,1.2801576591453006,0.23,-0.2925012840267078,0.99,static_d
173,0.44800864229816695,1.355794195920748,0.46,-0.05661658602835073,0.99,static_d
174,0.32256705522564133,1.2764986569978696,0.48,-0.010630881840362497,0.99,static_d
175,0.5462138426958899,1.2385321627472283,0.29,-0.19917440660474717,0.99,static_d
176,0.3109629761778757,1.2688087773237477,0.14,-0.3590235396687009,0.99,static_d
177,0.49339858625137945,1.3054805581221511,0.32,-0.25192472198460225,0.99,static_d
178,0.36333506188488807,1.3285150682877855,0.51,-0.007436967168510791,0.99,static_d
179,0.37685329085777924,1.27527511972321,0.23,-0.2969953775038521,0.99,static_d
180,0.4754498820226389,1.2633522588021786,0.23,-0.2767077555213148,0.99,static_d
181,0.31459031886924066,1.281735107911996,0.48,0.0013942140118508193,0.99,static_d
182,0.5494239535005713,1.2266181216315197,0.34,-0.17619569185834247,0.99,static_d
183,0.31683704512416155,1.2694112732910336,0.15,-0.363924794359577,0.99,static_d
184,0.4665744816574983,1.2975368983145308,0.28,-0.26261389908880733,0.99,static_d
185,0.3838657542570707,1.336050293410304,0.5,-0.015659955257270694,0.99,static_d
186,0.3573581112126345,1.2552076613866776,0.48,-0.06744510282328338,0.99,static_d
187,0.5016236193412977,1.3628593264962343,0.4,-0.1069182389937107,0.99,static_d
188,0.30971538545025906,1.285159869246928,0.48,0.007319623562216801,0.99,static_d
189,0.5431758857180267,1.2153794487017764,0.35,-0.1435328898743533,0.99,static_d
190,0.32583884296294147,1.2696677948014061,0.14,-0.3464690496948561,0.99,static_d
191,0.4391525048494578,1.2154587457409087,0.39,-0.08369565217391303,0.99,static_d
192,0.40737814590115,1.341949242115588,0.49,-0.022516556291390728,0.99,static_d
193,0.3411387168014957,1.2725652377115169,0.14,-0.3503051438535309,0.99,static_d
194,0.5241833991435656,1.2550821778303658,0.25,-0.23691297208538586,0.99,static_d
195,0.30788046101894345,1.269241144464444,0.13,-0.35403369558967285,0.99,static_d
196,0.5283553469924115,1.3179345258636257,0.34,-0.19693318729463308,0.99,static_d
197,0.33805523388037023,1.3162916353036973,0.49,0.01315673289183223,0.99,static_d
198,0.4128262399482565,1.2273279326325834,0.42,-0.08715633314520682,0.99,static_d
199,0.4332987815412488,1.2661805066246201,0.18,-0.2931819561653816,0.99,static_d
200,0.32821394518846714,1.272823775862702,0.49,-0.025165562913907286,0.99,static_d
201,0.5406337140059949,1.2443734090856373,0.28,-0.2102543179654563,0.99,static_d
202,0.30906037954630905,1.2690405684329542,0.14,-0.3626271432723045,0.99,static_d
203,0.5069133632182149,1.3093465574667258,0.33,-0.22242262463025758,0.99,static_d
204,0.3535573831201951,1.3245592056072613,0.5,-0.004742729306487696,0.99,static_d
205,0.3887290739418482,1.239210626734318,0.43,-0.07349338559529642,0.99,static_d
206,0.46060698158172153,1.2652195405418434,0.2,-0.2921166977032899,0.99,static_d
207,0.3185219536496437,1.2700620647450833,0.16,-0.3755048705155619,0.99,static_d
208,0.5488610918699738,1.233236635632023,0.31,-0.1925894618202311,0.99,static_d
209,0.3132714410672887,1.2690600480345573,0.14,-0.37134553908747453,0.99,static_d
210,0.4813128211197114,1.3020612297474756,0.3,-0.25945005221023326,0.99,static_d
211,0.3723499768488711,1.2705327098314692,0.15,-0.3354876615746181,0.99,static_d
212,0.3675205164190259,1.2740561014843026,0.21,-0.31630155043625635,0.99,static_d
213,0.487733275843037,1.3614905931172228,0.42,-0.09973393533822462,0.99,static_d
214,0.3119760463395856,1.2834084416572107,0.48,0.0005228302544440572,0.99,static_d
215,0.5477116429612879,1.221104287409073,0.34,-0.15867104782767433,0.99,static_d
216,0.32056832719775546,1.3060898335305064,0.5,0.01315436241610738,0.99,static_d
217,0.4539681955342959,1.2116627450476445,0.39,-0.08773291925465838,0.99,static_d
218,0.39429489636081777,1.269478580223141,0.16,-0.32442385364694704,0.99,static_d
219,0.34951583729075913,1.2729769712295629,0.17,-0.3415000300246202,0.99,static_d
220,0.5125615981964761,1.3635509530456127,0.4,-0.10628930817610063,0.99,static_d
221,0.30849973177577816,1.269112171137355,0.14,-0.3600697471665213,0.99,static_d
222,0.5373505357105215,1.3234410272893062,0.34,-0.19751734209565536,0.99,static_d
223,0.33103231316674026,1.3108730733779863,0.5,0.011006711409395973,0.99,static_d
224,0.4268728601069777,1.2200220504109511,0.4,-0.07720125786163523,0.99,static_d
225,0.4190059263766628,1.3463264836426916,0.46,-0.03437738731856379,0.99,static_d
226,0.33481017522986245,1.269018202043843,0.49,-0.042649006622516555,0.99,static_d
227,0.5326227416305309,1.249945011734682,0.27,-0.22892861943809653,0.99,static_d
228,0.30804686763738937,1.2692234370027613,0.13,-0.36300385256741996,0.99,static_d
229,0.5192087266035397,1.3135756519400266,0.33,-0.20409782843950655,0.99,static_d
230,0.34474798910223176,1.3204348729355517,0.49,0.005562913907284768,0.99,static_d
231,0.4014587102709955,1.2331282309843519,0.42,-0.08377005563170202,0.99,static_d
232,0.44572055139038214,1.3552026668434431,0.46,-0.05237246413717001,0.99,static_d
233,0.3233768866788939,1.275947446810893,0.48,-0.01516207737887766,0.99,static_d
234,0.54552197987746,1.3478213457864618,0.38,-0.1450042174679856,0.99,static_d
235,0.3106111707512814,1.2980899529073233,0.47,0.0017199862401100793,0.99,static_d
236,0.4955470096418705,1.3061267048661822,0.32,-0.24707727402338184,0.99,static_d
237,0.36176376937596433,1.3277915292963063,0.51,-0.008525303827317249,0.99,static_d
238,0.3786271359191015,1.244007646093228,0.46,-0.07817672523554876,0.99,static_d
239,0.4731750293141987,1.2636450509227937,0.21,-0.2753750549243613,0.99,static_d
240,0.3151372130918847,1.2696662413449185,0.14,-0.3742516710258645,0.99,static_d
241,0.5495206289270379,1.3396542555099749,0.36,-0.17522070926230737,0.99,static_d
242,0.31622739480158973,1.3038546226380299,0.5,0.011185682326621923,0.99,static_d
243,0.46886713843900996,1.2089741107108372,0.38,-0.09424123916877541,0.99,static_d
244,0.3820301137505643,1.2702155613539285,0.16,-0.33036350677120463,0.99,static_d
245,0.3588633967201545,1.2733988737285704,0.2,-0.3266294227188082,0.99,static_d
246,0.49953953203214935,1.2611436278221149,0.24,-0.25675324675324673,0.99,static_d
247,0.31000580424926244,1.2848910144082277,0.48,0.007493900313698154,0.99,static_d
248,0.5440470953012589,1.2162617308486556,0.35,-0.14560236511456023,0.99,static_d
249,0.32496447538596285,1.3077885502045226,0.5,0.01995525727069351,0.99,static_d
250,0.4414223140366206,1.2147666319367785,0.39,-0.08369565217391303,0.99,static_d
251,0.40530998795794904,1.268522661647543,0.16,-0.32442385364694704,0.99,static_d
252,0.34236783082958866,1.26431465906328,0.49,-0.05253863134657837,0.99,static_d
253,0.5224979838520007,1.2560369509935785,0.25,-0.24098522167487685,0.99,static_d
254,0.30791829335013793,1.269178207990018,0.13,-0.3532286815019263,0.99,static_d
255,0.5298798686237051,1.3187517826764696,0.34,-0.1959109163928441,0.99,static_d
256,0.3369089440890923,1.3154978977342724,0.49,0.012450331125827814,0.99,static_d
257,0.41495365477902213,1.2261326628614755,0.42,-0.08844634362654197,0.99,static_d
258,0.431061390036909,1.2662840782997071,0.18,-0.30277457349280557,0.99,static_d
259,0.3291693536928342,1.2711358633236371,0.14,-0.3808776518453937,0.99,static_d
260,0.5395492492190037,1.3525844366949793,0.39,-0.12872670807453415,0.99,static_d
261,0.30884615455064945,1.2952310572833095,0.51,0.004534736078360239,0.99,static_d
262,0.5089000746987058,1.203364274720641,0.37,-0.10141634477012798,0.99,static_d
263,0.3521349128935895,1.270319985152058,0.15,-0.33313748531139836,0.99,static_d
264,0.3906391698954055,1.2777852316573535,0.24,-0.2961038961038961,0.99,static_d
265,0.4583057323800571,1.3579282019023657,0.46,-0.07546048722519309,0.99,static_d
266,0.3192103948840498,1.2786146415834647,0.48,-0.004531195538515163,0.99,static_d
267,0.5485247934117286,1.2342048387479863,0.31,-0.19329388560157792,0.99,static_d
268,0.3128022306573287,1.2689891275286698,0.14,-0.3701830863121185,0.99,static_d
269,0.4835508608802016,1.3027080668711986,0.29,-0.2521499828001376,0.99,static_d
270,0.3706551580932594,1.3315365245153348,0.51,-0.009613640486123707,0.99,static_d
271,0.3691731976664827,1.248569607491696,0.47,-0.07499140006879945,0.99,static_d
272,0.4855213642349156,1.3613031299824825,0.42,-0.09892767878739014,0.99,static_d
273,0.31240474794868844,1.269279358378399,0.14,-0.3791339726823597,0.99,static_d
274,0.5481719686614663,1.3349779877635535,0.37,-0.18185260925547223,0.99,static_d
275,0.31983831319055056,1.2693277767974573,0.15,-0.36404230317273795,0.99,static_d
276,0.456268319556732,1.2945780166180172,0.28,-0.2749898000815994,0.99,static_d
277,0.39234713163760443,1.3380197904855735,0.5,-0.017807606263982104,0.99,static_d
278,0.35089475380146423,1.2589505523888618,0.48,-0.06378529104217498,0.99,static_d
279,0.5106336615623611,1.2599553300427995,0.24,-0.24740259740259737,0.99,static_d
280,0.3086741241877703,1.2691361353461952,0.14,-0.3634408602150537,0.99,static_d
281,0.5385414950034927,1.32427715480158,0.36,-0.1966182852012569,0.99,static_d
282,0.33003416083466797,1.309998849236286,0.5,0.016375838926174495,0.99,static_d
283,0.4290893896216152,1.2187974471086171,0.4,-0.07798742138364781,0.99,static_d
284,0.41685005122512203,1.3455285710243408,0.48,-0.03032415475775532,0.99,static_d
285,0.33591320271284353,1.2683576979835387,0.49,-0.04423841059602649,0.99,static_d
286,0.5311896980940721,1.3572562742011174,0.4,-0.11933962264150944,0.99,static_d
287,0.3079693538853397,1.2692501358576305,0.13,-0.361968834454603,0.99,static_d
288,0.5209710922789597,1.3143584867730826,0.33,-0.19919197749080156,0.99,static_d
289,0.3434753368734367,1.3197474332595425,0.48,0.006971070059254097,0.99,static_d
290,0.4034934845320915,1.2321373152734443,0.42,-0.08602757397403855,0.99,static_d
291,0.4434379683673823,1.266136355142258,0.18,-0.29415336045170304,0.99,static_d
292,0.32420903499399695,1.2707489156306149,0.14,-0.3835512932287125,0.99,static_d
293,0.544767225235394,1.3485788559912302,0.38,-0.14316386780154897,0.99,static_d
294,0.31028066918509456,1.2976242055773664,0.48,0.0036598117811084004,0.99,static_d
295,0.49767450787469464,1.2043633845114798,0.37,-0.10793001590547602,0.99,static_d
296,0.3602152952558159,1.270401414891122,0.15,-0.336427732079906,0.99,static_d
297,0.38042257951879377,1.2431285579031788,0.46,-0.07359307359307359,0.99,static_d
298,0.4708928600918377,1.3597798350656956,0.46,-0.09634156692980221,0.99,static_d
299,0.31570581218740307,1.2697793395550967,0.14,-0.3733217088055797,0.99,static_d
300,0.5495503036411375,1.340560066584335,0.37,-0.1738241308793456,0.99,static_d
301,0.31563953925301463,1.3034471918812738,0.5,0.009038031319910513,0.99,static_d
302,0.47115476358042746,1.2086102263210108,0.38,-0.09485468905758762,0.99,static_d
303,0.3802157042222491,1.2703094897080371,0.15,-0.3312573443008226,0.99,static_d
304,0.360391614171337,1.2734493429186746,0.2,-0.3291123525760397,0.99,static_d
305,0.49743177194473287,1.3627097168669209,0.41,-0.10548523206751055,0.99,static_d
306,0.31031746978900115,1.2846701200860835,0.49,0.004150110375275938,0.99,static_d
307,0.5448568989625563,1.330073042361081,0.37,-0.1870029538741195,0.99,static_d
308,0.3241125240472755,1.3074494289820313,0.5,0.01923937360178971,0.99,static_d
309,0.4436992792892035,1.2141016698468436,0.39,-0.08680124223602484,0.99,static_d
310,0.4032593528805756,1.2687042324722624,0.16,-0.3260869565217392,0.99,static_d
311,0.3436200299279161,1.272687317538859,0.16,-0.3524590163934427,0.99,static_d
312,0.5207711087363105,1.2570160464615237,0.24,-0.23883116883116884,0.99,static_d
313,0.3079771699901265,1.2891841723494015,0.49,-0.004856512141280353,0.99,static_d
314,0.5313564637813181,1.3196164345647665,0.34,-0.20189850310332239,0.99,static_d
315,0.335785616103446,1.2697668285093047,0.14,-0.3417029933158965,0.99,static_d
316,0.4170964040813492,1.2848239974483096,0.25,-0.29812807881773395,0.99,static_d
317,0.4288347510365222,1.3498603969957494,0.46,-0.03879127408539173,0.99,static_d
318,0.33014741206456855,1.2716966545017243,0.49,-0.031699779249448126,0.99,static_d
319,0.5384078130133699,1.2460432496995422,0.28,-0.2173262613899089,0.99,static_d
320,0.30865306494377315,1.269060280088038,0.14,-0.3622784074396977,0.99,static_d
321,0.5108562763095706,1.3104771023580142,0.32,-0.21285999429712008,0.99,static_d
322,0.35073553613793773,1.2702987929309186,0.15,-0.3340775558166863,0.99,static_d
323,0.3925693736479672,1.2374128380016356,0.43,-0.07594316511513963,0.99,static_d
324,0.45600461688736194,1.3575127584868665,0.46,-0.07478142772260418,0.99,static_d
325,0.31992086299473105,1.2702416825101972,0.15,-0.3782608695652174,0.99,static_d
326,0.5481225285251453,1.2351713933666777,0.31,-0.19470273316427164,0.99,static_d
327,0.31235452366035715,1.30027763554605,0.49,-0.0004415011037527594,0.99,static_d
328,0.4857756424552839,1.2063338767943101,0.37,-0.10353707490721806,0.99,static_d
329,0.3689826362946417,1.2705434753240648,0.15,-0.33607520564042304,0.99,static_d
330,0.3708482812555875,1.274489315212188,0.23,-0.32113507960965587,0.99,static_d
331,0.48329499464744047,1.3611509373028352,0.42,-0.09860517616705637,0.99,static_d
332,0.3128549175103186,1.2828136389668496,0.48,-0.0005228302544440572,0.99,static_d
333,0.5485666926199373,1.2229520779700425,0.34,-0.17050018254837535,0.99,static_d
334,0.3191303723422223,1.305440894047468,0.5,0.01279642058165548,0.99,static_d
335,0.4585695039350486,1.2952265619003382,0.28,-0.2658778729770162,0.99,static_d
336,0.3904192181216176,1.2698050830963332,0.16,-0.31895937277263015,0.99,static_d
337,0.35229677835652323,1.258130323741895,0.47,-0.0670794633642931,0.99,static_d
338,0.5086738869611371,1.260219408133624,0.24,-0.24597402597402596,0.99,static_d
339,0.3088696352426694,1.2691438948400138,0.14,-0.3616971810520197,0.99,static_d
340,0.5396764564859796,1.2124551058032562,0.34,-0.13866374589266156,0.99,static_d
341,0.3290587009455245,1.3092581920727318,0.5,0.015659955257270694,0.99,static_d
342,0.4313172973109022,1.2882031820698363,0.27,-0.2931845678182552,0.99,static_d
343,0.4147090324776174,1.3447091209014026,0.48,-0.029975601254792615,0.99,static_d
344,0.337039160722587,1.2676824361693966,0.48,-0.046009062391077035,0.99,static_d
345,0.5297075413650986,1.2517888011838971,0.26,-0.22995149823931965,0.99,static_d
346,0.30791288950185286,1.2692701411870198,0.13,-0.3604738082916451,0.99,static_d
347,0.5226932892245255,1.3151378491291088,0.34,-0.20087623220153342,0.99,static_d
348,0.3422257845966778,1.3190062166993552,0.48,0.008888114325548972,0.99,static_d
349,0.4055461494085933,1.2311336900089578,0.42,-0.08957510279771023,0.99,static_d
350,0.44116178014174207,1.266054080498149,0.18,-0.29658187116750656,0.99,static_d
351,0.32506355290736166,1.2708554675389077,0.14,-0.3802964254577157,0.99,static_d
352,0.5439503411422473,1.3492623016720215,0.38,-0.1417836055517215,0.99,static_d
353,0.3099714403031968,1.2971666388457586,0.48,0.006622516556291392,0.99,static_d
354,0.4997796291444917,1.3073544123637264,0.32,-0.23652694610778446,0.99,static_d
355,0.3586897034442044,1.3264646662045831,0.5,-0.0043847874720357935,0.99,static_d
356,0.3822394329140178,1.2760860974891248,0.23,-0.29879301489470983,0.99,static_d
357,0.46860459784908765,1.3594667544806713,0.46,-0.09107885578473812,0.99,static_d
358,0.31629616327642496,1.2698560666727816,0.15,-0.372737955346651,0.99,static_d
359,0.5495129467372233,1.2298162931774836,0.32,-0.17764471057884235,0.99,static_d
360,0.3150734302323881,1.303006536356307,0.5,0.008501118568232663,0.99,static_d
361,0.4734361567796072,1.2082544490612275,0.38,-0.09516141400199371,0.99,static_d
362,0.3784227268275081,1.3343840855413371,0.5,-0.011006711409395973,0.99,static_d
363,0.36194270702469616,1.2735239867026236,0.2,-0.3258845437616387,0.99,static_d
364,0.4953018019543043,1.3624964495560647,0.42,-0.10295896154156253,0.99,static_d
365,0.3106504114777401,1.284433243056576,0.49,0.004326710816777042,0.99,static_d
366,0.5456044828056642,1.330978348863037,0.37,-0.18685147315004164,0.99,static_d
367,0.3232829362536571,1.3071409509802032,0.5,0.014586129753914987,0.99,static_d
368,0.44598253914335945,1.2916253716178727,0.28,-0.2864137086903305,0.99,static_d
369,0.4012266548198915,1.3399139035070127,0.49,-0.024812362030905078,0.99,static_d
370,0.3448953306630906,1.2627449247426226,0.49,-0.05924944812362031,0.99,static_d
371,0.5190042328236317,1.2579621255805717,0.24,-0.23363636363636361,0.99,static_d
372,0.30805709677226,1.269084841897635,0.13,-0.3561037318153068,0.99,static_d
373,0.5327837937932551,1.3204413336087575,0.34,-0.20219058050383354,0.99,static_d
374,0.334685214444171,1.269796494151533,0.13,-0.3456385486746018,0.99,static_d
375,0.41925394650710635,1.2853193856974068,0.25,-0.2945812807881773,0.99,static_d
376,0.4266195696557217,1.3491101913675538,0.46,-0.03964009846362787,0.99,static_d
377,0.33114816831291294,1.2711212611979783,0.49,-0.0352317880794702,0.99,static_d
378,0.5372105076025013,1.2468859487369433,0.28,-0.2170542635658915,0.99,static_d
379,0.30848109192481066,1.2690650381572803,0.14,-0.3698343504795117,0.99,static_d
380,0.5127804679899295,1.3110396786700491,0.32,-0.21072141431422872,0.99,static_d
381,0.3493592689597141,1.3226691106286106,0.5,-8.948545861297538e-05,0.99,static_d
382,0.3945193943827296,1.2365024764659311,0.43,-0.07724971419238935,0.99,static_d
383,0.4537046800616452,1.265830321059068,0.19,-0.29932473910374463,0.99,static_d
384,0.32065341028279076,1.27034001219315,0.15,-0.3755581668625147,0.99,static_d
385,0.5476547129239067,1.345553854399372,0.37,-0.15413163674922364,0.99,static_d
386,0.3119282801120045,1.299768687559024,0.49,-0.0009713024282560706,0.99,static_d
387,0.4879858095445502,1.2059350257067314,0.37,-0.106869650836931,0.99,static_d
388,0.3673325298427375,1.3302174879882416,0.52,-0.011399154256297115,0.99,static_d
389,0.3725456475192196,1.2469533793311622,0.46,-0.08055343349460996,0.99,static_d
390,0.48105552096943277,1.262577274926845,0.23,-0.2647663071391885,0.99,static_d
391,0.31332659516552597,1.2825203399746101,0.48,-0.00017427675148135242,0.99,static_d
392,0.5488954067813827,1.2239756081261493,0.34,-0.17400511135450894,0.99,static_d
393,0.3184444524114306,1.3050971690443631,0.5,0.011901565995525727,0.99,static_d
394,0.4608707004337011,1.2103685657690728,0.38,-0.08503949083659229,0.99,static_d
395,0.3885114446274939,1.2699168150829823,0.16,-0.31753385602280837,0.99,static_d
396,0.35372189414456406,1.2732660477705977,0.18,-0.3302167445813855,0.99,static_d
397,0.5066837743371451,1.2604532161605926,0.24,-0.24649350649350646,0.99,static_d
398,0.30908628397547505,1.286046712061379,0.48,0.00801673056814221,0.99,static_d
399,0.5407543231382154,1.2132985473201017,0.34,-0.14056224899598393,0.99,static_d
400,0.3281058853506563,1.2698797616631174,0.14,-0.3477477477477477,0.99,static_d
401,0.43355587494842157,1.2887718840073235,0.28,-0.28872569019447847,0.99,static_d
402,0.4125834087298613,1.3438833587846655,0.48,-0.027535726734053682,0.99,static_d
403,0.33818808442612214,1.2669608864488717,0.48,-0.05088881143255491,0.99,static_d
404,0.5281776134327224,1.25273354033374,0.26,-0.22742674905321905,0.99,static_d
405,0.30787746889204176,1.269264944376181,0.13,-0.36162382841699736,0.99,static_d
406,0.5243738600497032,1.3159166761612948,0.34,-0.1981014968966776,0.99,static_d
407,0.3409993152468578,1.318221495141702,0.48,0.00941094457999303,0.99,static_d
408,0.40761628827536517,1.2300784244039487,0.42,-0.09199387245021366,0.99,static_d
409,0.4388928449432822,1.265977274846039,0.18,-0.2958533179527655,0.99,static_d
410,0.3259404930259847,1.2742589287170434,0.48,-0.021087486929243643,0.99,static_d
411,0.5430721481040925,1.2422361197775744,0.28,-0.20427036583707334,0.99,static_d
412,0.3096834548767588,1.2689135740854975,0.15,-0.35605170387779084,0.99,static_d
413,0.5018609091666634,1.3079447586084865,0.32,-0.23524379811804963,0.99,static_d
414,0.35718704953371266,1.3259246015419497,0.5,-0.004921700223713646,0.99,static_d
415,0.3840774931736666,1.2413951409875041,0.43,-0.07724971419238935,0.99,static_d
416,0.4663114398973357,1.2645792661048705,0.21,-0.29182097796748474,0.99,static_d
417,0.31690831461189645,1.280119324098,0.48,-0.0034855350296270483,0.99,static_d
418,0.5494085971538377,1.230875349370759,0.32,-0.18035357855717138,0.99,static_d
419,0.3145290206529892,1.269238125809578,0.14,-0.3682069165940133,0.99,static_d
420,0.47571009145565607,1.3003143885490687,0.29,-0.265359477124183,0.99,static_d
421,0.37665136863394727,1.3337472076333416,0.5,-0.008859060402684563,0.99,static_d
422,0.36351661020103665,1.2736283231830434,0.21,-0.32144874772456217,0.99,static_d
423,0.49315107225802157,1.3622412272170896,0.42,-0.10473272595339839,0.99,static_d
424,0.31100466053333026,1.269283734114158,0.14,-0.3762278407439697,0.99,static_d
425,0.5462890911867814,1.3318799947874504,0.37,-0.1874573960463531,0.99,static_d
426,0.3224756590476712,1.2693808335227335,0.15,-0.3575793184488837,0.99,static_d
427,0.4482712033931931,1.2128760292978673,0.4,-0.0858490566037736,0.99,static_d
428,0.3992122870652256,1.2690551831877768,0.16,-0.3245426467094322,0.99,static_d
429,0.346193745299737,1.272772847220529,0.16,-0.35412211926823484,0.99,static_d
430,0.5171988281105462,1.2589790910557395,0.24,-0.23506493506493503,0.99,static_d
431,0.3081580816032705,1.2690617519741403,0.14,-0.35797733217088046,0.99,static_d
432,0.534160550152376,1.2087369334289917,0.35,-0.14397634885439767,0.99,static_d
433,0.33360770108485865,1.269826321250362,0.13,-0.34310850439882695,0.99,static_d
434,0.4214257162208882,1.2858243995934524,0.25,-0.29720853858784896,0.99,static_d
435,0.42441652412883973,1.2668263925387155,0.18,-0.3104243822475867,0.99,static_d
436,0.33217166902323875,1.271446325138958,0.14,-0.3793664632374309,0.99,static_d
437,0.5359584791518087,1.35461504485236,0.39,-0.1268633540372671,0.99,static_d
438,0.308330218677289,1.293722295897163,0.5,-0.0008053691275167785,0.99,static_d
439,0.5146711498299178,1.3116430877462344,0.32,-0.20801254633589963,0.99,static_d
440,0.34800612145007404,1.2702443723760803,0.14,-0.3394943330427201,0.99,static_d
441,0.3964889234301741,1.279367655473901,0.25,-0.2952380952380952,0.99,static_d
442,0.4514069381420884,1.3566370173112356,0.46,-0.06391647568118156,0.99,static_d
443,0.32140808943959176,1.2772425168472963,0.48,-0.00801673056814221,0.99,static_d
444,0.5471218285677106,1.2371053389877669,0.3,-0.19610163592064048,0.99,static_d
445,0.3115234615562181,1.2688184943493628,0.14,-0.3632083696599825,0.99,static_d
446,0.490179985446238,1.3045157580221436,0.3,-0.2508179603202228,0.99,static_d
447,0.3657049461904713,1.2705029794495677,0.15,-0.33337250293772036,0.99,static_d
448,0.374265165324549,1.246126281596156,0.46,-0.08242084712672948,0.99,static_d
449,0.47880427541938747,1.2629088507067934,0.23,-0.2705444273240883,0.99,static_d
450,0.3138198224994427,1.2694765294213313,0.14,-0.3756466143562917,0.99,static_d
451,0.5491577704558015,1.3375101768632436,0.37,-0.1783685526016814,0.99,static_d
452,0.31778050167532096,1.3047810908016648,0.5,0.01046979865771812,0.99,static_d
453,0.4631708323132215,1.2099606497953772,0.38,-0.0859596656698106,0.99,static_d
454,0.3866240827503956,1.2700359140617814,0.16,-0.321216440959848,0.99,static_d
455,0.35517007795203265,1.273311655890568,0.18,-0.3253597231497784,0.99,static_d
456,0.504664821365093,1.3628216936084936,0.4,-0.10314465408805032,0.99,static_d
457,0.30932409138602185,1.2856828571041223,0.48,0.007493900313698154,0.99,static_d
458,0.5417740445806087,1.2141456113282327,0.34,-0.14187659729828403,0.99,static_d
459,0.32717566469565845,1.269808795282408,0.14,-0.3546062191223481,0.99,static_d
460,0.4358043870106838,1.2893107615759267,0.28,-0.28559771521827826,0.99,static_d
461,0.4104736946788376,1.343060599461687,0.48,-0.024573021958870688,0.99,static_d
462,0.339360006173703,1.26625861031865,0.48,-0.05629139072847683,0.99,static_d
463,0.5266012835309143,1.2536864374088905,0.26,-0.22902132748654574,0.99,static_d
464,0.307863088543025,1.2692925427223727,0.13,-0.35989879822896903,0.99,static_d
465,0.5260113631654347,1.3167200667833137,0.34,-0.1950346841913107,0.99,static_d
466,0.3397959078332953,1.3174284688806412,0.48,0.010456605088881145,0.99,static_d
467,0.4097034629769366,1.229005301295992,0.42,-0.09586390389421914,0.99,static_d
468,0.436631992492236,1.2659978859713132,0.18,-0.2992532329548905,0.99,static_d
469,0.3268399074845085,1.2709946239035785,0.14,-0.3772740482417901,0.99,static_d
470,0.5421335228033831,1.350782896890602,0.37,-0.13807467999697037,0.99,static_d
471,0.3094166855038836,1.2962763275804439,0.5,0.003310961968680089,0.99,static_d
472,0.5039168728406902,1.20363443919334,0.37,-0.09747784594410361,0.99,static_d
473,0.35570738104196964,1.2703618040492417,0.15,-0.3344300822561692,0.99,static_d
474,0.385936542567096,1.2767789700585952,0.24,-0.29818181818181816,0.99,static_d
475,0.4640145566772935,1.358808494397853,0.45,-0.0811897779639715,0.99,static_d
476,0.3175423154015095,1.2796856223818671,0.48,-0.004705472289996515,0.99,static_d
477,0.5492373636038164,1.2318082459262785,0.32,-0.1880524664955803,0.99,static_d
478,0.3140062645618446,1.2691762819189214,0.15,-0.37802585193889543,0.99,static_d
479,0.4779753154671252,1.301037284344245,0.29,-0.26054351565187484,0.99,static_d
480,0.37490180303630477,1.270471373213049,0.15,-0.3446533490011751,0.99,static_d
481,0.36511324966287906,1.273793654933545,0.21,-0.32082104073818346,0.99,static_d
482,0.4909810186896431,1.2613278709729407,0.23,-0.26078582434514636,0.99,static_d
483,0.3113802499130765,1.2838573105368183,0.49,0.004150110375275938,0.99,static_d
484,0.5469100285389242,1.33279377142069,0.37,-0.18533666590926304,0.99,static_d
485,0.32169063930944175,1.3065391055499016,0.5,0.016375838926174495,0.99,static_d
486,0.45056435301772374,1.2123370975646843,0.4,-0.08757861635220125,0.99,static_d
487,0.3972166225692376,1.2692253666371238,0.16,-0.32584937039676887,0.99,static_d
488,0.3475152815161989,1.2728210623409728,0.16,-0.35186505108101696,0.99,static_d
489,0.51535637704705,1.3637728103840017,0.4,-0.10770440251572327,0.99,static_d
490,0.30828013445416275,1.2876622426875004,0.48,-0.003311258278145696,0.99,static_d
491,0.5354854571732601,1.2095365035528898,0.35,-0.136289726533629,0.99,static_d
492,0.33255303567729966,1.2698457388664859,0.13,-0.3434535104364327,0.99,static_d
493,0.423611122424559,1.286320745337889,0.26,-0.29851837087236727,0.99,static_d
494,0.4222262662053652,1.267056322942734,0.18,-0.31443142492866255,0.99,static_d
495,0.33321795917231856,1.2699512565440796,0.49,-0.03823399558498897,0.99,static_d
496,0.5346529153061402,1.2486009130963673,0.27,-0.22852533942734238,0.99,static_d
497,0.30820043039743494,1.2691778071059603,0.13,-0.3657639008682652,0.99,static_d
498,0.5165268243275534,1.3124119069566924,0.33,-0.20683933338142993,0.99,static_d
499,0.3466760980345695,1.3213747575965586,0.49,0.0037969094922737307,0.99,static_d
500,0.3984776337040266,1.2345720813164616,0.43,-0.08084272415482606,0.99,static_d
501,0.44911237853490793,1.2660874766593662,0.18,-0.2976747009896182,0.99,static_d
502,0.32218495343323855,1.270539268972544,0.15,-0.3863689776733255,0.99,static_d
503,0.5465244224945875,1.3468126986924864,0.38,-0.1535925159113565,0.99,static_d
504,0.31114003110805066,1.2988284628635913,0.48,-0.00034855350296270483,0.99,static_d
505,0.49235677428427616,1.3051650688577026,0.31,-0.24964778810932658,0.99,static_d
506,0.3640999823289147,1.270465885134609,0.15,-0.3352526439482961,0.99,static_d
507,0.3760066915830682,1.245280494219907,0.46,-0.08191155249978778,0.99,static_d
508,0.4765425675105784,1.26320927493364,0.23,-0.27452491011813046,0.99,static_d
509,0.3143346424778756,1.2695518580093736,0.14,-0.3755303690787561,0.99,static_d
510,0.5493535111495409,1.338342715581161,0.37,-0.17624782246459136,0.99,static_d
511,0.31713846903927667,1.3044290904269205,0.5,0.01046979865771812,0.99,static_d
512,0.4654687945830572,1.2972056997253554,0.28,-0.2639738882088944,0.99,static_d
513,0.3847573874306981,1.3363020975509046,0.5,-0.016017897091722594,0.99,static_d
514,0.3566412997974296,1.25562274997953,0.48,-0.06779365632624608,0.99,static_d
515,0.50261852135581,1.260890936705873,0.24,-0.24987012987012985,0.99,static_d
516,0.3095830804122027,1.2691789918535172,0.14,-0.3737866899157221,0.99,static_d
517,0.5427346194056142,1.2149747153147528,0.34,-0.14392113910186202,0.99,static_d
518,0.32626798860011547,1.2697057200955444,0.14,-0.3468177855274629,0.99,static_d
519,0.43806207033815087,1.2898594668766579,0.28,-0.28709370325037403,0.99,static_d
520,0.4083803816485164,1.3423142341712322,0.49,-0.024105960264900663,0.99,static_d
521,0.3405549552505023,1.2655318306019145,0.48,-0.05663994423143953,0.99,static_d
522,0.5249799454943788,1.2546321286488022,0.26,-0.23327353664208356,0.99,static_d
523,0.307869747027876,1.2692810978301952,0.13,-0.3549537116899546,0.99,static_d
524,0.5276043753699114,1.3175426179250072,0.34,-0.19766338079591092,0.99,static_d
525,0.3386155376779325,1.2698875434770287,0.14,-0.3400755594303981,0.99,static_d
526,0.4118072132705079,1.2278921335223236,0.42,-0.08602757397403855,0.99,static_d
527,0.4343800242123386,1.2661242754908342,0.18,-0.2942747859874932,0.99,static_d
528,0.32776184778847545,1.2710613748348583,0.14,-0.37797151990700373,0.99,static_d
529,0.5411353960761507,1.2439443260059448,0.28,-0.20848633210934314,0.99,static_d
530,0.30917110664586844,1.2958664460276366,0.5,0.0068903803131991044,0.99,static_d
531,0.505946036065831,1.2033966099773927,0.37,-0.09990153752934938,0.99,static_d
532,0.35425073781227606,1.2703391653207388,0.15,-0.3346650998824912,0.99,static_d
533,0.38781634802019693,1.239631840985588,0.43,-0.07692307692307693,0.99,static_d
534,0.46171509126140803,1.3584917301438169,0.45,-0.08018433179723501,0.99,static_d
535,0.3181982157161577,1.2700248181210663,0.16,-0.37645521501544316,0.99,static_d
536,0.5489994243064797,1.3434643925022158,0.37,-0.1617056729531167,0.99,static_d
537,0.31350511721768703,1.3015098809351886,0.49,0.0011479028697571744,0.99,static_d
538,0.4802305518590855,1.3017375811953669,0.3,-0.2607030978071702,0.99,static_d
539,0.3731741902767186,1.2705117732383324,0.15,-0.3356051703877791,0.99,static_d
540,0.36673254198034466,1.273967087221882,0.21,-0.3189379197790471,0.99,static_d
541,0.4887930611824499,1.3616446774334716,0.42,-0.09989518664839153,0.99,static_d
542,0.31177721426760924,1.2835549254009138,0.48,0.0010456605088881145,0.99,static_d
543,0.5474666610213351,1.2206590633674752,0.34,-0.15794085432639648,0.99,static_d
544,0.3209278238938592,1.2693367976527834,0.15,-0.3627497062279671,0.99,static_d
545,0.45286104011192113,1.293585879682797,0.28,-0.27716578267373865,0.99,static_d
546,0.3952400145173029,1.3385916117078098,0.5,-0.020671140939597314,0.99,static_d
547,0.34885994209592386,1.2601954925869614,0.48,-0.06535378180550715,0.99,static_d
548,0.513478370079374,1.2595616321595755,0.23,-0.23805855161787365,0.99,static_d
549,0.30842326734799885,1.2690980726949044,0.14,-0.3616971810520197,0.99,static_d
550,0.5367572746034885,1.323046858266148,0.34,-0.19751734209565536,0.99,static_d
551,0.331521175772789,1.2698827121181075,0.13,-0.34356851244896786,0.99,static_d
552,0.425809548880327,1.2868435327527732,0.26,-0.2947976878612717,0.99,static_d
553,0.4200494215758875,1.3467106257475858,0.46,-0.03488668194550547,0.99,static_d
554,0.33428708192588696,1.269328076663951,0.49,-0.04141280353200883,0.99,static_d
555,0.5332950426635159,1.2495080344201894,0.27,-0.22986960612985619,0.99,static_d
556,0.308091714312608,1.2928561438444257,0.49,-0.002737306843267108,0.99,static_d
557,0.5183459987075705,1.3131937041289092,0.33,-0.20510785657600464,0.99,static_d
558,0.3453691978057145,1.3207492003286136,0.49,0.004503311258278146,0.99,static_d
559,0.40048517913089515,1.2804626670687482,0.23,-0.2909604519774011,0.99,static_d
560,0.4468219597533729,1.35548488696578,0.46,-0.05474917239623121,0.99,static_d
561,0.3229840553848311,1.2762150824164058,0.48,-0.012896479609620077,0.99,static_d
562,0.5458631055029679,1.2390358238085402,0.29,-0.20041279669762643,0.99,static_d
563,0.3107779535075844,1.2983232822764434,0.47,0.0018919848641210874,0.99,static_d
564,0.4945147623287994,1.204840032562458,0.37,-0.11201999545557828,0.99,static_d
565,0.3625177252462091,1.2704471330115774,0.15,-0.3321974148061105,0.99,static_d
566,0.37777007075112407,1.2754027550132458,0.23,-0.30213148433487413,0.99,static_d
567,0.4742716831010745,1.360215781007069,0.44,-0.09263854425144748,0.99,static_d
568,0.31487109937857755,1.2815588445254629,0.48,0.0008713837574067621,0.99,static_d
569,0.5494824252335866,1.2271760829948946,0.33,-0.17495130221484742,0.99,static_d
570,0.3165183041394315,1.2694012992438295,0.15,-0.3647473560517039,0.99,static_d
571,0.4677634543254652,1.2978967299618134,0.28,-0.26859785121719026,0.99,static_d
572,0.3829115975116906,1.3357762450703383,0.5,-0.013870246085011185,0.99,static_d
573,0.3581355225556782,1.2547584177381923,0.48,-0.06883931683513421,0.99,static_d
574,0.5005463612407622,1.2610995300674746,0.24,-0.2544155844155844,0.99,static_d
575,0.3098632759002993,1.2691858024793836,0.14,-0.3699505957570473,0.99,static_d
576,0.5436350974294771,1.3287331670302425,0.37,-0.18988108763159886,0.99,static_d
577,0.3253828058299334,1.3079566240755929,0.5,0.020671140939597314,0.99,static_d
578,0.4403281338310649,1.2150881416338204,0.39,-0.0829192546583851,0.99,static_d
579,0.40630393812660354,1.2684277411466822,0.17,-0.3276887047378851,0.99,static_d
580,0.3417729576199352,1.2725774921412967,0.15,-0.3528789659224442,0.99,static_d
581,0.5233150151220174,1.2555734773252132,0.25,-0.2392775041050903,0.99,static_d
582,0.30789744500735294,1.2899536258965916,0.49,-0.005033112582781457,0.99,static_d
583,0.5291514944613926,1.2063598985157424,0.36,-0.13212629058805928,0.99,static_d
584,0.3374581766844781,1.2698378588673072,0.14,-0.33984306887532684,0.99,static_d
585,0.413927056276517,1.2841112443229008,0.25,-0.3018062397372742,0.99,static_d
586,0.4321377134844661,1.3509591235967224,0.45,-0.04566401340594889,0.99,static_d
587,0.3287063646512759,1.2725407240512132,0.49,-0.027108167770419425,0.99,static_d
588,0.5400787507864144,1.2448127090572465,0.28,-0.21215830273357816,0.99,static_d
589,0.30894669466079483,1.269066112577537,0.14,-0.3634408602150537,0.99,static_d
590,0.507946907642853,1.2033129052095637,0.37,-0.10081042187381654,0.99,static_d
591,0.35281715240381684,1.2703266789697927,0.15,-0.33419506462984727,0.99,static_d
592,0.38971666056516685,1.2775730444997133,0.24,-0.29727272727272724,0.99,static_d
593,0.4594141589315975,1.3581220846188948,0.46,-0.07698837110601815,0.99,static_d
594,0.31887606639390453,1.2788269929297682,0.48,-0.004705472289996515,0.99,static_d
595,0.5486950265491478,1.2337405320886425,0.31,-0.19329388560157792,0.99,static_d
596,0.3130255351650049,1.2690207885551226,0.14,-0.3701830863121185,0.99,static_d
597,0.48247449969463796,1.2069040927937107,0.37,-0.09914413390896008,0.99,static_d
598,0.37146867795655625,1.270544261907628,0.15,-0.33619271445358406,0.99,static_d
599,0.3683743938864632,1.2741642051880075,0.22,-0.31581286104234113,0.99,static_d
600,0.48658860232356305,1.3613759665641099,0.42,-0.09925018140772394,0.99,static_d
601,0.3121955898915298,1.2692663211573607,0.14,-0.3751816332461493,0.99,static_d
602,0.5479584180333571,1.2215798360688845,0.34,-0.16013143483023,0.99,static_d
603,0.3201871597619993,1.2693304167476989,0.15,-0.36063454759106933,0.99,static_d
604,0.4551602878701353,1.294263442439732,0.28,-0.2758057935536516,0.99,static_d
605,0.3932827968981695,1.3381914449704087,0.5,-0.017807606263982104,0.99,static_d
606,0.3502277246088124,1.2593498791241742,0.48,-0.06256535378180551,0.99,static_d
607,0.5115663032474316,1.2598241858360866,0.24,-0.2438961038961039,0.99,static_d
608,0.3085874943450722,1.2869501386695616,0.47,0.0013759889920880635,0.99,static_d
609,0.5379748002054697,1.211204628256713,0.34,-0.14187659729828403,0.99,static_d
610,0.3305120770353269,1.3104266894151433,0.5,0.011006711409395973,0.99,static_d
611,0.4280203534537617,1.2873693309445315,0.26,-0.29027971563351274,0.99,static_d
612,0.41788659032117564,1.2674337869718255,0.17,-0.3165195460277428,0.99,static_d
613,0.3353790784283637,1.2686828499973828,0.49,-0.04388520971302428,0.99,static_d
614,0.5318861242064727,1.3568973476629904,0.4,-0.11918238993710692,0.99,static_d
615,0.3080040596970868,1.2692380789447142,0.13,-0.36288885055488473,0.99,static_d
616,0.520127187302483,1.2044660557753954,0.37,-0.11898810876315988,0.99,static_d
617,0.3440854148453437,1.3200800678012157,0.48,0.0062739630533286865,0.99,static_d
618,0.40251119407947233,1.2810681983288388,0.23,-0.29917822290703644,0.99,static_d
619,0.4445366114143675,1.3549015012819972,0.46,-0.0505050505050505,0.99,static_d
620,0.32380544843913606,1.2756593046212692,0.48,-0.016207737887765774,0.99,static_d
621,0.545138550689244,1.2400145171019012,0.29,-0.20055039559683524,0.99,static_d
622,0.3104371951704928,1.2688367362142465,0.14,-0.3572798605056669,0.99,static_d
623,0.4966525194082323,1.3064567208458469,0.32,-0.2450812660393499,0.99,static_d
624,0.3609582523761028,1.327418837231624,0.51,-0.008525303827317249,0.99,static_d
625,0.37955513432133553,1.243554947770137,0.46,-0.07223495458789575,0.99,static_d
626,0.4719928835307284,1.263794217243187,0.21,-0.27801142426715214,0.99,static_d
627,0.3154292387186475,1.269727439882005,0.14,-0.3737866899157221,0.99,static_d
628,0.5495443784442032,1.2282428330146866,0.32,-0.17693185058454522,0.99,static_d
629,0.3159199574404126,1.3036462431243887,0.5,0.01029082774049217,0.99,static_d
630,0.47005365109086705,1.208787167012538,0.38,-0.09485468905758762,0.99,static_d
631,0.38108693629194584,1.2702596256168772,0.15,-0.3311398354876616,0.99,static_d
632,0.35965270157183415,1.2734294787719689,0.2,-0.3250155183116077,0.99,static_d
633,0.49844981963929547,1.362779136312397,0.41,-0.10564445505931057,0.99,static_d
634,0.3101647045724524,1.2847720490856336,0.49,0.0046799116997792494,0.99,static_d
635,0.5444745818533538,1.329637771103972,0.37,-0.1885177611148981,0.99,static_d
636,0.3245200644628445,1.3076122849026084,0.5,0.019418344519015657,0.99,static_d
637,0.44260175818173203,1.2144196034634351,0.39,-0.08509316770186336,0.99,static_d
638,0.40424481031088727,1.340823724766368,0.48,-0.02370163820146393,0.99,static_d
639,0.34301403565789684,1.2726407350904867,0.16,-0.353528153955809,0.99,static_d
640,0.5216079275562611,1.361949911950945,0.4,-0.11053459119496856,0.99,static_d
641,0.30794618522909717,1.2894403859285384,0.49,-0.009094922737306844,0.99,static_d
642,0.5306513418698683,1.2069765228802245,0.35,-0.13155949741315595,0.99,static_d
643,0.33632379359839476,1.2697837041912607,0.14,-0.3410055216506829,0.99,static_d
644,0.4160624859381604,1.2845923390848362,0.25,-0.2999671592775041,0.99,static_d
645,0.4299058059377477,1.3502170019811524,0.45,-0.03695014662756598,0.99,static_d
646,0.32967350782434446,1.2719799620649943,0.49,-0.0306401766004415,0.99,static_d
647,0.5389646196066381,1.2456411060478896,0.28,-0.21528627770977832,0.99,static_d
648,0.3087434278342407,1.2949816181564433,0.51,0.004534736078360239,0.99,static_d
649,0.5099179912594806,1.203424967181694,0.37,-0.1021737483905173,0.99,static_d
650,0.35140665047119957,1.323640366443445,0.5,-0.0008053691275167785,0.99,static_d
651,0.39163721478467844,1.2780466644044308,0.24,-0.29480519480519474,0.99,static_d
652,0.4571128468294433,1.357708402520044,0.46,-0.07580001697648756,0.99,static_d
653,0.3195759189392415,1.2701974382414951,0.15,-0.3735605170387779,0.99,static_d
654,0.5483244860800651,1.3446794398157584,0.37,-0.15761569340301446,0.99,static_d
655,0.312567476304179,1.3005134399117382,0.49,-0.002030905077262693,0.99,static_d
656,0.4847058349727934,1.2065283589412132,0.37,-0.10293115201090659,0.99,static_d
657,0.36978540153926964,1.2705526966845215,0.15,-0.33572267920094007,0.99,static_d
658,0.370038701822049,1.274382303257927,0.23,-0.3189522342064715,0.99,static_d
659,0.4843690259998279,1.3612251356709741,0.42,-0.09844392485688948,0.99,static_d
660,0.3126354146707369,1.2829601863768367,0.48,-0.0005228302544440572,0.99,static_d
661,0.5483847935861202,1.222490822350746,0.34,-0.1639284410368748,0.99,static_d
662,0.319468594106902,1.2693410931317164,0.15,-0.36333725029377206,0.99,static_d
663,0.4574610906249825,1.29491683261853,0.28,-0.2734938120495036,0.99,static_d
664,0.3913452850746156,1.3378334358933412,0.5,-0.016912751677852347,0.99,static_d
665,0.35161862108242314,1.2585252984117856,0.47,-0.06811145510835914,0.99,static_d
666,0.5096216758425354,1.2601000936470153,0.24,-0.2483116883116883,0.99,static_d
667,0.3087728315254576,1.2691399785744484,0.14,-0.3629758791049113,0.99,static_d
668,0.5391368722993716,1.3247376206287753,0.36,-0.19422415083046535,0.99,static_d
669,0.32952569344691873,1.309521388712985,0.5,0.015659955257270694,0.99,static_d
670,0.4302428676790873,1.2181661755046846,0.4,-0.07861635220125786,0.99,static_d
671,0.41573834738206,1.2675915029178568,0.17,-0.31808082627754763,0.99,static_d
672,0.3364939875845516,1.2720401475843697,0.14,-0.3665794827085149,0.99,static_d
673,0.5304274567005192,1.3576460686192058,0.4,-0.1190251572327044,0.99,static_d
674,0.30793745788524773,1.2692664361285453,0.13,-0.3615088264044621,0.99,static_d
675,0.5218689139903987,1.3147625049115588,0.33,-0.19847052882187435,0.99,static_d
676,0.3428247385369114,1.3193773702693572,0.48,0.00941094457999303,0.99,static_d
677,0.4045552927905164,1.231621753745797,0.42,-0.08812384100620818,0.99,static_d
678,0.44225723428851715,1.354245265279106,0.46,-0.05084458025634496,0.99,static_d
679,0.3246491856295071,1.2708014036793216,0.14,-0.3813426329555361,0.99,static_d
680,0.5443514918473302,1.3489040863932136,0.38,-0.14270378038493983,0.99,static_d
681,0.31011772423533673,1.2973909559081345,0.48,0.004008365284071105,0.99,static_d
682,0.49876860041283044,1.2042293767950194,0.37,-0.10671817011285313,0.99,static_d
683,0.35942163203598165,1.2703877094703453,0.15,-0.34347826086956523,0.99,static_d
684,0.3813617003052865,1.275931829034814,0.23,-0.2995634309193631,0.99,static_d
685,0.4697074048434118,1.3596201659668408,0.46,-0.09379509379509378,0.99,static_d
686,0.31600910717794056,1.2808007445045764,0.48,-0.0010456605088881145,0.99,static_d
687,0.5495393062136071,1.3410202428370832,0.37,-0.17291524653487841,0.99,static_d
688,0.31534338032846115,1.2693200311418766,0.15,-0.36486486486486486,0.99,static_d
689,0.47233819736736365,1.2084244058224516,0.38,-0.09485468905758762,0.99,static_d
690,0.37928361207162814,1.2703571577028923,0.15,-0.33137485311398357,0.99,static_d
691,0.3611927842641001,1.2734816009096241,0.2,-0.32762259466170074,0.99,static_d
692,0.49633036501115285,1.3626041167178171,0.41,-0.1058036780511106,0.99,static_d
693,0.3104873949912201,1.2845509927346523,0.49,0.004856512141280353,0.99,static_d
694,0.5452522313248295,1.217585631462355,0.35,-0.14900221729490024,0.99,static_d
695,0.32367971204728513,1.269465302185216,0.15,-0.35252643948296125,0.99,static_d
696,0.44488209564606773,1.2913596486705226,0.28,-0.28151774785801714,0.99,static_d
697,0.40220342266345743,1.3401473047672638,0.49,-0.027108167770419425,0.99,static_d
698,0.34427820787773167,1.26313320383046,0.49,-0.058719646799117,0.99,static_d
699,0.5198601346862544,1.2575050552091216,0.24,-0.23961038961038958,0.99,static_d
700,0.30801597252429985,1.2690989825405996,0.13,-0.356218733827842,0.99,static_d
701,0.5321025652993719,1.2076671377486035,0.35,-0.13259423503325943,0.99,static_d
702,0.33521235425792034,1.2697834873036988,0.13,-0.3370133977344604,0.99,static_d
703,0.41821297249166334,1.2850793466926091,0.25,-0.2953694581280788,0.99,static_d
704,0.42768501977537526,1.3494725120597264,0.46,-0.03879127408539173,0.99,static_d
705,0.3306633259204131,1.2713941198745702,0.49,-0.03328918322295806,0.99,static_d
706,0.5377940827133599,1.2464787339791117,0.28,-0.21977424180606558,0.99,static_d
707,0.3085612864071707,1.2690602461743012,0.14,-0.3618134263295553,0.99,static_d
708,0.5118577875567101,1.310766352808902,0.32,-0.21214713430282295,0.99,static_d
709,0.3500192511333645,1.3229863515324265,0.5,0.0008053691275167785,0.99,static_d
710,0.393577728251218,1.236942044764266,0.43,-0.07741303282704555,0.99,static_d
711,0.45481221367608804,1.2657377036619974,0.2,-0.2991930477963997,0.99,static_d
712,0.320297825417481,1.27029112766131,0.15,-0.3767332549941246,0.99,static_d
713,0.547888186335521,1.235672709216206,0.31,-0.1920259227951536,0.99,static_d
714,0.312130899957817,1.2688905686286356,0.14,-0.3752978785236849,0.99,static_d
715,0.48692321163430496,1.3036035685321457,0.3,-0.25443786982248523,0.99,static_d
716,0.368124484843917,1.3305419465957193,0.52,-0.011766868909726051,0.99,static_d
717,0.37172535147029984,1.2473326987180302,0.46,-0.08021390374331551,0.99,static_d
718,0.48213569613513946,1.2624104993937313,0.23,-0.26540832049306623,0.99,static_d
719,0.31309672802634075,1.2693694148439723,0.14,-0.3770415576867189,0.99,static_d
720,0.5487453475259101,1.3362616054916572,0.37,-0.1800348405665379,0.99,static_d
721,0.3187720744738771,1.305260559492237,0.5,0.01261744966442953,0.99,static_d
722,0.45976241394469325,1.2105616250513205,0.38,-0.0770646422820336,0.99,static_d
723,0.38942777635296133,1.269861666488456,0.16,-0.3180090282727489,0.99,static_d
724,0.35303261766290256,1.2732339522721865,0.18,-0.331916702082448,0.99,static_d
725,0.5076459881305614,1.3630710556160301,0.4,-0.10566037735849056,0.99,static_d
726,0.3089792969689061,1.2862199304796649,0.48,0.0012199372603694668,0.99,static_d
727,0.5402423722576362,1.2128941947837504,0.34,-0.13924790069368384,0.99,static_d
728,0.32856197750517613,1.2699073811848725,0.14,-0.34821272885789006,0.99,static_d
729,0.43247639634915225,1.2884963007458579,0.27,-0.29089931442398176,0.99,static_d
730,0.41360524304785934,1.3442848306758848,0.48,-0.02875566399442315,0.99,static_d
731,0.337631845833112,1.2673121324910988,0.48,-0.048623213663297325,0.99,static_d
732,0.5289203680690631,1.2522798133097794,0.26,-0.2259650521560029,0.99,static_d
733,0.30789190228216223,1.269268650822168,0.13,-0.35989879822896903,0.99,static_d
734,0.5235697146836394,1.3155388844899647,0.34,-0.19926980649872217,0.99,static_d
735,0.3415871538678782,1.318596521799447,0.48,0.009236667828511678,0.99,static_d
736,0.4066170688088952,1.2822509620819347,0.25,-0.30220032840722494,0.99,static_d
737,0.4399847004008666,1.3535405070708868,0.45,-0.054377880184331796,0.99,static_d
738,0.3255153197368803,1.2745468038790175,0.48,-0.01882188915998606,0.99,static_d
739,0.5435027217372782,1.3496665336668974,0.38,-0.13978989341308184,0.99,static_d
740,0.3098195106076764,1.2688891169823664,0.15,-0.35687426556991775,0.99,static_d
741,0.500861546889201,1.307661288000419,0.32,-0.23624180211006562,0.99,static_d
742,0.3579079238543025,1.3261714629511043,0.5,-0.004563758389261745,0.99,static_d
743,0.3831895727079263,1.2418165911550323,0.44,-0.0739454094292804,0.99,static_d
744,0.4674164570925524,1.2644382237463867,0.21,-0.28629715648735166,0.99,static_d
745,0.316610752518368,1.2803467044993873,0.48,-0.0027884280237016387,0.99,static_d
746,0.5494672138291545,1.2303932592260234,0.32,-0.17907043056743657,0.99,static_d
747,0.314788525200067,1.2692628372486858,0.14,-0.3691368788142981,0.99,static_d
748,0.474615879126989,1.2080729645953248,0.38,-0.09132735219691743,0.99,static_d
749,0.3775018186920732,1.2704192669447174,0.15,-0.33137485311398357,0.99,static_d
750,0.36275570971613497,1.2521269702077202,0.48,-0.0721505751132799,0.99,static_d
751,0.49418945389638014,1.2612733246354277,0.24,-0.25233766233766236,0.99,static_d
752,0.3108313775211546,1.2692799096711413,0.14,-0.37680906713164775,0.99,static_d
753,0.5459672618911483,1.2184554824877518,0.34,-0.1520993063161738,0.99,static_d
754,0.322861695754826,1.2694019970903203,0.15,-0.3575793184488837,0.99,static_d
755,0.44716826985728936,1.2131461840060114,0.4,-0.085062893081761,0.99,static_d
756,0.4001801784711494,1.3396660711560815,0.49,-0.022339955849889626,0.99,static_d
757,0.34556548864575565,1.2623095644762243,0.49,-0.059602649006622516,0.99,static_d
758,0.5180731025824743,1.2584882608332308,0.24,-0.23389610389610388,0.99,static_d
759,0.3081068138018306,1.269072465344467,0.14,-0.3587910491136297,0.99,static_d
760,0.5335038413724364,1.320870741663041,0.34,-0.20175246440306682,0.99,static_d
761,0.33412382183631084,1.3133827580191242,0.49,0.013333333333333332,0.99,static_d
762,0.4203779619491867,1.2233379534936786,0.42,-0.09602515520438604,0.99,static_d
763,0.4254760461323968,1.2667226065714643,0.18,-0.30945297796126525,0.99,static_d
764,0.3316758662296242,1.271386348719959,0.14,-0.38145887823307173,0.99,static_d
765,0.5365682654073143,1.3542677251698936,0.39,-0.12298136645962732,0.99,static_d
766,0.30840025260105103,1.2939636084231394,0.5,-0.0008053691275167785,0.99,static_d
767,0.5137647962726654,1.203708350217422,0.37,-0.11035370749072179,0.99,static_d
768,0.3486549673319379,1.2702580587575865,0.14,-0.3387968613775065,0.99,static_d
769,0.39553790096244495,1.2791178601953201,0.25,-0.2949753694581281,0.99,static_d
770,0.45251328955898446,1.3568570308541323,0.46,-0.06680247856718444,0.99,static_d
771,0.321041838344136,1.2774636123271919,0.48,-0.007668177065179506,0.99,static_d
772,0.5473865775047116,1.2366465389240788,0.3,-0.19359554472676646,0.99,static_d
773,0.31171576693339587,1.2995264093886725,0.49,-0.0011479028697571744,0.99,static_d
774,0.48912526265677253,1.2057348995876573,0.37,-0.10671817011285313,0.99,static_d
775,0.3664860405290434,1.2705097193889463,0.15,-0.33431257344300824,0.99,static_d
776,0.3734342172813048,1.2465329160020842,0.46,-0.08140225787284609,0.99,static_d
777,0.47988995551873953,1.3608626141319868,0.43,-0.0940715335619794,0.99,static_d
778,0.31357957085507404,1.282371526604534,0.48,0.0005228302544440572,0.99,static_d
779,0.549039706603691,1.2245204580622557,0.34,-0.17400511135450894,0.99,static_d
780,0.3180975488755047,1.2694023309639706,0.15,-0.36122209165687424,0.99,static_d
781,0.46206319479190094,1.2962138806680703,0.27,-0.26871891383250435,0.99,static_d
782,0.3875305505503683,1.3369864008697663,0.5,-0.01333333333333333,0.99,static_d
783,0.35446969426552694,1.2568741607493248,0.48,-0.0651795050540258,0.99,static_d
784,0.5056407391452441,1.260568327532445,0.23,-0.2457627118644068,0.99,static_d
785,0.3092069107320461,1.2691735569469258,0.14,-0.3679744260389421,0.99,static_d
786,0.5412902269415305,1.3265505438431593,0.37,-0.1885177611148981,0.99,static_d
787,0.3276208804134147,1.3087855837831648,0.51,0.011790313803736623,0.99,static_d
788,0.4347202171325671,1.216795026962843,0.39,-0.07888198757763976,0.99,static_d
789,0.41148780346119185,1.2679222522026703,0.17,-0.31627934906623434,0.99,static_d
790,0.33879268691162134,1.2723450633527202,0.14,-0.35669863411798886,0.99,static_d
791,0.5273662147540287,1.3591970250461536,0.4,-0.11965408805031447,0.99,static_d
792,0.30786738837163186,1.2911664358652704,0.49,-0.0009713024282560706,0.99,static_d
793,0.5252281398617757,1.2053003766880575,0.37,-0.1274710293115201,0.99,static_d
794,0.3403726417223399,1.2699619449571171,0.15,-0.34171562867215044,0.99,static_d
795,0.4086960944190706,1.2828129847389946,0.25,-0.304696223316913,0.99,static_d
796,0.43771985317913564,1.3528170193480245,0.45,-0.052534562211981564,0.99,static_d
797,0.3264039031426654,1.2739408473675073,0.48,-0.0219588706866504,0.99,static_d
798,0.5425930902305025,1.2426711345143298,0.28,-0.20590235278117777,0.99,static_d
799,0.3095425260010739,1.296483950312603,0.5,0.002774049217002237,0.99,static_d
800,0.50292988872493,1.2037549449973486,0.37,-0.09747784594410361,0.99,static_d
801,0.35641717918736143,1.270371058146431,0.15,-0.34171562867215044,0.99,static_d
802,0.38503854099417734,1.276604980437499,0.23,-0.29417051874678996,0.99,static_d
803,0.46512122372781856,1.3589654113618972,0.45,-0.08320067029744449,0.99,static_d
804,0.317234223498959,1.2699285146096566,0.16,-0.37431693989071047,0.99,static_d
805,0.5493281764203003,1.342566827341504,0.37,-0.16700749829584183,0.99,static_d
806,0.31425534554625756,1.3022837286846256,0.5,0.0004474272930648769,0.99,static_d
807,0.4768854564511608,1.2077418627000513,0.38,-0.0933210643355571,0.99,static_d
808,0.3757417360680364,1.2704565229498683,0.15,-0.3378378378378379,0.99,static_d
809,0.3643414082586669,1.2737119698684878,0.21,-0.31881237838177134,0.99,static_d
810,0.492028529244261,1.362090616650754,0.42,-0.10441022333306459,0.99,static_d
811,0.3111966842873322,1.2840082024840083,0.49,0.00520971302428256,0.99,static_d
812,0.5466189488358217,1.2193238117843506,0.34,-0.1542898868200073,0.99,static_d
813,0.32206596252634656,1.3066815961234393,0.5,0.017270693512304248,0.99,static_d
814,0.4494593756846694,1.2125880722524436,0.4,-0.08757861635220125,0.99,static_d
815,0.39817546041067114,1.339226354208293,0.5,-0.015480984340044742,0.99,static_d
816,0.3468758878871608,1.2614550347692532,0.48,-0.062216800278842806,0.99,static_d
817,0.5162483089699921,1.2591725044626154,0.24,-0.23714285714285713,0.99,static_d
818,0.308218718039815,1.287895092012115,0.48,-0.007493900313698154,0.99,static_d
819,0.534853878267894,1.209136238492539,0.35,-0.13599408721359943,0.99,static_d
820,0.33305815707549685,1.2698368609054593,0.13,-0.3429935023862918,0.99,static_d
821,0.42255687559636174,1.2860849237383258,0.25,-0.29628899835796385,0.99,static_d
822,0.4232795494628532,1.3479328355527773,0.46,-0.03794244970715559,0.99,static_d
823,0.3327111745283094,1.2702334171686283,0.49,-0.03770419426048565,0.99,static_d
824,0.5352883356674999,1.248177014088266,0.27,-0.22758435273558275,0.99,static_d
825,0.30826031064023857,1.2691539214875935,0.13,-0.3669139209936174,0.99,static_d
826,0.5156375184601978,1.312029584346573,0.33,-0.20784936151792802,0.99,static_d
827,0.3473138061791093,1.3216730122197315,0.49,0.0032671081677704194,0.99,static_d
828,0.39751741477349256,1.2350408442928194,0.43,-0.07986281234688877,0.99,static_d
829,0.45021707578259623,1.2660592403351658,0.18,-0.30338170117175645,0.99,static_d
830,0.32180801056912883,1.2704985124985613,0.15,-0.3895417156286721,0.99,static_d
831,0.5468201754366014,1.2375972265569144,0.3,-0.19777236338322313,0.99,static_d
832,0.31132203958231447,1.2688150069276998,0.14,-0.3616971810520197,0.99,static_d
833,0.49131060124007225,1.2053542198235092,0.37,-0.10944482314625463,0.99,static_d
834,0.36487017056666093,1.2704854361170748,0.15,-0.336662749706228,0.99,static_d
835,0.3751651619866847,1.275042794440691,0.23,-0.30187467899332304,0.99,static_d
836,0.4776331247236933,1.360659408631578,0.43,-0.09260166585007348,0.99,static_d
837,0.3140839854660981,1.2820590728436383,0.48,0.002091321017776229,0.99,static_d
838,0.5492675653859505,1.2255887423585294,0.34,-0.17312887915297556,0.99,static_d
839,0.31744496590148474,1.2694158399890199,0.15,-0.36063454759106933,0.99,static_d
840,0.4643623417468244,1.2968805265353383,0.28,-0.26805385556915545,0.99,static_d
841,0.3856538705589346,1.336542109648416,0.5,-0.009395973154362415,0.99,static_d
842,0.355929824214758,1.2560373087239998,0.48,-0.06639944231439526,0.99,static_d
843,0.5036074245558255,1.2607882556432153,0.23,-0.24845916795069337,0.99,static_d
844,0.3094556948228505,1.2691761255632183,0.14,-0.3694856146469049,0.99,static_d
845,0.5422794110702003,1.2145723637751094,0.34,-0.14289886820007303,0.99,static_d
846,0.32670235226344924,1.2697523568611169,0.14,-0.34809648358035444,0.99,static_d
847,0.43697358022057925,1.2895932045515672,0.28,-0.2849177206582348,0.99,static_d
848,0.4093865311371053,1.3426751275059212,0.49,-0.026048565121412803,0.99,static_d
849,0.3399765416130119,1.2659027835501933,0.48,-0.05594283722551412,0.99,static_d
850,0.5257663790711681,1.2541851615406463,0.26,-0.2316789582087569,0.99,static_d
851,0.3078639137216754,1.2907156853206128,0.49,-0.0016777041942604856,0.99,static_d
852,0.5268427571422348,1.3171462550630617,0.34,-0.19926980649872217,0.99,static_d
853,0.339181179164065,1.3170215980177986,0.48,0.01010805158591844,0.99,static_d
854,0.4107919200854962,1.2284385437804466,0.42,-0.08957510279771023,0.99,static_d
855,0.43546350764659153,1.2660674775883796,0.18,-0.30034606277700204,0.99,static_d
856,0.3273149876753506,1.2710264866828669,0.14,-0.3793664632374309,0.99,static_d
857,0.5416235023396151,1.3511711682222627,0.38,-0.13411548194156891,0.99,static_d
858,0.30928674397506195,1.2960682072019252,0.5,0.007427293064876957,0.99,static_d
859,0.5049721459220208,1.2035025434435616,0.37,-0.10005301825342724,0.99,static_d
860,0.35494944152536645,1.270346984056887,0.15,-0.3346650998824912,0.99,static_d
861,0.38690837954829566,1.276976690900232,0.24,-0.2961038961038961,0.99,static_d
862,0.4628228610606398,1.2650046266778316,0.2,-0.29199255121042833,0.99,static_d
863,0.31787956978655546,1.279464510184349,0.48,-0.0034855350296270483,0.99,static_d
864,0.549122338773396,1.2322971111862333,0.31,-0.1863905325443787,0.99,static_d
865,0.3137437960326675,1.2691369673423658,0.15,-0.3761457109283196,0.99,static_d
866,0.47914566423761845,1.3014138390816015,0.3,-0.26265227984685,0.99,static_d
867,0.37400353071206577,1.3327673464889593,0.5,-0.008680089485458613,0.99,static_d
868,0.3659498010404528,1.2503185166485307,0.48,-0.07005925409550368,0.99,static_d
869,0.48984901883251747,1.2613885113086365,0.23,-0.2610426296866975,0.99,static_d
870,0.3115833491307669,1.2692511582762975,0.14,-0.37611159546643413,0.99,static_d
871,0.5472066283906684,1.333272386495936,0.37,-0.1838218586684844,0.99,static_d
872,0.32129245921213156,1.3063849107555292,0.5,0.015659955257270694,0.99,static_d
873,0.45175447914031547,1.212085568069555,0.4,-0.08757861635220125,0.99,static_d
874,0.39618963111695876,1.2693125425512637,0.16,-0.3264433357091946,0.99,static_d
875,0.3482094107821378,1.2728728197505412,0.16,-0.34212401995723457,0.99,static_d
876,0.5143872407471364,1.3636916839294533,0.4,-0.10723270440251573,0.99,static_d
877,0.30835169627464865,1.2690826772825972,0.14,-0.3632083696599825,0.99,static_d
878,0.5361514183429849,1.322620796934006,0.34,-0.1978094194961665,0.99,static_d
879,0.33201531851135135,1.3116838698385225,0.5,0.011185682326621923,0.99,static_d
880,0.4247491095065265,1.2211606663141978,0.4,-0.07955974842767295,0.99,static_d
881,0.42109616795369986,1.2671655513016584,0.17,-0.3108749174322945,0.99,static_d
882,0.33376929488023693,1.2716375880067072,0.14,-0.3718105201976169,0.99,static_d
883,0.5339555016487212,1.3557759404022869,0.4,-0.12358490566037736,0.99,static_d
884,0.3081414467716823,1.2930742239856303,0.49,-0.0029139072847682115,0.99,static_d
885,0.5174744587739387,1.2041240206767816,0.37,-0.11626145572975838,0.99,static_d
886,0.34599576929514114,1.2702255728963727,0.15,-0.34089306698002353,0.99,static_d
887,0.39951593282721165,1.2801790770294275,0.23,-0.29224447868515663,0.99,static_d
888,0.447924544780087,1.2661100167024988,0.18,-0.2993746584906806,0.99,static_d
889,0.3225963951556666,1.2705811347857123,0.15,-0.38542890716803757,0.99,static_d
890,0.5461895603937447,1.2385679998650985,0.29,-0.19917440660474717,0.99,static_d
891,0.31094968185545657,1.2985671129263552,0.48,-0.00017427675148135242,0.99,static_d
892,0.4934778220828466,1.3055047133485194,0.32,-0.25178214998574283,0.99,static_d
893,0.36327696670610565,1.328489004401692,0.51,-0.00834391438418284,0.99,static_d
894,0.37691803610463775,1.2448363239950795,0.46,-0.08242084712672948,0.99,static_d
895,0.47536650111446,1.263363049671195,0.22,-0.27290039992382403,0.99,static_d
896,0.31461001551409873,1.2817228063108619,0.48,0.0015684907633321716,0.99,static_d
897,0.5494286870026939,1.2266574842797753,0.34,-0.17604965315808688,0.99,static_d
898,0.31681427482349905,1.2694105525880808,0.15,-0.363807285546416,0.99,static_d
899,0.4666587352977385,1.2975622628406176,0.28,-0.2624779001767986,0.99,static_d
900,0.3837979829056791,1.336031069971312,0.5,-0.015659955257270694,0.99,static_d
901,0.3574129738737274,1.2733588123629627,0.2,-0.3312228429546865,0.99,static_d
902,0.5015475346127731,1.2609974683489167,0.24,-0.25025974025974024,0.99,static_d
903,0.3097256731723244,1.2851495784227664,0.48,0.007493900313698154,0.99,static_d
904,0.5432089495127981,1.2154113916141545,0.35,-0.14338507021433852,0.99,static_d
905,0.3258063422112762,1.2696648872474232,0.14,-0.3464690496948561,0.99,static_d
906,0.43923570800634026,1.2901243576635117,0.28,-0.28559771521827826,0.99,static_d
907,0.40730190549455314,1.2683289481872535,0.17,-0.32300486398847056,0.99,static_d
908,0.34118343753320673,1.2725662479010271,0.14,-0.3501888985759953,0.99,static_d
909,0.5241222665688182,1.360769395026254,0.4,-0.11367924528301886,0.99,static_d
910,0.30788147798747895,1.2902001095117268,0.49,-0.004150110375275938,0.99,static_d
911,0.5284121538812263,1.206136135490107,0.36,-0.13092922340266347,0.99,static_d
912,0.3380127397101107,1.2698657647825864,0.14,-0.3407730310956117,0.99,static_d
913,0.4129040738994815,1.2838761248457113,0.25,-0.29970443349753695,0.99,static_d
914,0.43321645065662684,1.3513182675579118,0.45,-0.05002094679514034,0.99,static_d
915,0.32824862445063585,1.2728039006149237,0.49,-0.025342163355408388,0.99,static_d
916,0.5405949161412715,1.2444061663875186,0.28,-0.2106623147014824,0.99,static_d
917,0.3090521399701411,1.2690423152083317,0.14,-0.3626271432723045,0.99,static_d
918,0.5069868304574239,1.2033261076068662,0.37,-0.09975005680527152,0.99,static_d
919,0.35350474688780104,1.2703310951273714,0.15,-0.3336075205640423,0.99,static_d
920,0.38879884712660284,1.2773816258680055,0.24,-0.2975324675324675,0.99,static_d
921,0.4605224978060832,1.2652275668806099,0.2,-0.29199255121042833,0.99,static_d
922,0.31854684186200183,1.2700650951598198,0.16,-0.37586124970301743,0.99,static_d
923,0.5488499149751729,1.3437876266515567,0.37,-0.16079678860864952,0.99,static_d
924,0.3132538325755179,1.3012418286010203,0.49,-8.830022075055188e-05,0.99,static_d
925,0.48139521299096505,1.2070751985047288,0.37,-0.10141634477012798,0.99,static_d
926,0.3722873562505173,1.2705340347966583,0.15,-0.3354876615746181,0.99,static_d
927,0.367580799588651,1.249397728379784,0.47,-0.0715514275885793,0.99,static_d
928,0.4876523337775889,1.261596148352485,0.23,-0.262326656394453,0.99,static_d
929,0.3119914075606234,1.2692544172164224,0.14,-0.3772740482417901,0.99,static_d
930,0.5477296993158112,1.3341615120090222,0.37,-0.18185260925547223,0.99,static_d
931,0.3205411327060681,1.306078266340898,0.5,0.01297539149888143,0.99,static_d
932,0.4540526173369579,1.2116453848091568,0.39,-0.0872670807453416,0.99,static_d
933,0.3942230337533941,1.2694849254026512,0.16,-0.32442385364694704,0.99,static_d
934,0.34956605745206476,1.2729803180878787,0.17,-0.341379931543866,0.99,static_d
935,0.5124913915559036,1.3635455371184804,0.4,-0.10613207547169812,0.99,static_d
936,0.30850576158742515,1.2691131895364567,0.14,-0.3599535018889857,0.99,static_d
937,0.5373952407305316,1.2108080738948845,0.35,-0.13954175905395416,0.99,static_d
938,0.33099526269076385,1.3108414488795581,0.5,0.01082774049217002,0.99,static_d
939,0.4269540340738473,1.2871124624267947,0.26,-0.293203109427945,0.99,static_d
940,0.4189265139630371,1.2673461827446872,0.17,-0.3159190536239717,0.99,static_d
941,0.33485026943012774,1.271758518279348,0.14,-0.3694856146469049,0.99,static_d
942,0.5325710091321599,1.2499785159558576,0.27,-0.22892861943809653,0.99,static_d
943,0.3080436492819739,1.2926344663341847,0.49,-0.003620309050772627,0.99,static_d
944,0.5192741278220488,1.2043521041491003,0.37,-0.11807922441869272,0.99,static_d
945,0.34470085313561827,1.3204099110541834,0.49,0.005916114790286976,0.99,static_d
946,0.40153309898343725,1.280778987553165,0.23,-0.29327170005136105,0.99,static_d
947,0.44563664008302106,1.266139095283766,0.18,-0.2930605306295914,0.99,static_d
948,0.32340704525362146,1.2759269414582526,0.48,-0.015510630881840364,0.99,static_d
949,0.5454953756586689,1.2395380577179882,0.29,-0.19931200550395597,0.99,static_d
950,0.31059865935535746,1.2688235380980273,0.14,-0.3580935774484161,0.99,static_d
951,0.49562550275047706,1.3061504402270925,0.32,-0.24736241802110068,0.99,static_d
952,0.3617065109275899,1.3277649703616525,0.51,-0.008706693270451659,0.99,static_d
953,0.3786926774357041,1.2439758172025048,0.46,-0.07834649011119599,0.99,static_d
954,0.4730913579421907,1.2636555864277956,0.21,-0.27550059632163704,0.99,static_d
955,0.3151577059285664,1.2696699938851002,0.14,-0.3759953501888985,0.99,static_d
956,0.5495229037291683,1.3396876424568211,0.36,-0.17492144246595842,0.99,static_d
957,0.3162054256952324,1.3038399760646628,0.5,0.011364653243847873,0.99,static_d
958,0.46895122820157065,1.2089604868839539,0.38,-0.09424123916877541,0.99,static_d
959,0.38196311830757246,1.2702185140283642,0.16,-0.33024471370871944,0.99,static_d
960,0.35891910226308565,1.2734010045729858,0.2,-0.32638112973308503,0.99,static_d
961,0.49946255217483293,1.3628371635319965,0.41,-0.1069182389937107,0.99,static_d
962,0.31001687160335967,1.284882455685155,0.48,0.007493900313698154,0.99,static_d
963,0.5440779194943873,1.2162941127566864,0.35,-0.14545454545454548,0.99,static_d
964,0.32493279864584385,1.2695770184204465,0.15,-0.34888366627497064,0.99,static_d
965,0.44150579479928154,1.2906084509332896,0.28,-0.28478172174622607,0.99,static_d
966,0.4052343833983406,1.3411770674771863,0.49,-0.028520971302428255,0.99,static_d
967,0.3424133988097576,1.2642852855190223,0.49,-0.05253863134657837,0.99,static_d
968,0.5224353033985764,1.2560728397739216,0.25,-0.23678160919540228,0.99,static_d
969,0.307920082911813,1.2691759588232827,0.13,-0.3532286815019263,0.99,static_d
970,0.5299349397973294,1.3187833322817604,0.34,-0.19605695509309967,0.99,static_d
971,0.33686729359519907,1.3154679837260916,0.49,0.012450331125827814,0.99,static_d
972,0.4150320610341837,1.2260891138537775,0.42,-0.08828509231637507,0.99,static_d
973,0.43097944116617415,1.2662881004987185,0.18,-0.30277457349280557,0.99,static_d
974,0.329204863704905,1.2711383690619775,0.14,-0.3807614065678581,0.99,static_d
975,0.5395083406007519,1.3526084870090176,0.39,-0.12888198757763975,0.99,static_d
976,0.30883869133987274,1.2952138571126666,0.51,0.0043533466352258295,0.99,static_d
977,0.5089724482284911,1.20336851468819,0.37,-0.10126486404605013,0.99,static_d
978,0.35208312420810034,1.2703197356352436,0.15,-0.3332549941245594,0.99,static_d
979,0.39070968630425873,1.2778033593356275,0.24,-0.29597402597402594,0.99,static_d
980,0.4582212346984896,1.3579127315646966,0.46,-0.07512095747389864,0.99,static_d
981,0.31923609092168953,1.2785982509967015,0.48,-0.004531195538515163,0.99,static_d
982,0.5485111878865672,1.2342402921640285,0.31,-0.19329388560157792,0.99,static_d
983,0.3127854124136225,1.2689865446249584,0.14,-0.37029933158965406,0.99,static_d
984,0.4836327896987378,1.2067104439998269,0.37,-0.10232522911459516,0.99,static_d
985,0.3705933539307799,1.270552753524176,0.15,-0.336662749706228,0.99,static_d
986,0.3692343053587028,1.2485394480614147,0.47,-0.07533539731682147,0.99,static_d
987,0.4854398671364057,1.2618814968388596,0.23,-0.2614278376990241,0.99,static_d
988,0.3124208967031538,1.2692806163374482,0.14,-0.3793664632374309,0.99,static_d
989,0.5481876243406505,1.3350093824904505,0.37,-0.1820040899795501,0.99,static_d
990,0.3198119300741211,1.3057614149402883,0.5,0.012259507829977628,0.99,static_d
991,0.4563527984997518,1.2111837520492885,0.39,-0.08680124223602484,0.99,static_d
992,0.3922759925826101,1.2696548685336573,0.16,-0.31967213114754106,0.99,static_d
993,0.3509458226356139,1.2730678689460495,0.17,-0.33573530294841775,0.99,static_d
994,0.5105622594099669,1.3633772199007466,0.4,-0.10440251572327044,0.99,static_d
995,0.3086809290877534,1.2867748673042574,0.47,0.0010319917440660476,0.99,static_d
996,0.5385841639017879,1.2116351697538552,0.34,-0.14333698430083974,0.99,static_d
997,0.32999794438072216,1.2699429486315328,0.14,-0.3484452194129613,0.99,static_d
998,0.42917099356758726,1.2876555140820096,0.26,-0.2893495448807388,0.99,static_d
999,0.4167711744802605,1.267519555400613,0.17,-0.3172401369122681,0.99,static_d
1000,0.33595413818924386,1.2719522969195869,0.14,-0.3671607090961929,0.99,static_d
1001,0.5311361389384935,1.3572836344282893,0.4,-0.11933962264150944,0.99,static_d
1002,0.3079669085117791,1.2692511349749558,0.13,-0.361968834454603,0.99,static_d
1003,0.5210350445774083,1.3143871846159625,0.33,-0.19919197749080156,0.99,static_d
1,0.6144925955192099,0.4959915650987119,0.46,-0.10890416772769712,0.99,dynamic_safe
2,0.27307064083679516,0.2387655609674225,0.8,0.41456582633053213,0.99,dynamic_safe
3,0.12783888898445842,0.13495055324088012,0.93,0.6977605360606595,0.99,dynamic_safe
4,0.08240570554089126,0.1114007755101244,0.94,0.8113207547169812,0.99,dynamic_safe
5,0.09472031288900327,0.10011507294539573,0.96,0.8114264376400299,0.99,dynamic_safe
6,0.10492162605168827,0.09795715469255559,0.94,0.7944294699011681,0.99,dynamic_safe
7,0.1441828750677361,0.11908194810155195,0.9,0.7257714762301917,0.99,dynamic_safe
8,0.13666999169969163,0.13955917387351538,0.9,0.6697247706422017,0.99,dynamic_safe
9,0.13862010280270606,0.1702093756832942,0.9,0.6767306088407005,0.99,dynamic_safe
10,0.1870582572201017,0.17032249252210158,0.9,0.6680567139282734,0.99,dynamic_safe
11,0.21437541347020356,0.16929719559942025,0.88,0.6216216216216215,0.99,dynamic_safe
12,0.28815375615266775,0.21088060054735014,0.81,0.5208659735080473,0.99,dynamic_safe
13,0.01798287536139773,0.017302074365768968,0.99,0.9615841584158417,0.99,dynamic_safe
14,0.012485027101307295,0.011260778129150908,0.98,0.9662201514269072,0.99,dynamic_safe
15,0.006161623282827212,0.0068721649247401335,0.99,0.9833663366336636,0.99,dynamic_safe
16,0.004319633914998361,0.004836565506653759,1.0,0.9882828282828283,0.99,dynamic_safe
17,0.002713399519769291,0.0035942716906018773,1.0,0.993939393939394,0.99,dynamic_safe
18,0.0014497002689809312,0.002875968229026072,1.0,0.9963636363636366,0.99,dynamic_safe
19,0.0011632918510650712,0.0025318319727054735,1.0,0.9971717171717173,0.99,dynamic_safe
20,0.0007339146798643251,0.0024162081007159807,1.0,0.9975757575757578,0.99,dynamic_safe
21,0.0005957803168514548,0.002385505248501748,1.0,0.998787878787879,0.99,dynamic_safe
22,0.0005395788262104828,0.0023566727430019093,1.0,1.0,0.99,dynamic_safe
23,0.00048606585577859923,0.002328242897853234,1.0,0.9995959595959597,0.99,dynamic_safe
24,0.00047416268228130424,0.00230015524881738,1.0,1.0,0.99,dynamic_safe
25,0.0004628514585859364,0.0022717606831325265,1.0,0.9995959595959597,0.99,dynamic_safe
26,0.0004549667701376454,0.002243578740741708,1.0,0.9995959595959597,0.99,dynamic_safe
27,0.0004488207894114213,0.0022157245871475984,1.0,0.9995959595959597,0.99,dynamic_safe
28,0.00044248311018899223,0.002188213612424218,1.0,1.0,0.99,dynamic_safe
29,0.00043671972942214553,0.0021603155749635662,1.0,0.9995959595959597,0.99,dynamic_safe
30,0.0004311123596049286,0.00213259397848253,1.0,0.9995959595959597,0.99,dynamic_safe
31,0.00042558371585132916,0.0021051947236284192,1.0,0.9995959595959597,0.99,dynamic_safe
32,0.0004201074793206136,0.0020781420056571456,1.0,0.9995959595959597,0.99,dynamic_safe
33,0.0004145071996521869,0.0020506051333031433,1.0,0.9995959595959597,0.99,dynamic_safe
34,0.0004089587788503186,0.0020231953694316977,1.0,0.9995959595959597,0.99,dynamic_safe
35,0.00040349437671316664,0.0019961005237136746,1.0,0.9995959595959597,0.99,dynamic_safe
36,0.0003981008526979149,0.001969358629496487,1.0,0.9995959595959597,0.99,dynamic_safe
37,0.00039257618508250613,0.0019420144309563693,1.0,0.9995959595959597,0.99,dynamic_safe
38,0.00038705731929939406,0.0019147283751160128,1.0,0.9995959595959597,0.99,dynamic_safe
39,0.00038160284797901024,0.0018877440718321028,1.0,0.9995959595959597,0.99,dynamic_safe
40,0.00037622578573380294,0.0018611216462136337,1.0,0.9995959595959597,0.99,dynamic_safe
41,0.000370697053816016,0.0018337481491657772,1.0,0.9995959595959597,0.99,dynamic_safe
42,0.00036515681674652333,0.0018063320219155162,1.0,0.9995959595959597,0.99,dynamic_safe
43,0.00035967064539791104,0.0017791918796418189,1.0,0.9995959595959597,0.99,dynamic_safe
44,0.0003542602885475556,0.0017524237269675965,1.0,0.9995959595959597,0.99,dynamic_safe
45,0.0003486596922352406,0.0017247083088685702,1.0,0.9995959595959597,0.99,dynamic_safe
46,0.0003430188010992254,0.0016967943461403548,1.0,0.9995959595959597,0.99,dynamic_safe
47,0.00033742170150040466,0.0016691023785737795,1.0,0.9995959595959597,0.99,dynamic_safe
48,0.00033190022148796663,0.0016417885883047317,1.0,0.9995959595959597,0.99,dynamic_safe
49,0.000326131649290666,0.0016132512610940947,1.0,0.9995959595959597,0.99,dynamic_safe
50,0.0003202707490127569,0.001584255481376753,1.0,0.9995959595959597,0.99,dynamic_safe
51,0.00031443008726253176,0.0015553603768566635,1.0,0.9995959595959597,0.99,dynamic_safe
52,0.0003086618189814957,0.0015268270732730967,1.0,0.9995959595959597,0.99,dynamic_safe
53,0.00030255877125617755,0.0014966397347833554,1.0,0.9995959595959597,0.99,dynamic_safe
54,0.00029626545954475423,0.001465511231157682,1.0,0.9995959595959597,0.99,dynamic_safe
55,0.000289931564894897,0.0014341805263122555,1.0,0.9995959595959597,0.99,dynamic_safe
56,0.00028364769854729167,0.001403098622564571,1.0,0.9995959595959597,0.99,dynamic_safe
57,0.0002768677331766327,0.0013695655610140886,1.0,0.9995959595959597,0.99,dynamic_safe
58,0.00026968035353291736,0.0013340198751587585,1.0,0.9995959595959597,0.99,dynamic_safe
59,0.00026226728007255467,0.00129735675943077,1.0,0.9995959595959597,0.99,dynamic_safe
60,0.00025478614857571945,0.0012603557085493996,1.0,0.9995959595959597,0.99,dynamic_safe
61,0.00024650424463405215,0.0012193952855462278,1.0,0.9995959595959597,0.99,dynamic_safe
62,0.00023730510892849756,0.0011739036009687188,1.0,0.9995959595959597,0.99,dynamic_safe
63,0.00022726161565297156,0.0011242385028952672,1.0,0.9995959595959597,0.99,dynamic_safe
64,0.00021652002402299387,0.0010711168794399683,1.0,0.9995959595959597,0.99,dynamic_safe
65,0.00020525404929482068,0.0010153953167659833,1.0,0.9995959595959597,0.99,dynamic_safe
66,0.00019364106152357645,0.0009579619311219227,1.0,0.9995959595959597,0.99,dynamic_safe
67,0.00018185259161783662,0.0008996743048900226,1.0,0.9995959595959597,0.99,dynamic_safe
68,0.00017005081839494742,0.0008413218007393339,1.0,0.9995959595959597,0.99,dynamic_safe
69,0.000158382589472834,0.0007836034106458837,1.0,0.9995959595959597,0.99,dynamic_safe
70,0.0001469675368719998,0.0007271165897977508,1.0,0.9995959595959597,0.99,dynamic_safe
71,0.00013589537722839696,0.0006723540861385855,1.0,0.9995959595959597,0.99,dynamic_safe
72,0.0001252398890483551,0.0006197064976107323,1.0,1.0,0.99,dynamic_safe
73,0.00011507794966467209,0.0005694687898467262,1.0,1.0,0.99,dynamic_safe
74,0.00010546791809495707,0.0005218493893784026,1.0,0.9995959595959597,0.99,dynamic_safe
75,9.642289346447102e-05,0.0004769806790887399,1.0,0.9995959595959597,0.99,dynamic_safe
76,8.791363717434331e-05,0.00043492988592167404,1.0,1.0,0.99,dynamic_safe
77,7.994142746237755e-05,0.0003957096629541207,1.0,1.0,0.99,dynamic_safe
78,7.260556926006801e-05,0.0003592880862554939,1.0,1.0,0.99,dynamic_safe
79,6.588683488740452e-05,0.0003255979732143205,1.0,0.9995959595959597,0.99,dynamic_safe
80,5.977660410520003e-05,0.00029454526108328575,1.0,1.0,0.99,dynamic_safe
81,5.397481546069478e-05,0.0002660160638663715,1.0,1.0,0.99,dynamic_safe
82,4.875367416234679e-05,0.00023988238571936497,1.0,1.0,0.99,dynamic_safe
83,4.4603057645842364e-05,0.00021600700886266616,1.0,0.9995959595959597,0.99,dynamic_safe
84,4.085664688583152e-05,0.00019424801037859783,1.0,0.9995959595959597,0.99,dynamic_safe
85,3.964744944957679e-05,0.00017446260169998298,1.0,1.0,0.99,dynamic_safe
86,3.6168201028749884e-05,0.0001565729869606291,1.0,1.0,0.99,dynamic_safe
87,3.990506456446485e-05,0.0001409027364857987,1.0,1.0,0.99,dynamic_safe
88,4.301784617993897e-05,0.000125848211279928,1.0,0.9995959595959597,0.99,dynamic_safe
89,5.0477806512017555e-05,0.00011613308136373452,1.0,0.9995959595959597,0.99,dynamic_safe
90,6.996363367877992e-05,0.00011533898568507817,1.0,1.0,0.99,dynamic_safe
91,7.158823814060543e-05,0.00011835009007491585,1.0,1.0,0.99,dynamic_safe
92,0.0001190292459618648,0.0001325304999666793,1.0,1.0,0.99,dynamic_safe
93,0.00012537837749395807,0.00014510545855448944,1.0,0.9995959595959597,0.99,dynamic_safe
94,0.00019243608265199453,0.00018351094251200357,1.0,0.9991919191919193,0.99,dynamic_safe
95,3.078118388977033e-05,0.00015165346483879687,1.0,0.9995959595959597,0.99,dynamic_safe
96,3.039010069387297e-05,0.0001499074227994104,1.0,1.0,0.99,dynamic_safe
97,2.9965429469941786e-05,0.00014817848308921149,1.0,1.0,0.99,dynamic_safe
98,2.9586164056475084e-05,0.00014646922289323063,1.0,1.0,0.99,dynamic_safe
99,2.9241655587387444e-05,0.00014474992929818417,1.0,1.0,0.99,dynamic_safe
100,2.890511166041212e-05,0.0001430460353348921,1.0,1.0,0.99,dynamic_safe
101,2.8567021145134613e-05,0.00014136161643620075,1.0,1.0,0.99,dynamic_safe
102,2.8228030374064132e-05,0.00013969697075139322,1.0,1.0,0.99,dynamic_safe
103,2.7886637552718583e-05,0.00013801873284761458,1.0,1.0,0.99,dynamic_safe
104,2.755028746345969e-05,0.00013635453891682733,1.0,1.0,0.99,dynamic_safe
105,2.721871246002806e-05,0.00013470956116595352,1.0,1.0,0.99,dynamic_safe
106,2.6890689353400187e-05,0.00013308432307939654,1.0,1.0,0.99,dynamic_safe
107,2.6558569427170095e-05,0.00013144141180880192,1.0,1.0,0.99,dynamic_safe
108,2.6228848625450406e-05,0.00012981086522558162,1.0,1.0,0.99,dynamic_safe
109,2.5903162930759836e-05,0.00012819927755248578,1.0,1.0,0.99,dynamic_safe
110,2.5581596326874725e-05,0.0001266075171495157,1.0,1.0,0.99,dynamic_safe
111,2.5255491140607372e-05,0.00012499335099422013,1.0,1.0,0.99,dynamic_safe
112,2.493137465978774e-05,0.00012338940162592125,1.0,1.0,0.99,dynamic_safe
113,2.4611019947229915e-05,0.00012180411103034048,1.0,1.0,0.99,dynamic_safe
114,2.429472709838208e-05,0.00012023887106130319,1.0,1.0,0.99,dynamic_safe
115,2.3972802881448144e-05,0.00011864561434580783,1.0,1.0,0.99,dynamic_safe
116,2.3652354088660116e-05,0.0001170597103615474,1.0,1.0,0.99,dynamic_safe
117,2.3335589035460588e-05,0.00011549202860719297,1.0,1.0,0.99,dynamic_safe
118,2.3022937078659407e-05,0.00011394476994213882,1.0,1.0,0.99,dynamic_safe
119,2.2703257043142877e-05,0.00011236266244734807,1.0,1.0,0.99,dynamic_safe
120,2.2384250796273144e-05,0.00011078391844823515,1.0,1.0,0.99,dynamic_safe
121,2.206878309721305e-05,0.00010922263354735267,1.0,1.0,0.99,dynamic_safe
122,2.1757535378121696e-05,0.00010768228712440543,1.0,1.0,0.99,dynamic_safe
123,2.143751629834536e-05,0.00010609848468730861,1.0,1.0,0.99,dynamic_safe
124,2.111699059915563e-05,0.00010451221581219908,1.0,1.0,0.99,dynamic_safe
125,2.0799702297332856e-05,0.00010294191531527148,1.0,1.0,0.99,dynamic_safe
126,2.048675447739605e-05,0.00010139313810638139,1.0,1.0,0.99,dynamic_safe
127,2.0162741612639945e-05,9.978955324290543e-05,1.0,1.0,0.99,dynamic_safe
128,1.9836399123671455e-05,9.817448104432968e-05,1.0,1.0,0.99,dynamic_safe
129,1.9512661667594584e-05,9.657225362486011e-05,1.0,1.0,0.99,dynamic_safe
130,1.9193337772166828e-05,9.499190757302536e-05,1.0,1.0,0.99,dynamic_safe
131,1.8859719068142076e-05,9.334076924211353e-05,1.0,1.0,0.99,dynamic_safe
132,1.8520732960141442e-05,9.166310571874286e-05,1.0,1.0,0.99,dynamic_safe
133,1.8182932774592717e-05,8.999126770544574e-05,1.0,1.0,0.99,dynamic_safe
134,1.78493551167306e-05,8.834036370378936e-05,1.0,1.0,0.99,dynamic_safe
135,1.7496449636458888e-05,8.659375972233471e-05,1.0,1.0,0.99,dynamic_safe
136,1.713253452558719e-05,8.479270176477326e-05,1.0,1.0,0.99,dynamic_safe
137,1.6766264096059615e-05,8.297994564130717e-05,1.0,1.0,0.99,dynamic_safe
138,1.6402895758788e-05,8.118158588105634e-05,1.0,1.0,0.99,dynamic_safe
139,1.6010880637455005e-05,7.924140663283279e-05,1.0,1.0,0.99,dynamic_safe
140,1.5595331338430836e-05,7.718478152843412e-05,1.0,1.0,0.99,dynamic_safe
141,1.5166727332044802e-05,7.50635059082755e-05,1.0,1.0,0.99,dynamic_safe
142,1.4734167451184397e-05,7.292268055034406e-05,1.0,1.0,0.99,dynamic_safe
143,1.4255329736210763e-05,7.055277619540528e-05,1.0,1.0,0.99,dynamic_safe
144,1.3723517019034582e-05,6.792070742773584e-05,1.0,1.0,0.99,dynamic_safe
145,1.3142926593242839e-05,6.504718272367898e-05,1.0,1.0,0.99,dynamic_safe
146,1.2521928056171796e-05,6.197368426471653e-05,1.0,1.0,0.99,dynamic_safe
147,1.187054736134493e-05,5.874977636032285e-05,1.0,1.0,0.99,dynamic_safe
148,1.1199156623785948e-05,5.542684613242382e-05,1.0,1.0,0.99,dynamic_safe
149,1.0517792243876912e-05,5.205451252813227e-05,1.0,1.0,0.99,dynamic_safe
150,9.835671906809513e-06,4.867844650754865e-05,1.0,1.0,0.99,dynamic_safe
151,9.160974368114124e-06,4.533908944290906e-05,1.0,1.0,0.99,dynamic_safe
152,8.50067349267457e-06,4.2071005784569164e-05,1.0,1.0,0.99,dynamic_safe
153,7.860537265867232e-06,3.890269910027261e-05,1.0,1.0,0.99,dynamic_safe
154,7.245124662937749e-06,3.585676224531919e-05,1.0,1.0,0.99,dynamic_safe
155,6.657888146345994e-06,3.2950257328895166e-05,1.0,1.0,0.99,dynamic_safe
156,6.101252407208322e-06,3.0195240756638013e-05,1.0,1.0,0.99,dynamic_safe
157,5.576768484636243e-06,2.7599366170080955e-05,1.0,1.0,0.99,dynamic_safe
158,5.085221959402284e-06,2.5166514069779552e-05,1.0,1.0,0.99,dynamic_safe
159,4.6267699857832185e-06,2.289741100095593e-05,1.0,1.0,0.99,dynamic_safe
160,4.201026541495833e-06,2.0790213088576856e-05,1.0,1.0,0.99,dynamic_safe
161,3.807195703133044e-06,1.8841038316682995e-05,1.0,1.0,0.99,dynamic_safe
162,3.4441788057442917e-06,1.70444393482122e-05,1.0,1.0,0.99,dynamic_safe
163,3.1106756724073483e-06,1.5393814149430378e-05,1.0,1.0,0.99,dynamic_safe
164,2.805195835647066e-06,1.3881755532941059e-05,1.0,1.0,0.99,dynamic_safe
165,2.5260954365358405e-06,1.2500343226508527e-05,1.0,1.0,0.99,dynamic_safe
166,2.2716712172367303e-06,1.1241383484817585e-05,1.0,1.0,0.99,dynamic_safe
167,2.0403073554751197e-06,1.009660193721118e-05,1.0,1.0,0.99,dynamic_safe
168,1.8304552520533412e-06,9.057795620685911e-06,1.0,1.0,0.99,dynamic_safe
169,1.6404748882214049e-06,8.116950127424372e-06,1.0,1.0,0.99,dynamic_safe
170,1.4686021947338367e-06,7.2663273952799695e-06,1.0,1.0,0.99,dynamic_safe
171,1.313242517245143e-06,6.498528917562514e-06,1.0,1.0,0.99,dynamic_safe
172,1.1733080197513534e-06,5.806538490321227e-06,1.0,1.0,0.99,dynamic_safe
173,1.0477693720498295e-06,5.183748430233152e-06,1.0,1.0,0.99,dynamic_safe
174,9.351351378861537e-07,4.623973076707654e-06,1.0,1.0,0.99,dynamic_safe
175,8.334897164629701e-07,4.121452526515599e-06,1.0,1.0,0.99,dynamic_safe
176,7.41665566786902e-07,3.6708481354434254e-06,1.0,1.0,0.99,dynamic_safe
177,6.607756662128142e-07,3.2672309497236704e-06,1.0,1.0,0.99,dynamic_safe
178,5.894151416049452e-07,2.906065581434181e-06,1.0,1.0,0.99,dynamic_safe
179,5.279780312519181e-07,2.5831927722278626e-06,1.0,1.0,0.99,dynamic_safe
180,4.701384417047031e-07,2.2948113271556547e-06,1.0,1.0,0.99,dynamic_safe
181,4.212632453037603e-07,2.0374566762235984e-06,1.0,1.0,0.99,dynamic_safe
182,3.927657734899164e-07,1.8079750877491331e-06,1.0,1.0,0.99,dynamic_safe
183,3.6424721399999375e-07,1.603519202220087e-06,1.0,1.0,0.99,dynamic_safe
184,3.9606218101190154e-07,1.4217993150792703e-06,1.0,1.0,0.99,dynamic_safe
185,3.7323378241224863e-07,1.272034632191394e-06,1.0,1.0,0.99,dynamic_safe
186,4.860980182038537e-07,1.157384757839301e-06,1.0,1.0,0.99,dynamic_safe
187,5.717160640881972e-07,1.0602208648114913e-06,1.0,1.0,0.99,dynamic_safe
188,6.992947437074759e-07,1.102648039038316e-06,1.0,1.0,0.99,dynamic_safe
189,1.0376818893350128e-06,1.2173948549852456e-06,1.0,1.0,0.99,dynamic_safe
190,1.0662760557592299e-06,1.348960600594321e-06,1.0,1.0,0.99,dynamic_safe
191,1.803013332710656e-06,1.6611510161578688e-06,1.0,1.0,0.99,dynamic_safe
192,3.14255530523078e-07,1.5537396089928435e-06,1.0,1.0,0.99,dynamic_safe
193,3.1055482201832636e-07,1.535851676579067e-06,1.0,1.0,0.99,dynamic_safe
194,3.0705496405844913e-07,1.5181384049520768e-06,1.0,1.0,0.99,dynamic_safe
195,3.0355377080496977e-07,1.5006262968809898e-06,1.0,1.0,0.99,dynamic_safe
196,2.9986905626894415e-07,1.483011380844919e-06,1.0,1.0,0.99,dynamic_safe
197,2.9623847619927587e-07,1.4655543996435276e-06,1.0,1.0,0.99,dynamic_safe
198,2.92746748474543e-07,1.4482970271849535e-06,1.0,1.0,0.99,dynamic_safe
199,2.8932896926074594e-07,1.431242214381634e-06,1.0,1.0,0.99,dynamic_safe
200,2.858679357107442e-07,1.4140481053502344e-06,1.0,1.0,0.99,dynamic_safe
201,2.82416152403476e-07,1.396997870852002e-06,1.0,1.0,0.99,dynamic_safe
202,2.790009007934983e-07,1.3801445235992533e-06,1.0,1.0,0.99,dynamic_safe
203,2.7563342230784535e-07,1.3634934246579773e-06,1.0,1.0,0.99,dynamic_safe
204,2.7223346479877866e-07,1.346661258500849e-06,1.0,1.0,0.99,dynamic_safe
205,2.688586061466772e-07,1.329955769240127e-06,1.0,1.0,0.99,dynamic_safe
206,2.655207784884701e-07,1.31344451819817e-06,1.0,1.0,0.99,dynamic_safe
207,2.622234442140243e-07,1.297136404757949e-06,1.0,1.0,0.99,dynamic_safe
208,2.5888014902541513e-07,1.2805987387508366e-06,1.0,1.0,0.99,dynamic_safe
209,2.5555870948341967e-07,1.2641657475858944e-06,1.0,1.0,0.99,dynamic_safe
210,2.522758036279068e-07,1.2479239212298333e-06,1.0,1.0,0.99,dynamic_safe
211,2.490342800934999e-07,1.2318875196991547e-06,1.0,1.0,0.99,dynamic_safe
212,2.4573449256378556e-07,1.2155640780190915e-06,1.0,1.0,0.99,dynamic_safe
213,2.4245010204585307e-07,1.1993159679518936e-06,1.0,1.0,0.99,dynamic_safe
214,2.3920342313213e-07,1.1832545506876534e-06,1.0,1.0,0.99,dynamic_safe
215,2.3599915896958044e-07,1.167402374319596e-06,1.0,1.0,0.99,dynamic_safe
216,2.327225723853542e-07,1.1511931612444903e-06,1.0,1.0,0.99,dynamic_safe
217,2.2945303037582898e-07,1.1350184086446903e-06,1.0,1.0,0.99,dynamic_safe
218,2.2621954468394923e-07,1.1190225301923603e-06,1.0,1.0,0.99,dynamic_safe
219,2.2302954109956908e-07,1.1032411731051761e-06,1.0,1.0,0.99,dynamic_safe
220,2.1974943670994303e-07,1.0870145958282233e-06,1.0,1.0,0.99,dynamic_safe
221,2.1646431413632103e-07,1.0707627496217369e-06,1.0,1.0,0.99,dynamic_safe
222,2.1321215172208856e-07,1.0546745047543312e-06,1.0,1.0,0.99,dynamic_safe
223,2.1000466094926013e-07,1.0388067729692976e-06,1.0,1.0,0.99,dynamic_safe
224,2.0668356622684285e-07,1.0223775196785945e-06,1.0,1.0,0.99,dynamic_safe
225,2.0333877390559327e-07,1.0058305759513216e-06,1.0,1.0,0.99,dynamic_safe
226,2.0002048221069928e-07,9.89415231518756e-07,1.0,1.0,0.99,dynamic_safe
227,1.967475934101017e-07,9.732240686867285e-07,1.0,1.0,0.99,dynamic_safe
228,1.9332799744896678e-07,9.563076170505404e-07,1.0,1.0,0.99,dynamic_safe
229,1.898535539578233e-07,9.391194077442419e-07,1.0,1.0,0.99,dynamic_safe
230,1.8639108275376898e-07,9.219908833208619e-07,1.0,1.0,0.99,dynamic_safe
231,1.8297204646316493e-07,9.050768346614502e-07,1.0,1.0,0.99,dynamic_safe
232,1.7935472152453953e-07,8.87182310591684e-07,1.0,1.0,0.99,dynamic_safe
233,1.7562469865265887e-07,8.687298905919393e-07,1.0,1.0,0.99,dynamic_safe
234,1.7187036226476183e-07,8.501576211841554e-07,1.0,1.0,0.99,dynamic_safe
235,1.6814591475934276e-07,8.317328474293604e-07,1.0,1.0,0.99,dynamic_safe
236,1.6412766732233752e-07,8.118550911006509e-07,1.0,1.0,0.99,dynamic_safe
237,1.5986832334810197e-07,7.907843155876114e-07,1.0,1.0,0.99,dynamic_safe
238,1.5547500378363128e-07,7.690511808384723e-07,1.0,1.0,0.99,dynamic_safe
239,1.5104126023818103e-07,7.47117757113183e-07,1.0,1.0,0.99,dynamic_safe
240,1.461330014052222e-07,7.228373561118241e-07,1.0,1.0,0.99,dynamic_safe
241,1.4068184013793274e-07,6.958710158653237e-07,1.0,1.0,0.99,dynamic_safe
242,1.3473053067579966e-07,6.664309091504765e-07,1.0,1.0,0.99,dynamic_safe
243,1.2836511328010396e-07,6.349420385162156e-07,1.0,1.0,0.99,dynamic_safe
244,1.216881153916735e-07,6.019122076855038e-07,1.0,1.0,0.99,dynamic_safe
245,1.1480607198202435e-07,5.678678923708972e-07,1.0,1.0,0.99,dynamic_safe
246,1.0782162965119712e-07,5.333174501617511e-07,1.0,1.0,0.99,dynamic_safe
247,1.0082947967473351e-07,4.987287871339256e-07,1.0,1.0,0.99,dynamic_safe
248,9.391328994022679e-08,4.64516229577512e-07,1.0,1.0,0.99,dynamic_safe
249,8.714473494229e-08,4.3103389258320114e-07,1.0,1.0,0.99,dynamic_safe
250,8.05827452034617e-08,3.9857379453269764e-07,1.0,1.0,0.99,dynamic_safe
251,7.42741777309888e-08,3.6736739879748297e-07,1.0,1.0,0.99,dynamic_safe
252,6.825431975255161e-08,3.375895047352483e-07,1.0,1.0,0.99,dynamic_safe
253,6.254824261425155e-08,3.0936362894936865e-07,1.0,1.0,0.99,dynamic_safe
254,5.7171722039280135e-08,2.8276818118599716e-07,1.0,1.0,0.99,dynamic_safe
255,5.2132783913375e-08,2.578429163363277e-07,1.0,1.0,0.99,dynamic_safe
256,4.7432870262701846e-08,2.3459527747808315e-07,1.0,1.0,0.99,dynamic_safe
257,4.3068321685756615e-08,2.1300637401333987e-07,1.0,1.0,0.99,dynamic_safe
258,3.903115342378342e-08,1.930364353195396e-07,1.0,1.0,0.99,dynamic_safe
259,3.530999478080321e-08,1.746296537328604e-07,1.0,1.0,0.99,dynamic_safe
260,3.189089707084258e-08,1.5771839258409952e-07,1.0,1.0,0.99,dynamic_safe
261,2.8758627998916387e-08,1.4222676655312098e-07,1.0,1.0,0.99,dynamic_safe
262,2.5897228278991662e-08,1.2807363380816266e-07,1.0,1.0,0.99,dynamic_safe
263,2.3289917574269166e-08,1.1517505004807684e-07,1.0,1.0,0.99,dynamic_safe
264,2.091884224092194e-08,1.0344624436776918e-07,1.0,1.0,0.99,dynamic_safe
265,1.876630105527508e-08,9.28031785847895e-08,1.0,1.0,0.99,dynamic_safe
266,1.6816468895842993e-08,8.316374756820855e-08,1.0,1.0,0.99,dynamic_safe
267,1.505506750881796e-08,7.44486752523948e-08,1.0,1.0,0.99,dynamic_safe
268,1.3466489036304653e-08,6.658216148340965e-08,1.0,1.0,0.99,dynamic_safe
269,1.203326114389789e-08,5.9492322931564206e-08,1.0,1.0,0.99,dynamic_safe
270,1.073981229984381e-08,5.3111466513353054e-08,1.0,1.0,0.99,dynamic_safe
271,9.578725193085865e-09,4.737622588096192e-08,1.0,1.0,0.99,dynamic_safe
272,8.54249995071363e-09,4.222758864516034e-08,1.0,1.0,0.99,dynamic_safe
273,7.617347136511376e-09,3.7610848090434144e-08,1.0,1.0,0.99,dynamic_safe
274,6.782218948631813e-09,3.347550135646592e-08,1.0,1.0,0.99,dynamic_safe
275,6.023246594920863e-09,2.9775099619353564e-08,1.0,1.0,0.99,dynamic_safe
276,5.3749010567013095e-09,2.646704924673719e-08,1.0,1.0,0.99,dynamic_safe
277,4.805023829442234e-09,2.351238817717167e-08,1.0,1.0,0.99,dynamic_safe
278,4.365474055778752e-09,2.087557706859263e-08,1.0,1.0,0.99,dynamic_safe
279,3.932468806963609e-09,1.8524307587729153e-08,1.0,1.0,0.99,dynamic_safe
280,3.6223020528610838e-09,1.6430543048916053e-08,1.0,1.0,0.99,dynamic_safe
281,3.7082830444814195e-09,1.45703424221748e-08,1.0,1.0,0.99,dynamic_safe
282,3.597787178052141e-09,1.290960851672359e-08,1.0,1.0,0.99,dynamic_safe
283,4.736954909683611e-09,1.160089371888849e-08,1.0,1.0,0.99,dynamic_safe
284,4.7119131631342135e-09,1.0971301274651657e-08,1.0,1.0,0.99,dynamic_safe
285,6.84210938576356e-09,1.0765617821634736e-08,1.0,1.0,0.99,dynamic_safe
286,8.457505688448896e-09,1.0882183024743136e-08,1.0,1.0,0.99,dynamic_safe
287,1.0332814921821133e-08,1.2694097196601405e-08,1.0,1.0,0.99,dynamic_safe
288,1.5848086166642918e-08,1.520323981458637e-08,1.0,1.0,0.99,dynamic_safe
289,1.6248571114934084e-08,1.77181508083581e-08,1.0,1.0,0.99,dynamic_safe
290,2.7558714798035768e-08,2.3021921766783177e-08,1.0,1.0,0.99,dynamic_safe
291,2.5427060099199922e-09,1.2503686082914695e-08,1.0,1.0,0.99,dynamic_safe
292,2.507573336847981e-09,1.2359735653222734e-08,1.0,1.0,0.99,dynamic_safe
293,2.4753543801152277e-09,1.2217188621307723e-08,1.0,1.0,0.99,dynamic_safe
294,2.4465777393975676e-09,1.2076259088593527e-08,1.0,1.0,0.99,dynamic_safe
295,2.4157877740290534e-09,1.1934502203253021e-08,1.0,1.0,0.99,dynamic_safe
296,2.385561232608057e-09,1.1794016958895438e-08,1.0,1.0,0.99,dynamic_safe
297,2.3573554676800695e-09,1.1655138328653791e-08,1.0,1.0,0.99,dynamic_safe
298,2.330012486281062e-09,1.1517889593272681e-08,1.0,1.0,0.99,dynamic_safe
299,2.3022465842295867e-09,1.1379519653294002e-08,1.0,1.0,0.99,dynamic_safe
300,2.274414601415513e-09,1.12423076399472e-08,1.0,1.0,0.99,dynamic_safe
301,2.246848169048971e-09,1.1106680206223166e-08,1.0,1.0,0.99,dynamic_safe
302,2.219712222740995e-09,1.0972680280351368e-08,1.0,1.0,0.99,dynamic_safe
303,2.1923495966044902e-09,1.0837223349295206e-08,1.0,1.0,0.99,dynamic_safe
304,2.1651844804276034e-09,1.0702785652444916e-08,1.0,1.0,0.99,dynamic_safe
305,2.1383046240200203e-09,1.0569911225498133e-08,1.0,1.0,0.99,dynamic_safe
306,2.1117431007221206e-09,1.0438671513435085e-08,1.0,1.0,0.99,dynamic_safe
307,2.084817138199528e-09,1.0305584412417443e-08,1.0,1.0,0.99,dynamic_safe
308,2.0580695842591826e-09,1.017333975189874e-08,1.0,1.0,0.99,dynamic_safe
309,2.0316346108318434e-09,1.0042633329144164e-08,1.0,1.0,0.99,dynamic_safe
310,2.0055291825476917e-09,9.913580338867631e-09,1.0,1.0,0.99,dynamic_safe
311,1.978955447754364e-09,9.782217285292205e-09,1.0,1.0,0.99,dynamic_safe
312,1.9525042217339275e-09,9.651460459567664e-09,1.0,1.0,0.99,dynamic_safe
313,1.926359169529113e-09,9.522205925529661e-09,1.0,1.0,0.99,dynamic_safe
314,1.9005540253388517e-09,9.394635364591341e-09,1.0,1.0,0.99,dynamic_safe
315,1.8741679595810814e-09,9.264191534393378e-09,1.0,1.0,0.99,dynamic_safe
316,1.8478366655978483e-09,9.134024950602434e-09,1.0,1.0,0.99,dynamic_safe
317,1.8217975221425996e-09,9.005298036989706e-09,1.0,1.0,0.99,dynamic_safe
318,1.7961069720619123e-09,8.878297347111111e-09,1.0,1.0,0.99,dynamic_safe
319,1.7696925383271935e-09,8.747713779516147e-09,1.0,1.0,0.99,dynamic_safe
320,1.7432359695070164e-09,8.616926939961779e-09,1.0,1.0,0.99,dynamic_safe
321,1.7170464278368739e-09,8.487456461822931e-09,1.0,1.0,0.99,dynamic_safe
322,1.6912150293912566e-09,8.359760885248883e-09,1.0,1.0,0.99,dynamic_safe
323,1.6644703714869729e-09,8.227546117933198e-09,1.0,1.0,0.99,dynamic_safe
324,1.6375333170686406e-09,8.094384327002929e-09,1.0,1.0,0.99,dynamic_safe
325,1.6108112109176228e-09,7.962281749087605e-09,1.0,1.0,0.99,dynamic_safe
326,1.5844532292183161e-09,7.831983190580539e-09,1.0,1.0,0.99,dynamic_safe
327,1.5569152170059648e-09,7.695847860924095e-09,1.0,1.0,0.99,dynamic_safe
328,1.528934098205988e-09,7.557525573514697e-09,1.0,1.0,0.99,dynamic_safe
329,1.501050814058831e-09,7.419683581785914e-09,1.0,1.0,0.99,dynamic_safe
330,1.4735159061309732e-09,7.283567510743204e-09,1.0,1.0,0.99,dynamic_safe
331,1.44438551914623e-09,7.13956118396639e-09,1.0,1.0,0.99,dynamic_safe
332,1.4143462079838352e-09,6.991065204452773e-09,1.0,1.0,0.99,dynamic_safe
333,1.384112385378883e-09,6.8416045105442605e-09,1.0,1.0,0.99,dynamic_safe
334,1.35411801515806e-09,6.693330975089531e-09,1.0,1.0,0.99,dynamic_safe
335,1.3217588494099502e-09,6.5333644595663744e-09,1.0,1.0,0.99,dynamic_safe
336,1.287456834719276e-09,6.3637972189278626e-09,1.0,1.0,0.99,dynamic_safe
337,1.2520770637055134e-09,6.188899633337236e-09,1.0,1.0,0.99,dynamic_safe
338,1.2163706407691733e-09,6.012390120325133e-09,1.0,1.0,0.99,dynamic_safe
339,1.1768439655035082e-09,5.816993316704063e-09,1.0,1.0,0.99,dynamic_safe
340,1.1329440386403056e-09,5.59998132284516e-09,1.0,1.0,0.99,dynamic_safe
341,1.0850173606777755e-09,5.363061784145545e-09,1.0,1.0,0.99,dynamic_safe
342,1.0337547790807402e-09,5.109654713716565e-09,1.0,1.0,0.99,dynamic_safe
343,9.799839754867943e-10,4.843846720001256e-09,1.0,1.0,0.99,dynamic_safe
344,9.245609550636498e-10,4.5698749141227346e-09,1.0,1.0,0.99,dynamic_safe
345,8.683141108415835e-10,4.291829823241497e-09,1.0,1.0,0.99,dynamic_safe
346,8.120043097373403e-10,4.013477246207021e-09,1.0,1.0,0.99,dynamic_safe
347,7.563070616131794e-10,3.738151295783556e-09,1.0,1.0,0.99,dynamic_safe
348,7.017981610673412e-10,3.4687017186734852e-09,1.0,1.0,0.99,dynamic_safe
349,6.489533703892496e-10,3.207478704815742e-09,1.0,1.0,0.99,dynamic_safe
350,5.981485887251948e-10,2.956344975847859e-09,1.0,1.0,0.99,dynamic_safe
351,5.496693912453008e-10,2.7167070778005384e-09,1.0,1.0,0.99,dynamic_safe
352,5.03716872644324e-10,2.4895589412009906e-09,1.0,1.0,0.99,dynamic_safe
353,4.6041905525714706e-10,2.2755318409642004e-09,1.0,1.0,0.99,dynamic_safe
354,4.1983934089310693e-10,2.074945442376095e-09,1.0,1.0,0.99,dynamic_safe
355,3.819894943572783e-10,1.8878598094492895e-09,1.0,1.0,0.99,dynamic_safe
356,3.4683967096457825e-10,1.714122821722442e-09,1.0,1.0,0.99,dynamic_safe
357,3.143279542191326e-10,1.55341450273259e-09,1.0,1.0,0.99,dynamic_safe
358,2.8436252926575126e-10,1.405285744258317e-09,1.0,1.0,0.99,dynamic_safe
359,2.568281830382119e-10,1.2691920844512409e-09,1.0,1.0,0.99,dynamic_safe
360,2.31599407569609e-10,1.1445232389476948e-09,1.0,1.0,0.99,dynamic_safe
361,2.0855345099763318e-10,1.030625694654361e-09,1.0,1.0,0.99,dynamic_safe
362,1.875612963873469e-10,9.268241976129611e-10,1.0,1.0,0.99,dynamic_safe
363,1.6847420935369905e-10,8.324364186752407e-10,1.0,1.0,0.99,dynamic_safe
364,1.511342643198558e-10,7.467861418559342e-10,1.0,1.0,0.99,dynamic_safe
365,1.3541719143372145e-10,6.692127381785915e-10,1.0,1.0,0.99,dynamic_safe
366,1.2123460126986973e-10,5.990781012965471e-10,1.0,1.0,0.99,dynamic_safe
367,1.0846767854609575e-10,5.357722232151969e-10,1.0,1.0,0.99,dynamic_safe
368,9.694964779699926e-11,4.787165989722706e-10,1.0,1.0,0.99,dynamic_safe
369,8.650119029537941e-11,4.2736662180814256e-10,1.0,1.0,0.99,dynamic_safe
370,7.713348683304983e-11,3.812122111628355e-10,1.0,1.0,0.99,dynamic_safe
371,6.885311119211825e-11,3.397785442499067e-10,1.0,1.0,0.99,dynamic_safe
372,6.154388545718518e-11,3.0262514754076714e-10,1.0,1.0,0.99,dynamic_safe
373,5.505148016376891e-11,2.6934586073274706e-10,1.0,1.0,0.99,dynamic_safe
374,4.8837349650487135e-11,2.395668903656389e-10,1.0,1.0,0.99,dynamic_safe
375,4.4402831228011356e-11,2.1294527267712662e-10,1.0,1.0,0.99,dynamic_safe
376,4.0437806455809416e-11,1.8916775885745226e-10,1.0,1.0,0.99,dynamic_safe
377,3.9264563221094747e-11,1.679480159180803e-10,1.0,1.0,0.99,dynamic_safe
378,3.9287718776461945e-11,1.4910558691669349e-10,1.0,1.0,0.99,dynamic_safe
379,3.8574606755198585e-11,1.334373363587576e-10,1.0,1.0,0.99,dynamic_safe
380,5.170799636661934e-11,1.1921510184145957e-10,1.0,1.0,0.99,dynamic_safe
381,5.215144758360084e-11,1.1151664130141522e-10,1.0,1.0,0.99,dynamic_safe
382,8.14760888413816e-11,1.150381644064781e-10,1.0,1.0,0.99,dynamic_safe
383,9.113934773141892e-11,1.2497683312570032e-10,1.0,1.0,0.99,dynamic_safe
384,1.2394338377411815e-10,1.4213600020897152e-10,1.0,1.0,0.99,dynamic_safe
385,1.7481250038393243e-10,1.6663044385530827e-10,1.0,1.0,0.99,dynamic_safe
386,1.9105975753527896e-10,2.0182402430927738e-10,1.0,1.0,0.99,dynamic_safe
387,3.181300413486696e-10,2.6142739280365977e-10,1.0,1.0,0.99,dynamic_safe
388,2.6366812212812666e-11,1.2806371869141816e-10,1.0,1.0,0.99,dynamic_safe
389,2.5859182630863083e-11,1.2658861264760112e-10,1.0,1.0,0.99,dynamic_safe
390,2.536085313717404e-11,1.251281588676969e-10,1.0,1.0,0.99,dynamic_safe
391,2.5037862264189763e-11,1.236840851041003e-10,1.0,1.0,0.99,dynamic_safe
392,2.4754365361769087e-11,1.2223192870139925e-10,1.0,1.0,0.99,dynamic_safe
393,2.4471356439548295e-11,1.2079231745888746e-10,1.0,1.0,0.99,dynamic_safe
394,2.418109780202084e-11,1.1936939573344002e-10,1.0,1.0,0.99,dynamic_safe
395,2.3889802124102738e-11,1.1796321654423725e-10,1.0,1.0,0.99,dynamic_safe
396,2.36004447092948e-11,1.1654538014964821e-10,1.0,1.0,0.99,dynamic_safe
397,2.3317114754052384e-11,1.1513965111610526e-10,1.0,1.0,0.99,dynamic_safe
398,2.3037206754127806e-11,1.1375004957547846e-10,1.0,1.0,0.99,dynamic_safe
399,2.275944238708665e-11,1.123770392308726e-10,1.0,1.0,0.99,dynamic_safe
400,2.247799868531323e-11,1.1098904357323424e-10,1.0,1.0,0.99,dynamic_safe
401,2.2198876655556684e-11,1.0961166387185041e-10,1.0,1.0,0.99,dynamic_safe
402,2.1923387947663634e-11,1.0825017412061599e-10,1.0,1.0,0.99,dynamic_safe
403,2.165136740713759e-11,1.0690555629922627e-10,1.0,1.0,0.99,dynamic_safe
404,2.1375378166198643e-11,1.0554202637765882e-10,1.0,1.0,0.99,dynamic_safe
405,2.1101074216902663e-11,1.041870553852102e-10,1.0,1.0,0.99,dynamic_safe
406,2.082993836729497e-11,1.0284786432603662e-10,1.0,1.0,0.99,dynamic_safe
407,2.056229976131054e-11,1.0152556828767293e-10,1.0,1.0,0.99,dynamic_safe
408,2.0289868316490618e-11,1.0017964974300765e-10,1.0,1.0,0.99,dynamic_safe
409,2.001871410351956e-11,9.883985077675816e-11,1.0,1.0,0.99,dynamic_safe
410,1.9750606243090417e-11,9.751546406541604e-11,1.0,1.0,0.99,dynamic_safe
411,1.9486027807684673e-11,9.620855678018356e-11,1.0,1.0,0.99,dynamic_safe
412,1.9215507705965278e-11,9.487182635680396e-11,1.0,1.0,0.99,dynamic_safe
413,1.89455513784033e-11,9.353823844598745e-11,1.0,1.0,0.99,dynamic_safe
414,1.8678559049805494e-11,9.221940412709414e-11,1.0,1.0,0.99,dynamic_safe
415,1.8415170836948294e-11,9.091812871734115e-11,1.0,1.0,0.99,dynamic_safe
416,1.814434488916306e-11,8.958009073597713e-11,1.0,1.0,0.99,dynamic_safe
417,1.787308962109355e-11,8.82400611175739e-11,1.0,1.0,0.99,dynamic_safe
418,1.760456292902109e-11,8.691339708784935e-11,1.0,1.0,0.99,dynamic_safe
419,1.733974245551947e-11,8.560509159601348e-11,1.0,1.0,0.99,dynamic_safe
420,1.7065512897882515e-11,8.425041900480184e-11,1.0,1.0,0.99,dynamic_safe
421,1.67893327820762e-11,8.288605985746079e-11,1.0,1.0,0.99,dynamic_safe
422,1.6515350101616762e-11,8.153262842023863e-11,1.0,1.0,0.99,dynamic_safe
423,1.6245127528269715e-11,8.019766177525916e-11,1.0,1.0,0.99,dynamic_safe
424,1.596277025721128e-11,7.880270206683836e-11,1.0,1.0,0.99,dynamic_safe
425,1.5675879578829773e-11,7.738554167145684e-11,1.0,1.0,0.99,dynamic_safe
426,1.5389992928299426e-11,7.597310581579093e-11,1.0,1.0,0.99,dynamic_safe
427,1.5107694516553022e-11,7.45785127032297e-11,1.0,1.0,0.99,dynamic_safe
428,1.4809023137846828e-11,7.310311966601541e-11,1.0,1.0,0.99,dynamic_safe
429,1.4501040197455849e-11,7.158152197679212e-11,1.0,1.0,0.99,dynamic_safe
430,1.4191038951608647e-11,7.00500571762023e-11,1.0,1.0,0.99,dynamic_safe
431,1.388351029642369e-11,6.853089968640905e-11,1.0,1.0,0.99,dynamic_safe
432,1.3551734426312624e-11,6.689201742937233e-11,1.0,1.0,0.99,dynamic_safe
433,1.3200078817143114e-11,6.515444446764535e-11,1.0,1.0,0.99,dynamic_safe
434,1.2837316007097015e-11,6.336266113047873e-11,1.0,1.0,0.99,dynamic_safe
435,1.247121738476573e-11,6.155411187218183e-11,1.0,1.0,0.99,dynamic_safe
436,1.206593964058389e-11,5.955206510383046e-11,1.0,1.0,0.99,dynamic_safe
437,1.1615881739549363e-11,5.732850026402177e-11,1.0,1.0,0.99,dynamic_safe
438,1.1124499526156959e-11,5.490115996555463e-11,1.0,1.0,0.99,dynamic_safe
439,1.059887376621502e-11,5.2304608760035144e-11,1.0,1.0,0.99,dynamic_safe
440,1.0047550215260537e-11,4.9581313658172337e-11,1.0,1.0,0.99,dynamic_safe
441,9.479351932225735e-12,4.67740682222052e-11,1.0,1.0,0.99,dynamic_safe
442,8.902726730458212e-12,4.3925284628470855e-11,1.0,1.0,0.99,dynamic_safe
443,8.325348881915294e-12,4.107339122526847e-11,1.0,1.0,0.99,dynamic_safe
444,7.754206004040157e-12,3.825231427066826e-11,1.0,1.0,0.99,dynamic_safe
445,7.1953636664861295e-12,3.54915665812857e-11,1.0,1.0,0.99,dynamic_safe
446,6.65369049771788e-12,3.281521967304663e-11,1.0,1.0,0.99,dynamic_safe
447,6.1328655774807055e-12,3.024201006212804e-11,1.0,1.0,0.99,dynamic_safe
448,5.635676359228677e-12,2.7786684560801404e-11,1.0,1.0,0.99,dynamic_safe
449,5.1643154224623696e-12,2.5459187441746614e-11,1.0,1.0,0.99,dynamic_safe
450,4.720450922284836e-12,2.3266303709074685e-11,1.0,1.0,0.99,dynamic_safe
451,4.304934379973488e-12,2.1211200727295392e-11,1.0,1.0,0.99,dynamic_safe
452,3.917162725776253e-12,1.929431829624374e-11,1.0,1.0,0.99,dynamic_safe
453,3.555858664526408e-12,1.7514278034122467e-11,1.0,1.0,0.99,dynamic_safe
454,3.22173550425633e-12,1.5867640436594303e-11,1.0,1.0,0.99,dynamic_safe
455,2.9157626519483496e-12,1.4349907189503187e-11,1.0,1.0,0.99,dynamic_safe
456,2.6359181949979242e-12,1.2955646070658602e-11,1.0,1.0,0.99,dynamic_safe
457,2.377228924328452e-12,1.1678084800078464e-11,1.0,1.0,0.99,dynamic_safe
458,2.1370213005952886e-12,1.0511222813405308e-11,1.0,1.0,0.99,dynamic_safe
459,1.9248489789785356e-12,9.447656218517073e-12,1.0,1.0,0.99,dynamic_safe
460,1.7360555776092128e-12,8.480506805491291e-12,1.0,1.0,0.99,dynamic_safe
461,1.5748132843690213e-12,7.603040935141902e-12,1.0,1.0,0.99,dynamic_safe
462,1.4188445750339322e-12,6.808212974708148e-12,1.0,1.0,0.99,dynamic_safe
463,1.2829876670173612e-12,6.089390155616557e-12,1.0,1.0,0.99,dynamic_safe
464,1.2387048246276889e-12,5.440852526207725e-12,1.0,1.0,0.99,dynamic_safe
465,1.1656314483740585e-12,4.856574638837296e-12,1.0,1.0,0.99,dynamic_safe
466,1.3456325576312895e-12,4.3380784008002814e-12,1.0,1.0,0.99,dynamic_safe
467,1.3381439531036788e-12,3.948573025757416e-12,1.0,1.0,0.99,dynamic_safe
468,1.7335468642092312e-12,3.6749883396288395e-12,1.0,1.0,0.99,dynamic_safe
469,2.2311262658992505e-12,3.502728170717579e-12,1.0,1.0,0.99,dynamic_safe
470,2.572792495449055e-12,3.814057863009185e-12,1.0,1.0,0.99,dynamic_safe
471,4.059958445694999e-12,4.368930345165147e-12,1.0,1.0,0.99,dynamic_safe
472,4.179503196700463e-12,4.896474576439238e-12,1.0,1.0,0.99,dynamic_safe
473,6.896923031494655e-12,6.194256513150729e-12,1.0,1.0,0.99,dynamic_safe
1,0.6144925955192099,0.4959915650987119,0.46,-0.10890416772769712,0.99,dynamic_guard
2,0.27307064083679516,0.2387655609674225,0.8,0.41456582633053213,0.99,dynamic_guard
3,0.12783888898445842,0.13495055324088012,0.93,0.6977605360606595,0.99,dynamic_guard
4,0.08240570554089126,0.1114007755101244,0.94,0.8113207547169812,0.99,dynamic_guard
5,0.09472031288900327,0.10011507294539573,0.96,0.8114264376400299,0.99,dynamic_guard
6,0.10492162605168827,0.09795715469255559,0.94,0.7944294699011681,0.99,dynamic_guard
7,0.1441828750677361,0.11908194810155195,0.9,0.7257714762301917,0.99,dynamic_guard
8,0.13666999169969163,0.13955917387351538,0.9,0.6697247706422017,0.99,dynamic_guard
9,0.13862010280270606,0.1702093756832942,0.9,0.6767306088407005,0.99,dynamic_guard
10,0.1870582572201017,0.17032249252210158,0.9,0.6680567139282734,0.99,dynamic_guard
11,0.21437541347020356,0.16929719559942025,0.88,0.6216216216216215,0.99,dynamic_guard
12,0.28815375615266775,0.21088060054735014,0.81,0.5208659735080473,0.99,dynamic_guard
13,0.01798287536139773,0.017302074365768968,0.99,0.9615841584158417,0.99,dynamic_guard
14,0.012485027101307295,0.011260778129150908,0.98,0.9662201514269072,0.99,dynamic_guard
15,0.006161623282827212,0.0068721649247401335,0.99,0.9833663366336636,0.99,dynamic_guard
16,0.004319633914998361,0.004836565506653759,1.0,0.9882828282828283,0.99,dynamic_guard
17,0.0026562075259622814,0.0035458640847628076,1.0,0.993939393939394,0.99,dynamic_guard
18,0.0013810275728778501,0.0028362115758815824,1.0,0.9963636363636366,0.99,dynamic_guard
19,0.0010892714816499488,0.002519873280432857,1.0,0.9971717171717173,0.99,dynamic_guard
20,0.0006997436487333864,0.0024180991609119543,1.0,0.9975757575757578,0.99,dynamic_guard
21,0.0005643340535354281,0.0023888278377911477,1.0,0.998787878787879,0.99,dynamic_guard
22,0.0005200590942303839,0.002361252832616123,1.0,1.0,0.99,dynamic_guard
23,0.00048109968889582723,0.0023340152345717475,1.0,1.0,0.99,dynamic_guard
24,0.00047068844934911394,0.0023070929950150345,1.0,1.0,0.99,dynamic_guard
25,0.0004626319883371884,0.002280480441438901,1.0,0.9995959595959597,0.99,dynamic_guard
26,0.00045615212341823096,0.002254174056751726,1.0,0.9995959595959597,0.99,dynamic_guard
27,0.00045069952801796956,0.0022281710566534312,1.0,0.9995959595959597,0.99,dynamic_guard
28,0.00044524101593142293,0.0022024682656231116,1.0,0.9995959595959597,0.99,dynamic_guard
29,0.0004400340867062548,0.0021770621055084184,1.0,0.9995959595959597,0.99,dynamic_guard
30,0.0004349699555480319,0.002151948986321634,1.0,0.9995959595959597,0.99,dynamic_guard
31,0.0004299688145687686,0.002127125491335084,1.0,0.9995959595959597,0.99,dynamic_guard
32,0.0004250150705513158,0.002102588322544277,1.0,0.9995959595959597,0.99,dynamic_guard
33,0.00042010945606835273,0.002078334209876416,1.0,0.9995959595959597,0.99,dynamic_guard
34,0.0004152627721164171,0.0020543598881131147,1.0,0.9995959595959597,0.99,dynamic_guard
35,0.00041047664411831744,0.0020306621181827213,1.0,0.9995959595959597,0.99,dynamic_guard
36,0.0004057467019317523,0.002007237704753968,1.0,0.9995959595959597,0.99,dynamic_guard
37,0.0004010700780657671,0.0019840834963369258,1.0,0.9995959595959597,0.99,dynamic_guard
38,0.0003964461421457869,0.001961196378788406,1.0,0.9995959595959597,0.99,dynamic_guard
39,0.00039187533746695626,0.001938573271810468,1.0,0.9995959595959597,0.99,dynamic_guard
40,0.0003873573425697258,0.0019162111293858136,1.0,0.9995959595959597,0.99,dynamic_guard
41,0.0003828915078365588,0.0018941069407318592,1.0,0.9995959595959597,0.99,dynamic_guard
42,0.000378476901103451,0.0018722577303438856,1.0,0.9995959595959597,0.99,dynamic_guard
43,0.0003741130158051474,0.0018506605571940295,1.0,0.9995959595959597,0.99,dynamic_guard
44,0.0003697992180097772,0.0018293125141138887,1.0,0.9995959595959597,0.99,dynamic_guard
45,0.00036553510353675643,0.0018082107273231576,1.0,0.9995959595959597,0.99,dynamic_guard
46,0.0003613199829391302,0.0017873523562044102,1.0,0.9995959595959597,0.99,dynamic_guard
47,0.0003571534038808021,0.0017667345929046876,1.0,0.9995959595959597,0.99,dynamic_guard
48,0.0003530346824916569,0.0017463546620101458,1.0,0.9995959595959597,0.99,dynamic_guard
49,0.00034896340129795714,0.0017262098200870701,1.0,0.9995959595959597,0.99,dynamic_guard
50,0.0003449388982058489,0.001706297355367592,1.0,0.9995959595959597,0.99,dynamic_guard
51,0.0003409607669501598,0.0016866145873311905,1.0,0.9995959595959597,0.99,dynamic_guard
52,0.000337028350549571,0.0016671588664051704,1.0,0.9995959595959597,0.99,dynamic_guard
53,0.00033314125424683036,0.0016479275735525245,1.0,0.9995959595959597,0.99,dynamic_guard
54,0.00032929883264195935,0.0016289181199732046,1.0,0.9995959595959597,0.99,dynamic_guard
55,0.0003255007047400195,0.0016101279467013046,1.0,0.9995959595959597,0.99,dynamic_guard
56,0.00032174623559532085,0.0015915545243123251,1.0,0.9995959595959597,0.99,dynamic_guard
57,0.000318035056033731,0.0015731953525337074,1.0,0.9995959595959597,0.99,dynamic_guard
58,0.0003143665412530802,0.0015550479599566415,1.0,0.9995959595959597,0.99,dynamic_guard
59,0.00031074033389246077,0.0015371099036552691,1.0,0.9995959595959597,0.99,dynamic_guard
60,0.0003071558195565308,0.001519378768905668,1.0,0.9995959595959597,0.99,dynamic_guard
61,0.0003036126522764523,0.0015018521688144508,1.0,0.9995959595959597,0.99,dynamic_guard
62,0.00030011022790679687,0.0014845277440424013,1.0,0.9995959595959597,0.99,dynamic_guard
63,0.0002966482114307179,0.0014674031624431678,1.0,0.9995959595959597,0.99,dynamic_guard
64,0.000293226008921243,0.00145047611879216,1.0,0.9995959595959597,0.99,dynamic_guard
65,0.00028984329596162594,0.0014337443344346287,1.0,0.9995959595959597,0.99,dynamic_guard
66,0.0002864994887893377,0.0014172055570194748,1.0,0.9995959595959597,0.99,dynamic_guard
67,0.0002831942732159445,0.0014008575601570723,1.0,0.9995959595959597,0.99,dynamic_guard
68,0.0002799270755718905,0.0013846981431570881,1.0,0.9995959595959597,0.99,dynamic_guard
69,0.0002766975915459606,0.0013687251306958145,1.0,0.9995959595959597,0.99,dynamic_guard
70,0.0002735052574905135,0.001352936372559915,1.0,0.9995959595959597,0.99,dynamic_guard
71,0.0002703497786336956,0.0013373297433199533,1.0,0.9995959595959597,0.99,dynamic_guard
72,0.00026723060127033845,0.0013219031420814474,1.0,0.9995959595959597,0.99,dynamic_guard
73,0.00026414743984106093,0.0013066544921657528,1.0,0.9995959595959597,0.99,dynamic_guard
74,0.0002610997504983621,0.0012915817408655494,1.0,0.9995959595959597,0.99,dynamic_guard
75,0.00025808725658085937,0.0012766828591352732,1.0,0.9995959595959597,0.99,dynamic_guard
76,0.0002551094240089737,0.001261955841349621,1.0,0.9995959595959597,0.99,dynamic_guard
77,0.00025216598471611236,0.001247398705003264,1.0,0.9995959595959597,0.99,dynamic_guard
78,0.0002492564142961094,0.0012330094904736855,1.0,0.9995959595959597,0.99,dynamic_guard
79,0.00024638045298488705,0.001218786260728084,1.0,0.9995959595959597,0.99,dynamic_guard
80,0.00024353758595113993,0.0012047271010914157,1.0,0.9995959595959597,0.99,dynamic_guard
81,0.00024072756145154307,0.0011908301189606047,1.0,0.9995959595959597,0.99,dynamic_guard
82,0.00023794987412726983,0.0011770934435774607,1.0,0.9995959595959597,0.99,dynamic_guard
83,0.00023520427998428565,0.0011635152257496884,1.0,0.9995959595959597,0.99,dynamic_guard
84,0.00023249028303043548,0.0011500936376285442,1.0,0.9995959595959597,0.99,dynamic_guard
85,0.0002298076467592638,0.0011368268724370272,1.0,0.9995959595959597,0.99,dynamic_guard
86,0.00022715588443654206,0.001123713144251575,1.0,0.9995959595959597,0.99,dynamic_guard
87,0.00022453476679103993,0.0011107506877370051,1.0,0.9995959595959597,0.99,dynamic_guard
88,0.00022194381623508177,0.001097937757933859,1.0,0.9995959595959597,0.99,dynamic_guard
89,0.00021938281048951335,0.0010852726299991576,1.0,0.9995959595959597,0.99,dynamic_guard
90,0.00021685128099934548,0.0010727535989975886,1.0,0.9995959595959597,0.99,dynamic_guard
91,0.00021434901224307511,0.0010603789796487448,1.0,0.9995959595959597,0.99,dynamic_guard
92,0.00021187554458263223,0.0010481471061239023,1.0,0.9995959595959597,0.99,dynamic_guard
93,0.00020943066902811547,0.0010360563317983202,1.0,0.9995959595959597,0.99,dynamic_guard
94,0.0002070139347407428,0.0010241050290523907,1.0,0.9995959595959597,0.99,dynamic_guard
95,0.0002046251390443919,0.001012291589030918,1.0,0.9995959595959597,0.99,dynamic_guard
96,0.00020226383978044684,0.0010006144214468808,1.0,0.9995959595959597,0.99,dynamic_guard
97,0.00019992984037647035,0.0009890719543481864,1.0,0.9995959595959597,0.99,dynamic_guard
98,0.0001976227072336543,0.0009776626339242417,1.0,0.9995959595959597,0.99,dynamic_guard
99,0.00019534224968071785,0.0009663849242790906,1.0,0.9995959595959597,0.99,dynamic_guard
100,0.00019308804255721579,0.000955237307242689,1.0,0.9995959595959597,0.99,dynamic_guard
101,0.00019085990089780022,0.0009442182821486136,1.0,0.9995959595959597,0.99,dynamic_guard
102,0.00018865740785808737,0.000933326365649022,1.0,0.9995959595959597,0.99,dynamic_guard
103,0.00018648038399036928,0.0009225600914989204,1.0,0.9995959595959597,0.99,dynamic_guard
104,0.00018432842064348203,0.0009119180103747085,1.0,0.9995959595959597,0.99,dynamic_guard
105,0.00018220134370575193,0.0009013986896628841,1.0,0.9995959595959597,0.99,dynamic_guard
106,0.00018009875259590832,0.0008910007132835861,1.0,0.9995959595959597,0.99,dynamic_guard
107,0.0001780204783632469,0.0008807226814839027,1.0,0.9995959595959597,0.99,dynamic_guard
108,0.0001759661283727347,0.0008705632106648174,1.0,0.9995959595959597,0.99,dynamic_guard
109,0.00017393553866580327,0.0008605209331802965,1.0,0.9995959595959597,0.99,dynamic_guard
110,0.00017192832442993665,0.0008505944971671973,1.0,0.9995959595959597,0.99,dynamic_guard
111,0.00016994432653583927,0.0008407825663501454,1.0,0.9995959595959597,0.99,dynamic_guard
112,0.00016798316786977957,0.0008310838198742174,1.0,0.9995959595959597,0.99,dynamic_guard
113,0.00016604469397468434,0.00082149695211408,1.0,0.9995959595959597,0.99,dynamic_guard
114,0.0001641285353121027,0.0008120206725127179,1.0,0.9995959595959597,0.99,dynamic_guard
115,0.00016223454194560537,0.0008026537053922423,1.0,0.9995959595959597,0.99,dynamic_guard
116,0.0001603623517888227,0.0007933947897970807,1.0,0.9995959595959597,0.99,dynamic_guard
117,0.00015851181927981702,0.0007842426793111051,1.0,0.9995959595959597,0.99,dynamic_guard
118,0.00015668258966142147,0.0007751961419015065,1.0,0.9995959595959597,0.99,dynamic_guard
119,0.00015487452160523526,0.0007662539597416583,1.0,0.9995959595959597,0.99,dynamic_guard
120,0.00015308726756098687,0.0007574149290585379,1.0,0.9995959595959597,0.99,dynamic_guard
121,0.00015132069029774633,0.0007486778599596132,1.0,0.9995959595959597,0.99,dynamic_guard
122,0.00014957444935043024,0.0007400415762830899,1.0,0.9995959595959597,0.99,dynamic_guard
123,0.0001478484114543657,0.0007315049154299297,1.0,0.9995959595959597,0.99,dynamic_guard
124,0.0001461422431086756,0.0007230667282165256,1.0,0.9995959595959597,0.99,dynamic_guard
125,0.00014445581488824497,0.0007147258787106012,1.0,0.9995959595959597,0.99,dynamic_guard
126,0.00014278880013626462,0.0007064812440882746,1.0,0.9995959595959597,0.99,dynamic_guard
127,0.00014114107314494513,0.0006983317144726647,1.0,0.9995959595959597,0.99,dynamic_guard
128,0.0001395123139822309,0.0006902761927950248,1.0,0.9995959595959597,0.99,dynamic_guard
129,0.00013790240053969188,0.0006823135946359288,1.0,0.9995959595959597,0.99,dynamic_guard
130,0.00013631101949165722,0.0006744428480908256,1.0,0.9995959595959597,0.99,dynamic_guard
131,0.00013473805221522644,0.0006666628936144402,1.0,0.9995959595959597,0.99,dynamic_guard
132,0.00013318319187378944,0.0006589726838888076,1.0,0.9995959595959597,0.99,dynamic_guard
133,0.00013164632322003718,0.00065137118367212,1.0,0.9995959595959597,0.99,dynamic_guard
134,0.0001301271457901163,0.0006438573696692654,1.0,0.9995959595959597,0.99,dynamic_guard
135,0.00012862554760628282,0.000636430230384804,1.0,0.9995959595959597,0.99,dynamic_guard
136,0.0001271412344622502,0.0006290887659951235,1.0,0.9995959595959597,0.99,dynamic_guard
137,0.0001256740975474199,0.0006218319882059606,1.0,0.9995959595959597,0.99,dynamic_guard
138,0.0001242238487991214,0.0006146589201277091,1.0,0.9995959595959597,0.99,dynamic_guard
139,0.00012279038247498417,0.0006075685961349797,1.0,0.9995959595959597,0.99,dynamic_guard
140,0.00012137341654320781,0.0006005600617455027,1.0,0.9995959595959597,0.99,dynamic_guard
141,0.00011997284823412558,0.0005936323734831593,1.0,0.9995959595959597,0.99,dynamic_guard
142,0.00011858840143534239,0.0005867845987591396,1.0,0.9995959595959597,0.99,dynamic_guard
143,0.0001172199762576268,0.0005800158157389194,1.0,0.9995959595959597,0.99,dynamic_guard
144,0.00011586730239778937,0.0005733251132243639,1.0,0.9995959595959597,0.99,dynamic_guard
145,0.00011453028275810122,0.0005667115905259056,1.0,1.0,0.99,dynamic_guard
146,0.00011320865273554012,0.0005601743573462985,1.0,1.0,0.99,dynamic_guard
147,0.00011190231793783334,0.0005537125336553925,1.0,1.0,0.99,dynamic_guard
148,0.00011061101935467272,0.0005473252495775153,1.0,1.0,0.99,dynamic_guard
149,0.0001093346652161597,0.0005410116452681483,1.0,1.0,0.99,dynamic_guard
150,0.00010807300199850732,0.0005347708708044749,1.0,1.0,0.99,dynamic_guard
151,0.00010682594047388011,0.0005286020860649725,1.0,1.0,0.99,dynamic_guard
152,0.00010559323250023566,0.0005225044606219222,1.0,1.0,0.99,dynamic_guard
153,0.00010437479131429264,0.0005164771736244841,1.0,1.0,0.99,dynamic_guard
154,0.00010317037405240654,0.0005105194136925378,1.0,1.0,0.99,dynamic_guard
155,0.00010197989634084881,0.0005046303788038119,1.0,1.0,0.99,dynamic_guard
156,0.00010080312049247009,0.0004988092761896185,1.0,1.0,0.99,dynamic_guard
157,9.963996445067634e-05,0.0004930553222238369,1.0,1.0,0.99,dynamic_guard
158,9.849019560428586e-05,0.00048736774232224393,1.0,1.0,0.99,dynamic_guard
159,9.735373414388327e-05,0.00048174577083336546,1.0,1.0,0.99,dynamic_guard
160,9.623035243520417e-05,0.00047618865093992154,1.0,1.0,0.99,dynamic_guard
161,9.511997284837047e-05,0.0004706956345525541,1.0,1.0,0.99,dynamic_guard
162,9.40223726284433e-05,0.0004652659822140698,1.0,1.0,0.99,dynamic_guard
163,9.293747625965793e-05,0.0004598989629942134,1.0,1.0,0.99,dynamic_guard
164,9.186506577030648e-05,0.00045459385439724375,1.0,1.0,0.99,dynamic_guard
165,9.080506769548687e-05,0.0004493499422589081,1.0,1.0,0.99,dynamic_guard
166,8.97572687521057e-05,0.0004441665206559289,1.0,1.0,0.99,dynamic_guard
167,8.872159746497579e-05,0.0004390428918050667,1.0,1.0,0.99,dynamic_guard
168,8.769784514638026e-05,0.0004339783659750372,1.0,1.0,0.99,dynamic_guard
169,8.668594225180826e-05,0.0004289722613886757,1.0,1.0,0.99,dynamic_guard
170,8.568568459720255e-05,0.00042402390413549747,1.0,1.0,0.99,dynamic_guard
171,8.469700451150118e-05,0.000419132628076468,1.0,1.0,0.99,dynamic_guard
172,8.371970222406919e-05,0.0004142977747588559,1.0,1.0,0.99,dynamic_guard
173,8.275371188202053e-05,0.000409518693323895,1.0,1.0,0.99,dynamic_guard
174,8.179883803933722e-05,0.00040479474042212475,1.0,1.0,0.99,dynamic_guard
175,8.08550166078425e-05,0.00040012528012363434,1.0,1.0,0.99,dynamic_guard
176,7.992205637877202e-05,0.00039550968383601553,1.0,1.0,0.99,dynamic_guard
177,7.89998949769577e-05,0.0003909473302163702,1.0,1.0,0.99,dynamic_guard
178,7.808834534498192e-05,0.00038643760509049274,1.0,1.0,0.99,dynamic_guard
179,7.718734677060048e-05,0.00038197990136775985,1.0,1.0,0.99,dynamic_guard
180,7.629671626335699e-05,0.0003775736189618117,1.0,1.0,0.99,dynamic_guard
181,7.541639472544584e-05,0.00037321816470712514,1.0,1.0,0.99,dynamic_guard
182,7.454620315039451e-05,0.00036891295228191174,1.0,1.0,0.99,dynamic_guard
183,7.368608400799113e-05,0.00036465740212660583,1.0,1.0,0.99,dynamic_guard
184,7.283586219408111e-05,0.00036045094136843866,1.0,1.0,0.99,dynamic_guard
185,7.19954817007631e-05,0.00035629300374146437,1.0,1.0,0.99,dynamic_guard
186,7.116477124603879e-05,0.00035218302951314166,1.0,1.0,0.99,dynamic_guard
187,7.034367630033205e-05,0.00034812046540674363,1.0,1.0,0.99,dynamic_guard
188,6.953202932508759e-05,0.0003441047645284096,1.0,1.0,0.99,dynamic_guard
189,6.872977722657063e-05,0.00034013538629225815,1.0,1.0,0.99,dynamic_guard
190,6.793675613229968e-05,0.00033621179634913876,1.0,1.0,0.99,dynamic_guard
191,6.715291434319398e-05,0.000332333466512927,1.0,1.0,0.99,dynamic_guard
192,6.637809157690403e-05,0.00032849987469133667,1.0,1.0,0.99,dynamic_guard
193,6.561223748912668e-05,0.0003247105048133199,1.0,1.0,0.99,dynamic_guard
194,6.485519531298787e-05,0.00032096484676220145,1.0,1.0,0.99,dynamic_guard
195,6.41069160205118e-05,0.0003172623963047018,1.0,1.0,0.99,dynamic_guard
196,6.33672462869095e-05,0.00031360265502513457,1.0,1.0,0.99,dynamic_guard
197,6.263613836317557e-05,0.00030998513025589606,1.0,1.0,0.99,dynamic_guard
198,6.191344229478585e-05,0.0003064093350135333,1.0,1.0,0.99,dynamic_guard
199,6.119911157541124e-05,0.00030287478793181085,1.0,1.0,0.99,dynamic_guard
200,6.049299955019086e-05,0.0002993810131973049,1.0,1.0,0.99,dynamic_guard
201,5.979506092044969e-05,0.00029592754048466264,1.0,1.0,0.99,dynamic_guard
202,5.910515226175134e-05,0.00029251390489565135,1.0,1.0,0.99,dynamic_guard
203,5.8423229449015614e-05,0.0002891396468921878,1.0,1.0,0.99,dynamic_guard
204,5.7749152220208564e-05,0.00028580431223971793,1.0,1.0,0.99,dynamic_guard
205,5.708287759105971e-05,0.0002825074519416898,1.0,1.0,0.99,dynamic_guard
206,5.6424268395168036e-05,0.00027924862218195283,1.0,1.0,0.99,dynamic_guard
207,5.577328275714818e-05,0.0002760273842632025,1.0,1.0,0.99,dynamic_guard
208,5.5129786540834796e-05,0.00027284330454926606,1.0,1.0,0.99,dynamic_guard
209,5.44937389487705e-05,0.00026969595440585234,1.0,1.0,0.99,dynamic_guard
210,5.386500881076794e-05,0.0002665849101431161,1.0,1.0,0.99,dynamic_guard
211,5.324355637748064e-05,0.0002635097529585331,1.0,1.0,0.99,dynamic_guard
212,5.262925338167398e-05,0.0002604700688811207,1.0,1.0,0.99,dynamic_guard
213,5.202206109296466e-05,0.0002574654487145306,1.0,1.0,0.99,dynamic_guard
214,5.1421854085434254e-05,0.00025449548798353475,1.0,1.0,0.99,dynamic_guard
215,5.082859461951576e-05,0.00025155978687765905,1.0,1.0,0.99,dynamic_guard
216,5.024216004991141e-05,0.00024865795019911503,1.0,1.0,0.99,dynamic_guard
217,4.9662513600651334e-05,0.00024578958730850245,1.0,1.0,0.99,dynamic_guard
218,4.908953534771507e-05,0.00024295431207320447,1.0,1.0,0.99,dynamic_guard
219,4.8523189452203236e-05,0.00024015174281376484,1.0,1.0,0.99,dynamic_guard
220,4.7963358653151016e-05,0.00023738150225443487,1.0,1.0,0.99,dynamic_guard
221,4.741000802308565e-05,0.00023464321747124363,1.0,1.0,0.99,dynamic_guard
222,4.686302290695035e-05,0.00023193651984204213,1.0,1.0,0.99,dynamic_guard
223,4.6322369263865675e-05,0.00022926104499648603,1.0,1.0,0.99,dynamic_guard
224,4.578793498873951e-05,0.00022661643276806532,1.0,1.0,0.99,dynamic_guard
225,4.525968690307036e-05,0.0002240023271445855,1.0,1.0,0.99,dynamic_guard
226,4.473751539693601e-05,0.0002214183762203199,1.0,1.0,0.99,dynamic_guard
227,4.4221388130803236e-05,0.0002188642321495331,1.0,1.0,0.99,dynamic_guard
228,4.371119793605773e-05,0.00021633955109878918,1.0,1.0,0.99,dynamic_guard
229,4.320691328946694e-05,0.00021384399320006559,1.0,1.0,0.99,dynamic_guard
230,4.2708429411121785e-05,0.00021137722250755595,1.0,1.0,0.99,dynamic_guard
231,4.221571557202353e-05,0.00020893890694925104,1.0,1.0,0.99,dynamic_guard
232,4.172866932922026e-05,0.00020652871828431417,1.0,1.0,0.99,dynamic_guard
233,4.124726072655897e-05,0.0002041463320581184,1.0,1.0,0.99,dynamic_guard
234,4.077138960756381e-05,0.00020179142755873694,1.0,1.0,0.99,dynamic_guard
235,4.0301026768177484e-05,0.00019946368777440255,1.0,1.0,0.99,dynamic_guard
236,3.983607428874479e-05,0.00019716279934935883,1.0,1.0,0.99,dynamic_guard
237,3.9376503697160096e-05,0.00019488845254262918,1.0,1.0,0.99,dynamic_guard
238,3.892221926206894e-05,0.00019264034118687782,1.0,1.0,0.99,dynamic_guard
239,3.8473193223738126e-05,0.00019041816264582008,1.0,1.0,0.99,dynamic_guard
240,3.8029331991523504e-05,0.0001882216177749197,1.0,1.0,0.99,dynamic_guard
241,3.7590608499129615e-05,0.0001860504108792609,1.0,1.0,0.99,dynamic_guard
242,3.715693124997144e-05,0.000183904249676057,1.0,1.0,0.99,dynamic_guard
243,3.672827385275087e-05,0.00018178284525333316,1.0,1.0,0.99,dynamic_guard
244,3.630454685933668e-05,0.0001796859120325264,1.0,1.0,0.99,dynamic_guard
245,3.588572453551197e-05,0.0001776131677288033,1.0,1.0,0.99,dynamic_guard
246,3.5471719436860915e-05,0.00017556433331350908,1.0,1.0,0.99,dynamic_guard
247,3.506250646889537e-05,0.00017353913297704187,1.0,1.0,0.99,dynamic_guard
248,3.465800014715483e-05,0.0001715372940915009,1.0,1.0,0.99,dynamic_guard
249,3.42581759999293e-05,0.00016955854717311679,1.0,1.0,0.99,dynamic_guard
250,3.386295045987213e-05,0.0001676026258475339,1.0,1.0,0.99,dynamic_guard
251,3.3472299661687304e-05,0.00016566926681268332,1.0,1.0,0.99,dynamic_guard
252,3.3086141913077516e-05,0.00016375820980408653,1.0,1.0,0.99,dynamic_guard
253,3.2704453939303556e-05,0.0001618691975591686,1.0,1.0,0.99,dynamic_guard
254,3.232715588196958e-05,0.0001600019757830593,1.0,1.0,0.99,dynamic_guard
255,3.1954225041437877e-05,0.00015815629311453986,1.0,1.0,0.99,dynamic_guard
256,3.158558335291555e-05,0.00015633190109177797,1.0,1.0,0.99,dynamic_guard
257,3.122120867682768e-05,0.00015452855411894623,1.0,1.0,0.99,dynamic_guard
258,3.08610247026557e-05,0.00015274600943350177,1.0,1.0,0.99,dynamic_guard
259,3.0505009836178608e-05,0.0001509840270728689,1.0,1.0,0.99,dynamic_guard
260,3.0153089482567065e-05,0.0001492423698429383,1.0,1.0,0.99,dynamic_guard
261,2.9805242578875945e-05,0.00014752080328529144,1.0,1.0,0.99,dynamic_guard
262,2.9461396208130467e-05,0.00014581909564698414,1.0,1.0,0.99,dynamic_guard
263,2.9121529824784866e-05,0.00014413701784711218,1.0,1.0,0.99,dynamic_guard
264,2.878557215275245e-05,0.00014247434344831747,1.0,1.0,0.99,dynamic_guard
265,2.8453503150607018e-05,0.00014083084862506035,1.0,1.0,0.99,dynamic_guard
266,2.8125253146833847e-05,0.00013920631213350563,1.0,1.0,0.99,dynamic_guard
267,2.7800802591061148e-05,0.00013760051528196554,1.0,1.0,0.99,dynamic_guard
268,2.7480083381038827e-05,0.00013601324190167614,1.0,1.0,0.99,dynamic_guard
269,2.7163076444722145e-05,0.00013444427831725396,1.0,1.0,0.99,dynamic_guard
270,2.6849715214367768e-05,0.00013289341331837234,1.0,1.0,0.99,dynamic_guard
271,2.6539981084039683e-05,0.0001313604381307051,1.0,1.0,0.99,dynamic_guard
272,2.6233808986538584e-05,0.00012984514638891573,1.0,1.0,0.99,dynamic_guard
273,2.5931180770010044e-05,0.00012834733410690407,1.0,1.0,0.99,dynamic_guard
274,2.5632032834595016e-05,0.0001268667996533626,1.0,1.0,0.99,dynamic_guard
275,2.533634747092989e-05,0.00012540334372157443,1.0,1.0,0.99,dynamic_guard
276,2.504406251391377e-05,0.0001239567693041103,1.0,1.0,0.99,dynamic_guard
277,2.4755160685364858e-05,0.0001225268816665396,1.0,1.0,0.99,dynamic_guard
278,2.4469581223159895e-05,0.00012111348832036078,1.0,1.0,0.99,dynamic_guard
279,2.4187307269240295e-05,0.00011971639899776148,1.0,1.0,0.99,dynamic_guard
280,2.3908279433306293e-05,0.0001183354256255525,1.0,1.0,0.99,dynamic_guard
281,2.363248126680715e-05,0.00011697038230006153,1.0,1.0,0.99,dynamic_guard
282,2.3359854720714142e-05,0.00011562108526242328,1.0,1.0,0.99,dynamic_guard
283,2.3090383745533787e-05,0.00011428735287292435,1.0,1.0,0.99,dynamic_guard
284,2.2824011603763967e-05,0.00011296900558753766,1.0,1.0,0.99,dynamic_guard
285,2.256072263484853e-05,0.00011166586593327748,1.0,1.0,0.99,dynamic_guard
286,2.2300461383567673e-05,0.00011037775848440841,1.0,1.0,0.99,dynamic_guard
287,2.2043212568505934e-05,0.00010910450983846484,1.0,1.0,0.99,dynamic_guard
288,2.178892198815229e-05,0.00010784594859392626,1.0,1.0,0.99,dynamic_guard
289,2.1537574730590085e-05,0.0001066019053256508,1.0,1.0,0.99,dynamic_guard
290,2.1289117820179468e-05,0.00010537221256340405,1.0,1.0,0.99,dynamic_guard
291,2.104353670514266e-05,0.00010415670476861431,1.0,1.0,0.99,dynamic_guard
292,2.080077960832427e-05,0.00010295521831257343,1.0,1.0,0.99,dynamic_guard
293,2.0560832329099624e-05,0.0001017675914536599,1.0,1.0,0.99,dynamic_guard
294,2.0323644261995968e-05,0.00010059366431614951,1.0,1.0,0.99,dynamic_guard
295,2.008920154871853e-05,9.943327886829245e-05,1.0,1.0,0.99,dynamic_guard
296,1.9857454729358155e-05,9.828627890207255e-05,1.0,1.0,0.99,dynamic_guard
297,1.9628390279289845e-05,9.715251001062185e-05,1.0,1.0,0.99,dynamic_guard
298,1.940195985860748e-05,9.603181956820267e-05,1.0,1.0,0.99,dynamic_guard
299,1.9178150268040038e-05,9.492405671066591e-05,1.0,1.0,0.99,dynamic_guard
300,1.8956914262590422e-05,9.382907231271522e-05,1.0,1.0,0.99,dynamic_guard
301,1.8738238960216793e-05,9.274671897049448e-05,1.0,1.0,0.99,dynamic_guard
302,1.8522078186307522e-05,9.167685097957485e-05,1.0,1.0,0.99,dynamic_guard
303,1.8308419368166693e-05,9.061932431717249e-05,1.0,1.0,0.99,dynamic_guard
304,1.8097217377647464e-05,8.957399662079714e-05,1.0,1.0,0.99,dynamic_guard
305,1.7888459943641467e-05,8.854072717138768e-05,1.0,1.0,0.99,dynamic_guard
306,1.768210296099174e-05,8.751937687210675e-05,1.0,1.0,0.99,dynamic_guard
307,1.7478134452685392e-05,8.650980823128078e-05,1.0,1.0,0.99,dynamic_guard
308,1.727651131372445e-05,8.551188534262715e-05,1.0,1.0,0.99,dynamic_guard
309,1.7077221853812064e-05,8.452547386839867e-05,1.0,1.0,0.99,dynamic_guard
310,1.6880223945636392e-05,8.355044102009278e-05,1.0,1.0,0.99,dynamic_guard
311,1.6685506178611975e-05,8.258665554066995e-05,1.0,1.0,0.99,dynamic_guard
312,1.6493027381118754e-05,8.16339876876022e-05,1.0,1.0,0.99,dynamic_guard
313,1.630277641529149e-05,8.069230921500033e-05,1.0,1.0,0.99,dynamic_guard
314,1.6114713043863597e-05,7.976149335606027e-05,1.0,1.0,0.99,dynamic_guard
315,1.5928826394961333e-05,7.88414148065836e-05,1.0,1.0,0.99,dynamic_guard
316,1.5745077144566193e-05,7.793194970749956e-05,1.0,1.0,0.99,dynamic_guard
317,1.5563454680275242e-05,7.703297562864343e-05,1.0,1.0,0.99,dynamic_guard
318,1.5383920570853293e-05,7.61443715523166e-05,1.0,1.0,0.99,dynamic_guard
319,1.520646445691806e-05,7.526601785637661e-05,1.0,1.0,0.99,dynamic_guard
320,1.5031048779952051e-05,7.439779629915534e-05,1.0,1.0,0.99,dynamic_guard
321,1.4857663427378778e-05,7.35395900022312e-05,1.0,1.0,0.99,dynamic_guard
322,1.4686271693760671e-05,7.269128343597811e-05,1.0,1.0,0.99,dynamic_guard
323,1.4516863707277268e-05,7.18527624034167e-05,1.0,1.0,0.99,dynamic_guard
324,1.4349403596353069e-05,7.102391402434634e-05,1.0,1.0,0.99,dynamic_guard
325,1.4183881724025028e-05,7.020462672148418e-05,1.0,1.0,0.99,dynamic_guard
326,1.4020263033810746e-05,6.939479020416101e-05,1.0,1.0,0.99,dynamic_guard
327,1.3858538117813545e-05,6.859429545359087e-05,1.0,1.0,0.99,dynamic_guard
328,1.3698672716354296e-05,6.78030347095257e-05,1.0,1.0,0.99,dynamic_guard
329,1.3540657644937264e-05,6.702090145375537e-05,1.0,1.0,0.99,dynamic_guard
330,1.3384459422734728e-05,6.624779039765956e-05,1.0,1.0,0.99,dynamic_guard
331,1.3230069083252408e-05,6.548359746637392e-05,1.0,1.0,0.99,dynamic_guard
332,1.3077453906863746e-05,6.472821978608113e-05,1.0,1.0,0.99,dynamic_guard
333,1.2926605139842945e-05,6.398155566993393e-05,1.0,1.0,0.99,dynamic_guard
334,1.2777490806551576e-05,6.324350460322565e-05,1.0,1.0,0.99,dynamic_guard
335,1.2630102360761807e-05,6.251396723138699e-05,1.0,1.0,0.99,dynamic_guard
336,1.2484408554260165e-05,6.179284534573202e-05,1.0,1.0,0.99,dynamic_guard
337,1.234040104311738e-05,6.10800418704276e-05,1.0,1.0,0.99,dynamic_guard
338,1.2198049290034067e-05,6.03754608496091e-05,1.0,1.0,0.99,dynamic_guard
339,1.2057345148652136e-05,5.967900743376679e-05,1.0,1.0,0.99,dynamic_guard
340,1.1918258776463167e-05,5.899058786848104e-05,1.0,1.0,0.99,dynamic_guard
341,1.1780782219813484e-05,5.8310109479951705e-05,1.0,1.0,0.99,dynamic_guard
342,1.1644886315382775e-05,5.7637480663722505e-05,1.0,1.0,0.99,dynamic_guard
343,1.151056329752763e-05,5.6972610872031124e-05,1.0,1.0,0.99,dynamic_guard
344,1.1377784666701538e-05,5.63154106017655e-05,1.0,1.0,0.99,dynamic_guard
345,1.1246542840783482e-05,5.5665791381760135e-05,1.0,1.0,0.99,dynamic_guard
346,1.1116809969021307e-05,5.502366576232818e-05,1.0,1.0,0.99,dynamic_guard
347,1.0988578648298111e-05,5.438894730148611e-05,1.0,1.0,0.99,dynamic_guard
348,1.086182166204045e-05,5.376155055492416e-05,1.0,1.0,0.99,dynamic_guard
349,1.0736531781793268e-05,5.314139106397906e-05,1.0,1.0,0.99,dynamic_guard
350,1.061268241078614e-05,5.252838534451423e-05,1.0,1.0,0.99,dynamic_guard
351,1.0490266491057541e-05,5.19224508745874e-05,1.0,1.0,0.99,dynamic_guard
352,1.0369258031581143e-05,5.132350608507984e-05,1.0,1.0,0.99,dynamic_guard
353,1.0249650140813955e-05,5.073147034711468e-05,1.0,1.0,0.99,dynamic_guard
354,1.0131417419762426e-05,5.01462639621929e-05,1.0,1.0,0.99,dynamic_guard
355,1.0014553139225442e-05,4.9567808151561894e-05,1.0,1.0,0.99,dynamic_guard
356,9.899032478879444e-06,4.8996025044374814e-05,1.0,1.0,0.99,dynamic_guard
357,9.784848867969782e-06,4.843083766850593e-05,1.0,1.0,0.99,dynamic_guard
358,9.671978051754262e-06,4.787216994019851e-05,1.0,1.0,0.99,dynamic_guard
359,9.56041361406455e-06,4.7319946652186326e-05,1.0,1.0,0.99,dynamic_guard
360,9.450131852942695e-06,4.677409346593176e-05,1.0,1.0,0.99,dynamic_guard
361,9.34112650310475e-06,4.623453689962213e-05,1.0,1.0,0.99,dynamic_guard
362,9.233374402887473e-06,4.570120431980505e-05,1.0,1.0,0.99,dynamic_guard
363,9.126869434229602e-06,4.51740239300574e-05,1.0,1.0,0.99,dynamic_guard
364,9.021588963414977e-06,4.4652924762654086e-05,1.0,1.0,0.99,dynamic_guard
365,8.917527016237325e-06,4.4137836668591316e-05,1.0,1.0,0.99,dynamic_guard
366,8.81466147497863e-06,4.362869030758321e-05,1.0,1.0,0.99,dynamic_guard
367,8.712986505649668e-06,4.3125417139953464e-05,1.0,1.0,0.99,dynamic_guard
368,8.612480494935877e-06,4.262794941551551e-05,1.0,1.0,0.99,dynamic_guard
369,8.513137745796406e-06,4.21362201669671e-05,1.0,1.0,0.99,dynamic_guard
370,8.414937137722535e-06,4.165016319879002e-05,1.0,1.0,0.99,dynamic_guard
371,8.31787310740166e-06,4.116971307862651e-05,1.0,1.0,0.99,dynamic_guard
372,8.221925016041112e-06,4.069480512982853e-05,1.0,1.0,0.99,dynamic_guard
373,8.12708743075162e-06,4.022537542129924e-05,1.0,1.0,0.99,dynamic_guard
374,8.033340183497624e-06,3.976136075922243e-05,1.0,1.0,0.99,dynamic_guard
375,7.940677968795853e-06,3.9302698679214694e-05,1.0,1.0,0.99,dynamic_guard
376,7.849081078685927e-06,3.884932743745961e-05,1.0,1.0,0.99,dynamic_guard
377,7.758544331975027e-06,3.840118600162761e-05,1.0,1.0,0.99,dynamic_guard
378,7.669048470357486e-06,3.7958214044428196e-05,1.0,1.0,0.99,dynamic_guard
379,7.5805884339583845e-06,3.7520351933704706e-05,1.0,1.0,0.99,dynamic_guard
380,7.493145403949565e-06,3.708754072564101e-05,1.0,1.0,0.99,dynamic_guard
381,7.406714438882987e-06,3.66597221561329e-05,1.0,1.0,0.99,dynamic_guard
382,7.321277149395957e-06,3.623683863317609e-05,1.0,1.0,0.99,dynamic_guard
383,7.236828709676959e-06,3.581883322914012e-05,1.0,1.0,0.99,dynamic_guard
384,7.153351150043124e-06,3.540564967320944e-05,1.0,1.0,0.99,dynamic_guard
385,7.070839757559553e-06,3.4997232343508464e-05,1.0,1.0,0.99,dynamic_guard
386,6.989276972707006e-06,3.459352625977708e-05,1.0,1.0,0.99,dynamic_guard
387,6.908658192783316e-06,3.419447707598728e-05,1.0,1.0,0.99,dynamic_guard
388,6.828966259074566e-06,3.380003107341376e-05,1.0,1.0,0.99,dynamic_guard
389,6.750196676445924e-06,3.341013515215253e-05,1.0,1.0,0.99,dynamic_guard
390,6.67233267796442e-06,3.30247368256872e-05,1.0,1.0,0.99,dynamic_guard
391,6.59536987348285e-06,3.2643784212271475e-05,1.0,1.0,0.99,dynamic_guard
392,6.519291878858078e-06,3.226722602933554e-05,1.0,1.0,0.99,dynamic_guard
393,6.444094406525708e-06,3.18950115849918e-05,1.0,1.0,0.99,dynamic_guard
394,6.369761446450561e-06,3.152709077306033e-05,1.0,1.0,0.99,dynamic_guard
395,6.296288811136684e-06,3.1163414064632936e-05,1.0,1.0,0.99,dynamic_guard
396,6.223660856226243e-06,3.0803932502459733e-05,1.0,1.0,0.99,dynamic_guard
397,6.151873491899736e-06,3.0448597693838172e-05,1.0,1.0,0.99,dynamic_guard
398,6.0809114310538825e-06,3.0097361804484308e-05,1.0,1.0,0.99,dynamic_guard
399,6.010770679368833e-06,2.975017755192373e-05,1.0,1.0,0.99,dynamic_guard
400,5.941436298880618e-06,2.9406998199134877e-05,1.0,1.0,0.99,dynamic_guard
401,5.872904388371609e-06,2.906777754765699e-05,1.0,1.0,0.99,dynamic_guard
402,5.805160351145742e-06,2.8732469932828167e-05,1.0,1.0,0.99,dynamic_guard
403,5.738200376939671e-06,2.8401030215890616e-05,1.0,1.0,0.99,dynamic_guard
404,5.672010202465598e-06,2.8073413779756234e-05,1.0,1.0,0.99,dynamic_guard
405,5.606586106322988e-06,2.7749576521065003e-05,1.0,1.0,0.99,dynamic_guard
406,5.541914151038531e-06,2.7429474845580483e-05,1.0,1.0,0.99,dynamic_guard
407,5.477990701931405e-06,2.7113065662036714e-05,1.0,1.0,0.99,dynamic_guard
408,5.414802139995467e-06,2.6800306376307988e-05,1.0,1.0,0.99,dynamic_guard
409,5.3523449151852605e-06,2.6491154885075547e-05,1.0,1.0,0.99,dynamic_guard
410,5.290605719667535e-06,2.6185569571535417e-05,1.0,1.0,0.99,dynamic_guard
411,5.2295810860716015e-06,2.5883509298230917e-05,1.0,1.0,0.99,dynamic_guard
412,5.169258010701529e-06,2.5584933402568105e-05,1.0,1.0,0.99,dynamic_guard
413,5.109633106847924e-06,2.528980169085577e-05,1.0,1.0,0.99,dynamic_guard
414,5.050693668021093e-06,2.499807443332711e-05,1.0,1.0,0.99,dynamic_guard
415,4.992436386325291e-06,2.4709712358309524e-05,1.0,1.0,0.99,dynamic_guard
416,4.93484884567859e-06,2.4424676647160203e-05,1.0,1.0,0.99,dynamic_guard
417,4.87792781509963e-06,2.414292892876256e-05,1.0,1.0,0.99,dynamic_guard
418,4.82166116232481e-06,2.3864431275092096e-05,1.0,1.0,0.99,dynamic_guard
419,4.766045731562666e-06,2.358914619558667e-05,1.0,1.0,0.99,dynamic_guard
420,4.711069667801005e-06,2.331703663183773e-05,1.0,1.0,0.99,dynamic_guard
421,4.656729888614058e-06,2.3048065953166695e-05,1.0,1.0,0.99,dynamic_guard
422,4.6030148100783005e-06,2.278219795132018e-05,1.0,1.0,0.99,dynamic_guard
423,4.549921421365905e-06,2.25193968357236e-05,1.0,1.0,0.99,dynamic_guard
424,4.4974384033172824e-06,2.22596272287099e-05,1.0,1.0,0.99,dynamic_guard
425,4.44556281519473e-06,2.2002854160721266e-05,1.0,1.0,0.99,dynamic_guard
426,4.3942835965493074e-06,2.174904306563955e-05,1.0,1.0,0.99,dynamic_guard
427,4.3435978749670735e-06,2.1498159775865806e-05,1.0,1.0,0.99,dynamic_guard
428,4.293494842901878e-06,2.125017051809254e-05,1.0,1.0,0.99,dynamic_guard
429,4.243971694665785e-06,2.1005041908880296e-05,1.0,1.0,0.99,dynamic_guard
430,4.195017869821475e-06,2.076274094892527e-05,1.0,1.0,0.99,dynamic_guard
431,4.146630627805456e-06,2.0523235021034114e-05,1.0,1.0,0.99,dynamic_guard
432,4.098799649739659e-06,2.028649188271429e-05,1.0,1.0,0.99,dynamic_guard
433,4.051522258623696e-06,2.005247966487816e-05,1.0,1.0,0.99,dynamic_guard
434,4.004788371549628e-06,1.9821166864591296e-05,1.0,1.0,0.99,dynamic_guard
435,3.958595373683829e-06,1.9592522343731428e-05,1.0,1.0,0.99,dynamic_guard
436,3.912933412693707e-06,1.936651532241888e-05,1.0,1.0,0.99,dynamic_guard
437,3.867799934441959e-06,1.914311537612547e-05,1.0,1.0,0.99,dynamic_guard
438,3.8231853119030784e-06,1.8922292431117285e-05,1.0,1.0,0.99,dynamic_guard
439,3.779087050232526e-06,1.870401676090865e-05,1.0,1.0,0.99,dynamic_guard
440,3.735495742544274e-06,1.8488258981834794e-05,1.0,1.0,0.99,dynamic_guard
441,3.6924089518837255e-06,1.8274990048972487e-05,1.0,1.0,0.99,dynamic_guard
442,3.649817486538732e-06,1.806418125237621e-05,1.0,1.0,0.99,dynamic_guard
443,3.607718966066244e-06,1.7855804213779024e-05,1.0,1.0,0.99,dynamic_guard
444,3.5661044090240103e-06,1.7649830881496414e-05,1.0,1.0,0.99,dynamic_guard
445,3.5249714901272458e-06,1.744623352830627e-05,1.0,1.0,0.99,dynamic_guard
446,3.4843114334015454e-06,1.7244984746416483e-05,1.0,1.0,0.99,dynamic_guard
447,3.4441219674754654e-06,1.7046057443837236e-05,1.0,1.0,0.99,dynamic_guard
448,3.40439451714079e-06,1.6849424841585035e-05,1.0,1.0,0.99,dynamic_guard
449,3.3651268636632813e-06,1.665506046968441e-05,1.0,1.0,0.99,dynamic_guard
450,3.3263106280206505e-06,1.64629381629317e-05,1.0,1.0,0.99,dynamic_guard
451,3.2879436428762056e-06,1.6273032058383896e-05,1.0,1.0,0.99,dynamic_guard
452,3.250017720905805e-06,1.6085316591530067e-05,1.0,1.0,0.99,dynamic_guard
453,3.21253074499225e-06,1.5899766492097835e-05,1.0,1.0,0.99,dynamic_guard
454,3.1754747151999415e-06,1.571635678205926e-05,1.0,1.0,0.99,dynamic_guard
455,3.1388475633729933e-06,1.5535062771184368e-05,1.0,1.0,0.99,dynamic_guard
456,3.102641472608341e-06,1.5355860054148536e-05,1.0,1.0,0.99,dynamic_guard
457,3.066854422702753e-06,1.5178724507089598e-05,1.0,1.0,0.99,dynamic_guard
458,3.0314787755920823e-06,1.5003632284268628e-05,1.0,1.0,0.99,dynamic_guard
459,2.9965125578783246e-06,1.4830559815346793e-05,1.0,1.0,0.99,dynamic_guard
460,2.961948306244145e-06,1.4659483801696575e-05,1.0,1.0,0.99,dynamic_guard
461,2.9277840930051016e-06,1.4490381213400602e-05,1.0,1.0,0.99,dynamic_guard
462,2.8940126256160146e-06,1.4323229286394595e-05,1.0,1.0,0.99,dynamic_guard
463,2.8606320209956464e-06,1.415800551876719e-05,1.0,1.0,0.99,dynamic_guard
464,2.827635153537013e-06,1.3994687668860618e-05,1.0,1.0,0.99,dynamic_guard
465,2.795020183682074e-06,1.3833253750853525e-05,1.0,1.0,0.99,dynamic_guard
466,2.7627801489633768e-06,1.3673682033214467e-05,1.0,1.0,0.99,dynamic_guard
467,2.7309132523567883e-06,1.3515951034594245e-05,1.0,1.0,0.99,dynamic_guard
468,2.69941269069744e-06,1.336003952173564e-05,1.0,1.0,0.99,dynamic_guard
469,2.6682767086049612e-06,1.3205926505960509e-05,1.0,1.0,0.99,dynamic_guard
470,2.637498658619822e-06,1.3053591241170985e-05,1.0,1.0,0.99,dynamic_guard
471,2.607076825912825e-06,1.29030132200857e-05,1.0,1.0,0.99,dynamic_guard
472,2.577004715224715e-06,1.2754172172519982e-05,1.0,1.0,0.99,dynamic_guard
473,2.547280651375484e-06,1.2607048061748012e-05,1.0,1.0,0.99,dynamic_guard
474,2.5178982877455087e-06,1.2461621082308635e-05,1.0,1.0,0.99,dynamic_guard
475,2.488855987943383e-06,1.2317871657060581e-05,1.0,1.0,0.99,dynamic_guard
476,2.46014755061051e-06,1.217578043470969e-05,1.0,1.0,0.99,dynamic_guard
477,2.431771377169921e-06,1.2035328287436099e-05,1.0,1.0,0.99,dynamic_guard
478,2.4037214082240683e-06,1.1896496308103948e-05,1.0,1.0,0.99,dynamic_guard
479,2.375996082168227e-06,1.1759265806917405e-05,1.0,1.0,0.99,dynamic_guard
480,2.3485894782891334e-06,1.1623618310642026e-05,1.0,1.0,0.99,dynamic_guard
481,2.32150007111963e-06,1.1489535558558689e-05,1.0,1.0,0.99,dynamic_guard
482,2.294722075451614e-06,1.13569995008369e-05,1.0,1.0,0.99,dynamic_guard
483,2.2682540010906845e-06,1.122599229585386e-05,1.0,1.0,0.99,dynamic_guard
484,2.242090195281789e-06,1.1096496307460395e-05,1.0,1.0,0.99,dynamic_guard
485,2.2162292022129355e-06,1.0968494103610541e-05,1.0,1.0,0.99,dynamic_guard
486,2.190665498597696e-06,1.0841968452657607e-05,1.0,1.0,0.99,dynamic_guard
487,2.1653976622671646e-06,1.071690232215992e-05,1.0,1.0,0.99,dynamic_guard
488,2.1404202963710362e-06,1.0593278875537485e-05,1.0,1.0,0.99,dynamic_guard
489,2.1157320115495724e-06,1.047108147178119e-05,1.0,1.0,0.99,dynamic_guard
490,2.0913275345916745e-06,1.0350293660229557e-05,1.0,1.0,0.99,dynamic_guard
491,2.0672055082238453e-06,1.0230899180834888e-05,1.0,1.0,0.99,dynamic_guard
492,2.0433607799090513e-06,1.011288196121179e-05,1.0,1.0,0.99,dynamic_guard
493,2.0197920237652694e-06,9.996226113981502e-06,1.0,1.0,0.99,dynamic_guard
494,1.9964942052360904e-06,9.88091593553466e-06,1.0,1.0,0.99,dynamic_guard
495,1.9734660290754195e-06,9.766935902504663e-06,1.0,1.0,0.99,dynamic_guard
496,1.9507025759468388e-06,9.654270671568542e-06,1.0,1.0,0.99,dynamic_guard
497,1.928202580563187e-06,9.542905076024526e-06,1.0,1.0,0.99,dynamic_guard
498,1.9059612362267999e-06,9.432824123817377e-06,1.0,1.0,0.99,dynamic_guard
499,1.8839773068156264e-06,9.324012996266851e-06,1.0,1.0,0.99,dynamic_guard
500,1.8622460957825839e-06,9.216457045653647e-06,1.0,1.0,0.99,dynamic_guard
501,1.8407663955306225e-06,9.11014179270228e-06,1.0,1.0,0.99,dynamic_guard
502,1.8195336169860117e-06,9.005052925792315e-06,1.0,1.0,0.99,dynamic_guard
503,1.7985465804360085e-06,8.901176297804133e-06,1.0,1.0,0.99,dynamic_guard
504,1.7778008019740974e-06,8.79849792546695e-06,1.0,1.0,0.99,dynamic_guard
505,1.757295129094431e-06,8.69700398624377e-06,1.0,1.0,0.99,dynamic_guard
506,1.7370251805492506e-06,8.596680817345556e-06,1.0,1.0,0.99,dynamic_guard
507,1.716989830413091e-06,8.497514913270815e-06,1.0,1.0,0.99,dynamic_guard
508,1.6971847977939115e-06,8.399492924867199e-06,1.0,1.0,0.99,dynamic_guard
509,1.6776089827747518e-06,8.30260165640394e-06,1.0,1.0,0.99,dynamic_guard
510,1.6582582024896916e-06,8.206828064614955e-06,1.0,1.0,0.99,dynamic_guard
511,1.639131382384271e-06,8.112159256969276e-06,1.0,1.0,0.99,dynamic_guard
512,1.6202244353866292e-06,8.018582489165097e-06,1.0,1.0,0.99,dynamic_guard
513,1.6015363117724434e-06,7.926085163945698e-06,1.0,1.0,0.99,dynamic_guard
514,1.5830630180270365e-06,7.834654829860824e-06,1.0,1.0,0.99,dynamic_guard
515,1.564803528672949e-06,7.744279178513709e-06,1.0,1.0,0.99,dynamic_guard
516,1.5467539416482056e-06,7.654946043969764e-06,1.0,1.0,0.99,dynamic_guard
517,1.5289132551407028e-06,7.5666434003522204e-06,1.0,1.0,0.99,dynamic_guard
518,1.511277656478484e-06,7.479359360392673e-06,1.0,1.0,0.99,dynamic_guard
519,1.493846166915392e-06,7.39308217418457e-06,1.0,1.0,0.99,dynamic_guard
520,1.476615061121959e-06,7.307800227523021e-06,1.0,1.0,0.99,dynamic_guard
521,1.4595833829155419e-06,7.223502039648395e-06,1.0,1.0,0.99,dynamic_guard
522,1.4427474923406096e-06,7.140176262585653e-06,1.0,1.0,0.99,dynamic_guard
523,1.4261064552281157e-06,7.057811679437862e-06,1.0,1.0,0.99,dynamic_guard
524,1.4096567149505223e-06,6.976397202282773e-06,1.0,1.0,0.99,dynamic_guard
525,1.3933973589800574e-06,6.895921871437697e-06,1.0,1.0,0.99,dynamic_guard
526,1.3773249121242776e-06,6.816374853329185e-06,1.0,1.0,0.99,dynamic_guard
527,1.361438482842307e-06,6.737745439584304e-06,1.0,1.0,0.99,dynamic_guard
528,1.3457346755811506e-06,6.66002304533951e-06,1.0,1.0,0.99,dynamic_guard
529,1.330212619348011e-06,6.583197207612163e-06,1.0,1.0,0.99,dynamic_guard
530,1.3148689964128723e-06,6.507257584562629e-06,1.0,1.0,0.99,dynamic_guard
531,1.2997029558242876e-06,6.432193953372093e-06,1.0,1.0,0.99,dynamic_guard
532,1.2847112558296493e-06,6.357996208783543e-06,1.0,1.0,0.99,dynamic_guard
533,1.269893065134574e-06,6.284654362860339e-06,1.0,1.0,0.99,dynamic_guard
534,1.255245216245616e-06,6.212158542457545e-06,1.0,1.0,0.99,dynamic_guard
535,1.2407668970340579e-06,6.1404989881135075e-06,1.0,1.0,0.99,dynamic_guard
536,1.2264550124981512e-06,6.069666053335582e-06,1.0,1.0,0.99,dynamic_guard
537,1.2123087692767438e-06,5.999650202861656e-06,1.0,1.0,0.99,dynamic_guard
538,1.1983251433142487e-06,5.930442011133083e-06,1.0,1.0,0.99,dynamic_guard
539,1.18450335949959e-06,5.862032161559671e-06,1.0,1.0,0.99,dynamic_guard
540,1.170840463026506e-06,5.794411444926884e-06,1.0,1.0,0.99,dynamic_guard
541,1.1573356966418358e-06,5.727570758589922e-06,1.0,1.0,0.99,dynamic_guard
542,1.14398617330585e-06,5.661501104143942e-06,1.0,1.0,0.99,dynamic_guard
543,1.1307911531407742e-06,5.596193587869988e-06,1.0,1.0,0.99,dynamic_guard
544,1.1177478152498976e-06,5.531639417888559e-06,1.0,1.0,0.99,dynamic_guard
545,1.1048554368706075e-06,5.467829904178237e-06,1.0,1.0,0.99,dynamic_guard
546,1.0921112616643463e-06,5.404756457156604e-06,1.0,1.0,0.99,dynamic_guard
547,1.0795145835738278e-06,5.342410585525366e-06,1.0,1.0,0.99,dynamic_guard
548,1.0670627093582713e-06,5.280783896668279e-06,1.0,1.0,0.99,dynamic_guard
549,1.0547549492397887e-06,5.219868094639554e-06,1.0,1.0,0.99,dynamic_guard
550,1.0425886717180841e-06,5.159654978862423e-06,1.0,1.0,0.99,dynamic_guard
551,1.0305632028567345e-06,5.100136443832512e-06,1.0,1.0,0.99,dynamic_guard
552,1.0186759714903093e-06,5.0413044772358635e-06,1.0,1.0,0.99,dynamic_guard
553,1.006926319175527e-06,4.98315115905922e-06,1.0,1.0,0.99,dynamic_guard
554,9.953117336563166e-07,4.925668661058568e-06,1.0,1.0,0.99,dynamic_guard
555,9.838315716860847e-07,4.868849245151694e-06,1.0,1.0,0.99,dynamic_guard
556,9.72483378547297e-07,4.812685262051636e-06,1.0,1.0,0.99,dynamic_guard
557,9.612665258075634e-07,4.75716915144641e-06,1.0,1.0,0.99,dynamic_guard
558,9.501786149659477e-07,4.702293439839965e-06,1.0,1.0,0.99,dynamic_guard
559,9.392190321121768e-07,4.648050739920146e-06,1.0,1.0,0.99,dynamic_guard
560,9.283854337052399e-07,4.594433749537453e-06,1.0,1.0,0.99,dynamic_guard
561,9.17677219913219e-07,4.541435251002322e-06,1.0,1.0,0.99,dynamic_guard
562,9.070921009634464e-07,4.489048110048353e-06,1.0,1.0,0.99,dynamic_guard
563,8.966294908017574e-07,4.437265274072807e-06,1.0,1.0,0.99,dynamic_guard
564,8.86287152076583e-07,4.386079772407588e-06,1.0,1.0,0.99,dynamic_guard
565,8.760645123284629e-07,4.335484714433772e-06,1.0,1.0,0.99,dynamic_guard
566,8.659593854051066e-07,4.285473289234463e-06,1.0,1.0,0.99,dynamic_guard
567,8.559712120046074e-07,4.236038764498754e-06,1.0,1.0,0.99,dynamic_guard
568,8.460978561334214e-07,4.187174485052815e-06,1.0,1.0,0.99,dynamic_guard
569,8.363387713437202e-07,4.1388738734333114e-06,1.0,1.0,0.99,dynamic_guard
570,8.266918705603562e-07,4.091130427337771e-06,1.0,1.0,0.99,dynamic_guard
571,8.171566199582782e-07,4.043937719459439e-06,1.0,1.0,0.99,dynamic_guard
572,8.077309802437353e-07,3.997289396994371e-06,1.0,1.0,0.99,dynamic_guard
573,7.984144299133364e-07,3.95117918036361e-06,1.0,1.0,0.99,dynamic_guard
574,7.892049764124026e-07,3.905600862088845e-06,1.0,1.0,0.99,dynamic_guard
575,7.801021101871623e-07,3.860548306654616e-06,1.0,1.0,0.99,dynamic_guard
576,7.711038843896788e-07,3.816015449271094e-06,1.0,1.0,0.99,dynamic_guard
577,7.622098011926956e-07,3.7719962947153506e-06,1.0,1.0,0.99,dynamic_guard
578,7.534179583403335e-07,3.7284849174537625e-06,1.0,1.0,0.99,dynamic_guard
579,7.447278694707952e-07,3.6854754602782156e-06,1.0,1.0,0.99,dynamic_guard
580,7.361376759340789e-07,3.642962132956577e-06,1.0,1.0,0.99,dynamic_guard
581,7.276469025714505e-07,3.600939212899454e-06,1.0,1.0,0.99,dynamic_guard
582,7.192537332998971e-07,3.5594010425138876e-06,1.0,1.0,0.99,dynamic_guard
583,7.109577038849611e-07,3.5183420304130514e-06,1.0,1.0,0.99,dynamic_guard
584,7.0275703989598e-07,3.4777566493360507e-06,1.0,1.0,0.99,dynamic_guard
585,6.946512877639114e-07,3.437639435588708e-06,1.0,1.0,0.99,dynamic_guard
586,6.866387137347355e-07,3.3979849890505645e-06,1.0,1.0,0.99,dynamic_guard
587,6.787188746560437e-07,3.3587879710136097e-06,1.0,1.0,0.99,dynamic_guard
588,6.708900765219151e-07,3.32004310513627e-06,1.0,1.0,0.99,dynamic_guard
589,6.631518863856824e-07,3.2817451756769813e-06,1.0,1.0,0.99,dynamic_guard
590,6.555026490411202e-07,3.2438890270340724e-06,1.0,1.0,0.99,dynamic_guard
591,6.479419415319476e-07,3.2064695633071193e-06,1.0,1.0,0.99,dynamic_guard
592,6.404681465502555e-07,3.169481746708702e-06,1.0,1.0,0.99,dynamic_guard
593,6.330808508728129e-07,3.132920598526977e-06,1.0,1.0,0.99,dynamic_guard
594,6.257784742848415e-07,3.0967811965891967e-06,1.0,1.0,0.99,dynamic_guard
595,6.185606130922757e-07,3.06105867603587e-06,1.0,1.0,0.99,dynamic_guard
596,6.1142572324085e-07,3.0257482281180863e-06,1.0,1.0,0.99,dynamic_guard
597,6.043734103374973e-07,2.990845099274523e-06,1.0,1.0,0.99,dynamic_guard
598,5.974021657255277e-07,2.956344591008664e-06,1.0,1.0,0.99,dynamic_guard
599,5.905116040724229e-07,2.9222420588844884e-06,1.0,1.0,0.99,dynamic_guard
600,5.837002513451854e-07,2.8885329120796036e-06,1.0,1.0,0.99,dynamic_guard
601,5.769677310123621e-07,2.8552126128912064e-06,1.0,1.0,0.99,dynamic_guard
602,5.703126028483497e-07,2.8222766757157338e-06,1.0,1.0,0.99,dynamic_guard
603,5.637344990071118e-07,2.7897206666326277e-06,1.0,1.0,0.99,dynamic_guard
604,5.572320122333255e-07,2.757540203456785e-06,1.0,1.0,0.99,dynamic_guard
605,5.508047831685848e-07,2.7257309536104007e-06,1.0,1.0,0.99,dynamic_guard
606,5.444514367922958e-07,2.6942886354703e-06,1.0,1.0,0.99,dynamic_guard
607,5.3817162202497e-07,2.663209015881744e-06,1.0,1.0,0.99,dynamic_guard
608,5.319639953518071e-07,2.6324879115736485e-06,1.0,1.0,0.99,dynamic_guard
609,5.258282137984084e-07,2.6021211862580406e-06,1.0,1.0,0.99,dynamic_guard
610,5.197629646114142e-07,2.5721047525230884e-06,1.0,1.0,0.99,dynamic_guard
611,5.137679126914761e-07,2.542434569620461e-06,1.0,1.0,0.99,dynamic_guard
612,5.078417754091546e-07,2.5131066430812866e-06,1.0,1.0,0.99,dynamic_guard
613,5.01984225335399e-07,2.484117025164e-06,1.0,1.0,0.99,dynamic_guard
614,4.961940092907528e-07,2.455461813264751e-06,1.0,1.0,0.99,dynamic_guard
615,4.904708073587597e-07,2.4271371498469093e-06,1.0,1.0,0.99,dynamic_guard
616,4.848133950265552e-07,2.3991392217578526e-06,1.0,1.0,0.99,dynamic_guard
617,4.792214598076547e-07,2.371464260309612e-06,1.0,1.0,0.99,dynamic_guard
618,4.736938052169865e-07,2.3441085398772304e-06,1.0,1.0,0.99,dynamic_guard
619,4.682301259661098e-07,2.317068377846049e-06,1.0,1.0,0.99,dynamic_guard
620,4.628292530131803e-07,2.2903401338574545e-06,1.0,1.0,0.99,dynamic_guard
621,4.574908880526108e-07,2.263920210271002e-06,1.0,1.0,0.99,dynamic_guard
622,4.522138888359968e-07,2.237805050372274e-06,1.0,1.0,0.99,dynamic_guard
623,4.469979639681928e-07,2.2119911382903968e-06,1.0,1.0,0.99,dynamic_guard
624,4.418419973377469e-07,2.1864749995134542e-06,1.0,1.0,0.99,dynamic_guard
625,4.3674570426101264e-07,2.1612531987718713e-06,1.0,1.0,0.99,dynamic_guard
626,4.3170799422636296e-07,2.136322340931989e-06,1.0,1.0,0.99,dynamic_guard
627,4.2672858906249486e-07,2.1116790695692407e-06,1.0,1.0,0.99,dynamic_guard
628,4.21806423280498e-07,2.0873200676454386e-06,1.0,1.0,0.99,dynamic_guard
629,4.169412251099822e-07,2.063242055823697e-06,1.0,1.0,0.99,dynamic_guard
630,4.1213195345626157e-07,2.039441792687714e-06,1.0,1.0,0.99,dynamic_guard
631,4.0737834280526835e-07,2.0159160746764262e-06,1.0,1.0,0.99,dynamic_guard
632,4.026793759567082e-07,1.992661734333176e-06,1.0,1.0,0.99,dynamic_guard
633,3.9803479347620975e-07,1.9696756413929284e-06,1.0,1.0,0.99,dynamic_guard
634,3.9344360147750317e-07,1.9469547018609794e-06,1.0,1.0,0.99,dynamic_guard
635,3.8890554648345586e-07,1.9244958565043007e-06,1.0,1.0,0.99,dynamic_guard
636,3.844196573981483e-07,1.902296082360501e-06,1.0,1.0,0.99,dynamic_guard
637,3.799856865940963e-07,1.8803523908507863e-06,1.0,1.0,0.99,dynamic_guard
638,3.7560268522245706e-07,1.8586618278440076e-06,1.0,1.0,0.99,dynamic_guard
639,3.7127041132485473e-07,1.8372214736997257e-06,1.0,1.0,0.99,dynamic_guard
640,3.6698793783209543e-07,1.8160284420117972e-06,1.0,1.0,0.99,dynamic_guard
641,3.62755028318637e-07,1.7950798797939726e-06,1.0,1.0,0.99,dynamic_guard
642,3.585707769970625e-07,1.7743729668440411e-06,1.0,1.0,0.99,dynamic_guard
643,3.544349528931139e-07,1.7539049159678042e-06,1.0,1.0,0.99,dynamic_guard
644,3.503466708975514e-07,1.7336729716258637e-06,1.0,1.0,0.99,dynamic_guard
645,3.4630570540611505e-07,1.7136744102016272e-06,1.0,1.0,0.99,dynamic_guard
646,3.423111916431263e-07,1.6939065395668625e-06,1.0,1.0,0.99,dynamic_guard
647,3.3836290912579036e-07,1.6743666989163555e-06,1.0,1.0,0.99,dynamic_guard
648,3.344600128663863e-07,1.655052257357671e-06,1.0,1.0,0.99,dynamic_guard
649,3.306022875652262e-07,1.6359606149816296e-06,1.0,1.0,0.99,dynamic_guard
650,3.2678890753190115e-07,1.6170892019832683e-06,1.0,1.0,0.99,dynamic_guard
651,3.230196623773286e-07,1.5984354775944855e-06,1.0,1.0,0.99,dynamic_guard
652,3.192937454250558e-07,1.5799969310409338e-06,1.0,1.0,0.99,dynamic_guard
653,3.1561095107703623e-07,1.5617710796123106e-06,1.0,1.0,0.99,dynamic_guard
654,3.1197049113764136e-07,1.5437554703903399e-06,1.0,1.0,0.99,dynamic_guard
655,3.0837216476758217e-07,1.5259476777800641e-06,1.0,1.0,0.99,dynamic_guard
656,3.0481520181541756e-07,1.5083453047434836e-06,1.0,1.0,0.99,dynamic_guard
657,3.0129940606156897e-07,1.4909459816916552e-06,1.0,1.0,0.99,dynamic_guard
658,2.978240250230193e-07,1.473747366285445e-06,1.0,1.0,0.99,dynamic_guard
659,2.9438886698161467e-07,1.4567471430888033e-06,1.0,1.0,0.99,dynamic_guard
660,2.9099319669227276e-07,1.4399430239670366e-06,1.0,1.0,0.99,dynamic_guard
661,2.8763682685585567e-07,1.4233327464528132e-06,1.0,1.0,0.99,dynamic_guard
662,2.843190390751946e-07,1.4069140745973861e-06,1.0,1.0,0.99,dynamic_guard
663,2.810396503497436e-07,1.3906847984173647e-06,1.0,1.0,0.99,dynamic_guard
664,2.777979587933777e-07,1.3746427328094712e-06,1.0,1.0,0.99,dynamic_guard
665,2.7459378555629804e-07,1.3587857184219576e-06,1.0,1.0,0.99,dynamic_guard
666,2.714264448736644e-07,1.3431116205656064e-06,1.0,1.0,0.99,dynamic_guard
667,2.6829576199945125e-07,1.3276183292112658e-06,1.0,1.0,0.99,dynamic_guard
668,2.6520106688691334e-07,1.3123037586986976e-06,1.0,1.0,0.99,dynamic_guard
669,2.621421888044753e-07,1.2971658476005264e-06,1.0,1.0,0.99,dynamic_guard
670,2.5911847305454095e-07,1.2822025577763566e-06,1.0,1.0,0.99,dynamic_guard
671,2.561297528660313e-07,1.2674118751323988e-06,1.0,1.0,0.99,dynamic_guard
672,2.531753885110793e-07,1.2527918085090186e-06,1.0,1.0,0.99,dynamic_guard
673,2.5025521707469415e-07,1.2383403897637335e-06,1.0,1.0,0.99,dynamic_guard
674,2.473686134699459e-07,1.2240556735393646e-06,1.0,1.0,0.99,dynamic_guard
675,2.4451541855175363e-07,1.2099357366939962e-06,1.0,1.0,0.99,dynamic_guard
676,2.4169502159394717e-07,1.1959786786023565e-06,1.0,1.0,0.99,dynamic_guard
677,2.3890726703789355e-07,1.1821826203648632e-06,1.0,1.0,0.99,dynamic_guard
678,2.3615155815883932e-07,1.1685457046902934e-06,1.0,1.0,0.99,dynamic_guard
679,2.3342774302947006e-07,1.1550660960315816e-06,1.0,1.0,0.99,dynamic_guard
680,2.3073523858524203e-07,1.1417419797527907e-06,1.0,1.0,0.99,dynamic_guard
681,2.2807389636924906e-07,1.1285715618485756e-06,1.0,1.0,0.99,dynamic_guard
682,2.2544314669625078e-07,1.1155530696936699e-06,1.0,1.0,0.99,dynamic_guard
683,2.2284284452722483e-07,1.102684750758155e-06,1.0,1.0,0.99,dynamic_guard
684,2.2027243322473942e-07,1.0899648724449602e-06,1.0,1.0,0.99,dynamic_guard
685,2.1773177109538184e-07,1.0773917228459567e-06,1.0,1.0,0.99,dynamic_guard
686,2.1522031426775566e-07,1.064963609165569e-06,1.0,1.0,0.99,dynamic_guard
687,2.1273792428239602e-07,1.0526788582683378e-06,1.0,1.0,0.99,dynamic_guard
688,2.1028406972571582e-07,1.0405358165888411e-06,1.0,1.0,0.99,dynamic_guard
689,2.078586153654537e-07,1.0285328493519841e-06,1.0,1.0,0.99,dynamic_guard
690,2.0546104196083482e-07,1.0166683409645849e-06,1.0,1.0,0.99,dynamic_guard
691,2.0309121732606152e-07,1.0049406941107546e-06,1.0,1.0,0.99,dynamic_guard
692,2.0074863418460185e-07,9.933483298263583e-07,1.0,1.0,0.99,dynamic_guard
693,1.984331634131564e-07,9.818896877544356e-07,1.0,1.0,0.99,dynamic_guard
694,1.961443092962175e-07,9.705632255646707e-07,1.0,1.0,0.99,dynamic_guard
695,1.9388194570454425e-07,9.593674180791093e-07,1.0,1.0,0.99,dynamic_guard
696,1.9164558828655298e-07,9.48300758541799e-07,1.0,1.0,0.99,dynamic_guard
697,1.8943511382912936e-07,9.373617568553655e-07,1.0,1.0,0.99,dynamic_guard
698,1.8725004904895253e-07,9.26548940766417e-07,1.0,1.0,0.99,dynamic_guard
699,1.8509027360865488e-07,9.158608546472268e-07,1.0,1.0,0.99,dynamic_guard
700,1.8295532504052574e-07,9.052960594013528e-07,1.0,1.0,0.99,dynamic_guard
701,1.808450857593132e-07,8.94853132864068e-07,1.0,1.0,0.99,dynamic_guard
702,1.7875910393248337e-07,8.845306696405635e-07,1.0,1.0,0.99,dynamic_guard
703,1.7669726468233336e-07,8.74327279729562e-07,1.0,1.0,0.99,dynamic_guard
704,1.7465912653880916e-07,8.642415896592916e-07,1.0,1.0,0.99,dynamic_guard
705,1.7264457718691306e-07,8.54272241760528e-07,1.0,1.0,0.99,dynamic_guard
706,1.7065318535141427e-07,8.444178939267797e-07,1.0,1.0,0.99,dynamic_guard
707,1.6868484132667134e-07,8.346772198152424e-07,1.0,1.0,0.99,dynamic_guard
708,1.6673912364343285e-07,8.250489078869233e-07,1.0,1.0,0.99,dynamic_guard
709,1.6481592514170864e-07,8.155316621909847e-07,1.0,1.0,0.99,dynamic_guard
710,1.6291483403116235e-07,8.061242013815771e-07,1.0,1.0,0.99,dynamic_guard
711,1.6103574560368987e-07,7.968252592517805e-07,1.0,1.0,0.99,dynamic_guard
712,1.5917825753040192e-07,7.876335838138287e-07,1.0,1.0,0.99,dynamic_guard
713,1.5734226748706813e-07,7.785479376553087e-07,1.0,1.0,0.99,dynamic_guard
714,1.5552738238935357e-07,7.695670978069198e-07,1.0,1.0,0.99,dynamic_guard
715,1.5373350224530922e-07,7.606898554090732e-07,1.0,1.0,0.99,dynamic_guard
716,1.519602429314346e-07,7.519150150628857e-07,1.0,1.0,0.99,dynamic_guard
717,1.5020750684368838e-07,7.432413959551621e-07,1.0,1.0,0.99,dynamic_guard
718,1.484749186603959e-07,7.346678301177261e-07,1.0,1.0,0.99,dynamic_guard
719,1.467623829575956e-07,7.261931637129246e-07,1.0,1.0,0.99,dynamic_guard
720,1.4506953302902902e-07,7.17816255759539e-07,1.0,1.0,0.99,dynamic_guard
721,1.4339627569827632e-07,7.095359783792086e-07,1.0,1.0,0.99,dynamic_guard
722,1.4174225262385336e-07,7.013512171627524e-07,1.0,1.0,0.99,dynamic_guard
723,1.4010737274514076e-07,6.932608700650779e-07,1.0,1.0,0.99,dynamic_guard
724,1.3849128599209292e-07,6.852638482552747e-07,1.0,1.0,0.99,dynamic_guard
725,1.3689390337102587e-07,6.773590749490954e-07,1.0,1.0,0.99,dynamic_guard
726,1.3531488284063082e-07,6.695454863323606e-07,1.0,1.0,0.99,dynamic_guard
727,1.3375413745072512e-07,6.618220301269235e-07,1.0,1.0,0.99,dynamic_guard
728,1.3221133298973376e-07,6.541876669718436e-07,1.0,1.0,0.99,dynamic_guard
729,1.3068638451855407e-07,6.466413691480719e-07,1.0,1.0,0.99,dynamic_guard
730,1.2917896549119472e-07,6.391821204887212e-07,1.0,1.0,0.99,dynamic_guard
731,1.2768899290486992e-07,6.318089170969595e-07,1.0,1.0,0.99,dynamic_guard
732,1.262161477043017e-07,6.245207663596602e-07,1.0,1.0,0.99,dynamic_guard
733,1.2476034880259332e-07,6.173166870859163e-07,1.0,1.0,0.99,dynamic_guard
734,1.2332128446616585e-07,6.101957095532549e-07,1.0,1.0,0.99,dynamic_guard
735,1.2189887546767333e-07,6.031568750214655e-07,1.0,1.0,0.99,dynamic_guard
736,1.2049281717974112e-07,5.961992362977038e-07,1.0,1.0,0.99,dynamic_guard
737,1.191030322140683e-07,5.893218565081081e-07,1.0,1.0,0.99,dynamic_guard
738,1.177292229945534e-07,5.825238095887754e-07,1.0,1.0,0.99,dynamic_guard
739,1.1637131383984693e-07,5.758041808148524e-07,1.0,1.0,0.99,dynamic_guard
740,1.1502901399606653e-07,5.691620654980591e-07,1.0,1.0,0.99,dynamic_guard
741,1.1370224955652279e-07,5.625965694142508e-07,1.0,1.0,0.99,dynamic_guard
742,1.123907363927968e-07,5.561068087689693e-07,1.0,1.0,0.99,dynamic_guard
743,1.1109440231761622e-07,5.496919098339084e-07,1.0,1.0,0.99,dynamic_guard
744,1.0981296974523682e-07,5.433510091079054e-07,1.0,1.0,0.99,dynamic_guard
745,1.0854636811654577e-07,5.370832531917442e-07,1.0,1.0,0.99,dynamic_guard
746,1.0729432616859741e-07,5.308877979964715e-07,1.0,1.0,0.99,dynamic_guard
747,1.060567750299218e-07,5.24763809828449e-07,1.0,1.0,0.99,dynamic_guard
748,1.0483344966497649e-07,5.187104641528747e-07,1.0,1.0,0.99,dynamic_guard
749,1.0362428269803087e-07,5.127269459938254e-07,1.0,1.0,0.99,dynamic_guard
750,1.0242901523453762e-07,5.068124499702361e-07,1.0,1.0,0.99,dynamic_guard
751,1.0124758146764953e-07,5.00966179800697e-07,1.0,1.0,0.99,dynamic_guard
752,1.000797283913472e-07,4.951873484896005e-07,1.0,1.0,0.99,dynamic_guard
753,9.89253917133779e-08,4.894751782402665e-07,1.0,1.0,0.99,dynamic_guard
754,9.77843242483743e-08,4.838288998266299e-07,1.0,1.0,0.99,dynamic_guard
755,9.665646317826049e-08,4.782477535633479e-07,1.0,1.0,0.99,dynamic_guard
756,9.554156698750973e-08,4.7273098772376806e-07,1.0,1.0,0.99,dynamic_guard
757,9.4439574278974e-08,4.672778598772534e-07,1.0,1.0,0.99,dynamic_guard
758,9.335024909255155e-08,4.618876358738186e-07,1.0,1.0,0.99,dynamic_guard
759,9.227353143238142e-08,4.5655959015122603e-07,1.0,1.0,0.99,dynamic_guard
760,9.120919075323961e-08,4.512930052348824e-07,1.0,1.0,0.99,dynamic_guard
761,9.015716845725117e-08,4.460871727141931e-07,1.0,1.0,0.99,dynamic_guard
762,8.911723924346769e-08,4.409413911319332e-07,1.0,1.0,0.99,dynamic_guard
763,8.808934588129553e-08,4.358549681438614e-07,1.0,1.0,0.99,dynamic_guard
764,8.707326825541121e-08,4.308272186952307e-07,1.0,1.0,0.99,dynamic_guard
765,8.606895042032945e-08,4.2585746639522144e-07,1.0,1.0,0.99,dynamic_guard
766,8.507617731029254e-08,4.2094504195575373e-07,1.0,1.0,0.99,dynamic_guard
767,8.409489429569846e-08,4.160892842209687e-07,1.0,1.0,0.99,dynamic_guard
768,8.312489117600001e-08,4.1128953939263285e-07,1.0,1.0,0.99,dynamic_guard
769,8.216611463907287e-08,4.065451613512875e-07,1.0,1.0,0.99,dynamic_guard
770,8.121835930689884e-08,4.018555115639778e-07,1.0,1.0,0.99,dynamic_guard
771,8.028157304430131e-08,3.972199587118202e-07,1.0,1.0,0.99,dynamic_guard
772,7.935555519785186e-08,3.926378785232468e-07,1.0,1.0,0.99,dynamic_guard
773,7.844025484720626e-08,3.8810865453776003e-07,1.0,1.0,0.99,dynamic_guard
774,7.753547592778085e-08,3.8363167668079357e-07,1.0,1.0,0.99,dynamic_guard
775,7.664116870700912e-08,3.792063422514655e-07,1.0,1.0,0.99,dynamic_guard
776,7.575714156436415e-08,3.7483205603724957e-07,1.0,1.0,0.99,dynamic_guard
777,7.488334595732073e-08,3.7050822862479e-07,1.0,1.0,0.99,dynamic_guard
778,7.401959467089699e-08,3.6623427824400057e-07,1.0,1.0,0.99,dynamic_guard
779,7.31658402453555e-08,3.6200962950179606e-07,1.0,1.0,0.99,dynamic_guard
780,7.23218997617306e-08,3.578337135487088e-07,1.0,1.0,0.99,dynamic_guard
781,7.148772682451523e-08,3.537059682976882e-07,1.0,1.0,0.99,dynamic_guard
782,7.06631427534969e-08,3.4962583823345576e-07,1.0,1.0,0.99,dynamic_guard
783,6.984810221691195e-08,3.455927738960724e-07,1.0,1.0,0.99,dynamic_guard
784,6.904243064156036e-08,3.4160623251568974e-07,1.0,1.0,0.99,dynamic_guard
785,6.824608366257797e-08,3.3766567731238667e-07,1.0,1.0,0.99,dynamic_guard
786,6.745889077118723e-08,3.337705780731183e-07,1.0,1.0,0.99,dynamic_guard
787,6.668080863160827e-08,3.299204100626662e-07,1.0,1.0,0.99,dynamic_guard
788,6.591167059499404e-08,3.2611465518749545e-07,1.0,1.0,0.99,dynamic_guard
789,6.515143435888681e-08,3.22352801130509e-07,1.0,1.0,0.99,dynamic_guard
790,6.439993710203935e-08,3.186343413435792e-07,1.0,1.0,0.99,dynamic_guard
791,6.365713748830628e-08,3.149587756146516e-07,1.0,1.0,0.99,dynamic_guard
792,6.292287634817029e-08,3.1132560858650554e-07,1.0,1.0,0.99,dynamic_guard
793,6.219711341205015e-08,3.077343518162986e-07,1.0,1.0,0.99,dynamic_guard
794,6.14796931307075e-08,3.041845213072007e-07,1.0,1.0,0.99,dynamic_guard
795,6.077057611374143e-08,3.006756395543447e-07,1.0,1.0,0.99,dynamic_guard
796,6.00696104141027e-08,2.9720723392730517e-07,1.0,1.0,0.99,dynamic_guard
797,5.937675755242112e-08,2.937788375525135e-07,1.0,1.0,0.99,dynamic_guard
798,5.8691869017042516e-08,2.903899892271588e-07,1.0,1.0,0.99,dynamic_guard
799,5.8014907246247976e-08,2.870402324143306e-07,1.0,1.0,0.99,dynamic_guard
800,5.734572717112888e-08,2.837291163223728e-07,1.0,1.0,0.99,dynamic_guard
801,5.668429203115443e-08,2.804561950927473e-07,1.0,1.0,0.99,dynamic_guard
802,5.603046011998796e-08,2.772210283376088e-07,1.0,1.0,0.99,dynamic_guard
803,5.5384195483370324e-08,2.7402318047238864e-07,1.0,1.0,0.99,dynamic_guard
804,5.474535971021607e-08,2.7086222085185086e-07,1.0,1.0,0.99,dynamic_guard
805,5.411391764911262e-08,2.6773772403032467e-07,1.0,1.0,0.99,dynamic_guard
806,5.348973403648068e-08,2.646492695392168e-07,1.0,1.0,0.99,dynamic_guard
807,5.2872774576430286e-08,2.615964413082237e-07,1.0,1.0,0.99,dynamic_guard
808,5.226290710754573e-08,2.585788287306483e-07,1.0,1.0,0.99,dynamic_guard
809,5.166009807265549e-08,2.555960257450358e-07,1.0,1.0,0.99,dynamic_guard
810,5.1064218370006845e-08,2.5264763013882373e-07,1.0,1.0,0.99,dynamic_guard
811,5.0475235221140985e-08,2.4973324549538184e-07,1.0,1.0,0.99,dynamic_guard
812,4.9893022474991535e-08,2.468524792055726e-07,1.0,1.0,0.99,dynamic_guard
813,4.931754811365115e-08,2.4400494383710186e-07,1.0,1.0,0.99,dynamic_guard
814,4.874868884649139e-08,2.4119025567633996e-07,1.0,1.0,0.99,dynamic_guard
815,4.818641341849609e-08,2.3840803614423028e-07,1.0,1.0,0.99,dynamic_guard
816,4.763060138580112e-08,2.3565791041865633e-07,1.0,1.0,0.99,dynamic_guard
817,4.708122216924448e-08,2.329395083071228e-07,1.0,1.0,0.99,dynamic_guard
818,4.653815809291001e-08,2.3025246421928717e-07,1.0,1.0,0.99,dynamic_guard
819,4.6001379292541113e-08,2.275964160766428e-07,1.0,1.0,0.99,dynamic_guard
820,4.54707708120372e-08,2.2497100647343597e-07,1.0,1.0,0.99,dynamic_guard
821,4.4946303447673084e-08,2.2237588183038774e-07,1.0,1.0,0.99,dynamic_guard
822,4.442786484469678e-08,2.1981069297163343e-07,1.0,1.0,0.99,dynamic_guard
823,4.391542654600649e-08,2.1727509470104183e-07,1.0,1.0,0.99,dynamic_guard
824,4.340887873688086e-08,2.147687452541129e-07,1.0,1.0,0.99,dynamic_guard
825,4.2908193607085297e-08,2.1229130753926562e-07,1.0,1.0,0.99,dynamic_guard
826,4.241326383755566e-08,2.0984244803369065e-07,1.0,1.0,0.99,dynamic_guard
827,4.19240622968885e-08,2.0742183691610926e-07,1.0,1.0,0.99,dynamic_guard
828,4.1440484136559057e-08,2.0502914847307723e-07,1.0,1.0,0.99,dynamic_guard
829,4.096250278830868e-08,2.0266406071943024e-07,1.0,1.0,0.99,dynamic_guard
830,4.049001583927841e-08,2.0032625495703644e-07,1.0,1.0,0.99,dynamic_guard
831,4.002299736929244e-08,1.9801541674343453e-07,1.0,1.0,0.99,dynamic_guard
832,3.956134727100026e-08,1.9573123500257117e-07,1.0,1.0,0.99,dynamic_guard
833,3.91050402174916e-08,1.9347340212634407e-07,1.0,1.0,0.99,dynamic_guard
834,3.8653978407991216e-08,1.9124161408581327e-07,1.0,1.0,0.99,dynamic_guard
835,3.820813709634652e-08,1.8903557051918914e-07,1.0,1.0,0.99,dynamic_guard
836,3.776742073026994e-08,1.8685497456983654e-07,1.0,1.0,0.99,dynamic_guard
837,3.733180511174024e-08,1.8469953249650922e-07,1.0,1.0,0.99,dynamic_guard
838,3.690119691776753e-08,1.8256895417171602e-07,1.0,1.0,0.99,dynamic_guard
839,3.647557247816398e-08,1.8046295316224152e-07,1.0,1.0,0.99,dynamic_guard
840,3.605484060316648e-08,1.7838124553391483e-07,1.0,1.0,0.99,dynamic_guard
841,3.563897818020705e-08,1.7632355111871833e-07,1.0,1.0,0.99,dynamic_guard
842,3.522789610377774e-08,1.742895929578652e-07,1.0,1.0,0.99,dynamic_guard
843,3.482157179957799e-08,1.7227909730400427e-07,1.0,1.0,0.99,dynamic_guard
844,3.4419918203035055e-08,1.7029179343209275e-07,1.0,1.0,0.99,dynamic_guard
845,3.402291326262999e-08,1.6832741390124132e-07,1.0,1.0,0.99,dynamic_guard
846,3.3630471890187475e-08,1.6638569407417954e-07,1.0,1.0,0.99,dynamic_guard
847,3.324257253121063e-08,1.6446637292044049e-07,1.0,1.0,0.99,dynamic_guard
848,3.285913210460799e-08,1.625691917251251e-07,1.0,1.0,0.99,dynamic_guard
849,3.2480129517858065e-08,1.6069389529111377e-07,1.0,1.0,0.99,dynamic_guard
850,3.210548357243516e-08,1.5884023090796225e-07,1.0,1.0,0.99,dynamic_guard
851,3.173517370773697e-08,1.570079494783215e-07,1.0,1.0,0.99,dynamic_guard
852,3.136912053339587e-08,1.5519680399936776e-07,1.0,1.0,0.99,dynamic_guard
853,3.100730400784456e-08,1.534065506420996e-07,1.0,1.0,0.99,dynamic_guard
854,3.0649646544020674e-08,1.5163694868013627e-07,1.0,1.0,0.99,dynamic_guard
855,3.0296128537735885e-08,1.4988775967435617e-07,1.0,1.0,0.99,dynamic_guard
856,2.994667421967954e-08,1.4815874822842232e-07,1.0,1.0,0.99,dynamic_guard
857,2.960126442628969e-08,1.4644968149051858e-07,1.0,1.0,0.99,dynamic_guard
858,2.9259825110884202e-08,1.4476032948768796e-07,1.0,1.0,0.99,dynamic_guard
859,2.8922337534681247e-08,1.4309046490089544e-07,1.0,1.0,0.99,dynamic_guard
860,2.858872939466574e-08,1.414398626857689e-07,1.0,1.0,0.99,dynamic_guard
861,2.825898234710853e-08,1.3980830089382893e-07,1.0,1.0,0.99,dynamic_guard
862,2.7933025756278275e-08,1.381955597859122e-07,1.0,1.0,0.99,dynamic_guard
863,2.761084169456465e-08,1.366014222158231e-07,1.0,1.0,0.99,dynamic_guard
864,2.7292361168528084e-08,1.350256734414607e-07,1.0,1.0,0.99,dynamic_guard
865,2.69775666477548e-08,1.3346810172236652e-07,1.0,1.0,0.99,dynamic_guard
866,2.6666390696457277e-08,1.3192849704240574e-07,1.0,1.0,0.99,dynamic_guard
867,2.6358816226253315e-08,1.3040665239744612e-07,1.0,1.0,0.99,dynamic_guard
868,2.6054777327796347e-08,1.2890236276990344e-07,1.0,1.0,0.99,dynamic_guard
869,2.5754257316034077e-08,1.2741542551924495e-07,1.0,1.0,0.99,dynamic_guard
870,2.5457191782562357e-08,1.2594564079778169e-07,1.0,1.0,0.99,dynamic_guard
871,2.5163564409703993e-08,1.244928105266836e-07,1.0,1.0,0.99,dynamic_guard
872,2.4873312296205705e-08,1.2305673913423823e-07,1.0,1.0,0.99,dynamic_guard
873,2.4586419491705826e-08,1.2163723342765983e-07,1.0,1.0,0.99,dynamic_guard
874,2.4302824510332324e-08,1.2023410229816276e-07,1.0,1.0,0.99,dynamic_guard
875,2.4022511817083387e-08,1.1884715688064066e-07,1.0,1.0,0.99,dynamic_guard
876,2.374542129912388e-08,1.1747621021473983e-07,1.0,1.0,0.99,dynamic_guard
877,2.3471537784134045e-08,1.1612107797920624e-07,1.0,1.0,0.99,dynamic_guard
878,2.3200802565668696e-08,1.1478157772129993e-07,1.0,1.0,0.99,dynamic_guard
879,2.2933200749005164e-08,1.134575292095147e-07,1.0,1.0,0.99,dynamic_guard
880,2.2668675034112556e-08,1.1214875383453104e-07,1.0,1.0,0.99,dynamic_guard
881,2.2407210893873268e-08,1.1085507591771346e-07,1.0,1.0,0.99,dynamic_guard
882,2.2148752268047615e-08,1.0957632076182508e-07,1.0,1.0,0.99,dynamic_guard
883,2.1893284984908256e-08,1.0831231669121836e-07,1.0,1.0,0.99,dynamic_guard
884,2.164075431158367e-08,1.070628934446442e-07,1.0,1.0,0.99,dynamic_guard
885,2.1391146370277088e-08,1.0582788277738993e-07,1.0,1.0,0.99,dynamic_guard
886,2.114440765633457e-08,1.0460711825118636e-07,1.0,1.0,0.99,dynamic_guard
887,2.0900524661697933e-08,1.0340043572755358e-07,1.0,1.0,0.99,dynamic_guard
888,2.065944509387497e-08,1.0220767286693011e-07,1.0,1.0,0.99,dynamic_guard
889,2.042115571957316e-08,1.010286688938982e-07,1.0,1.0,0.99,dynamic_guard
890,2.0185605513788318e-08,9.986326520838676e-08,1.0,1.0,0.99,dynamic_guard
891,1.9952781488620008e-08,9.871130484555396e-08,1.0,1.0,0.99,dynamic_guard
892,1.9722633794425792e-08,9.757263271033915e-08,1.0,1.0,0.99,dynamic_guard
893,1.9495149756821855e-08,9.644709568048159e-08,1.0,1.0,0.99,dynamic_guard
894,1.927028065526184e-08,9.53345419590899e-08,1.0,1.0,0.99,dynamic_guard
895,1.9048014152046868e-08,9.423482199522039e-08,1.0,1.0,0.99,dynamic_guard
896,1.88283025968593e-08,9.314778800941322e-08,1.0,1.0,0.99,dynamic_guard
897,1.8611133934669368e-08,9.207329312285528e-08,1.0,1.0,0.99,dynamic_guard
898,1.8396461618120754e-08,9.101119299766886e-08,1.0,1.0,0.99,dynamic_guard
899,1.818427387851378e-08,8.996134440951793e-08,1.0,1.0,0.99,dynamic_guard
900,1.7974525251773785e-08,8.892360637732055e-08,1.0,1.0,0.99,dynamic_guard
901,1.7767204189222434e-08,8.789783908952623e-08,1.0,1.0,0.99,dynamic_guard
902,1.756226629364518e-08,8.688390438557196e-08,1.0,1.0,0.99,dynamic_guard
903,1.7359700301301132e-08,8.588166574647508e-08,1.0,1.0,0.99,dynamic_guard
904,1.7159462813697492e-08,8.489098831093621e-08,1.0,1.0,0.99,dynamic_guard
905,1.6961542802267477e-08,8.391173884510443e-08,1.0,1.0,0.99,dynamic_guard
906,1.676589791504734e-08,8.294378509507732e-08,1.0,1.0,0.99,dynamic_guard
907,1.6572517368322404e-08,8.198699712761692e-08,1.0,1.0,0.99,dynamic_guard
908,1.6381359736924277e-08,8.10412462694747e-08,1.0,1.0,0.99,dynamic_guard
909,1.6192414514361224e-08,8.010640476322859e-08,1.0,1.0,0.99,dynamic_guard
910,1.600564121060809e-08,7.918234721409143e-08,1.0,1.0,0.99,dynamic_guard
911,1.5821029594561737e-08,7.826894891913511e-08,1.0,1.0,0.99,dynamic_guard
912,1.563854006598555e-08,7.736608707319106e-08,1.0,1.0,0.99,dynamic_guard
913,1.545816264870106e-08,7.647363977666972e-08,1.0,1.0,0.99,dynamic_guard
914,1.5279858673635873e-08,7.559148744012668e-08,1.0,1.0,0.99,dynamic_guard
915,1.5103618355198407e-08,7.471951103785099e-08,1.0,1.0,0.99,dynamic_guard
916,1.4929403908496434e-08,7.385759313682298e-08,1.0,1.0,0.99,dynamic_guard
917,1.4757205780077776e-08,7.300561806230587e-08,1.0,1.0,0.99,dynamic_guard
918,1.4586987072454547e-08,7.216347050481615e-08,1.0,1.0,0.99,dynamic_guard
919,1.4418738436492233e-08,7.133103765397582e-08,1.0,1.0,0.99,dynamic_guard
920,1.4252423818730977e-08,7.050820709945969e-08,1.0,1.0,0.99,dynamic_guard
921,1.408803409031903e-08,6.969486814458764e-08,1.0,1.0,0.99,dynamic_guard
922,1.3925534006661954e-08,6.889091135451214e-08,1.0,1.0,0.99,dynamic_guard
923,1.3764914695445572e-08,6.809622865343987e-08,1.0,1.0,0.99,dynamic_guard
924,1.3606141677314754e-08,6.731071285651895e-08,1.0,1.0,0.99,dynamic_guard
925,1.3449206287430861e-08,6.653425818312989e-08,1.0,1.0,0.99,dynamic_guard
926,1.3294074846331134e-08,6.576676026980539e-08,1.0,1.0,0.99,dynamic_guard
927,1.3140738874072296e-08,6.500811564143784e-08,1.0,1.0,0.99,dynamic_guard
928,1.2989165483189701e-08,6.425822240489173e-08,1.0,1.0,0.99,dynamic_guard
929,1.2839346400721316e-08,6.351697940312519e-08,1.0,1.0,0.99,dynamic_guard
930,1.2691249456518873e-08,6.27842870027316e-08,1.0,1.0,0.99,dynamic_guard
931,1.2544866573666558e-08,6.20600462554532e-08,1.0,1.0,0.99,dynamic_guard
932,1.2400166349247469e-08,6.134416018755157e-08,1.0,1.0,0.99,dynamic_guard
933,1.2257140857343008e-08,6.06365319714379e-08,1.0,1.0,0.99,dynamic_guard
934,1.211575945251915e-08,5.993706644158077e-08,1.0,1.0,0.99,dynamic_guard
935,1.197601437186456e-08,5.924566958812014e-08,1.0,1.0,0.99,dynamic_guard
936,1.183787563409358e-08,5.856224830564e-08,1.0,1.0,0.99,dynamic_guard
937,1.1701335705553948e-08,5.7886710516099055e-08,1.0,1.0,0.99,dynamic_guard
938,1.1566365284733228e-08,5.72189652748725e-08,1.0,1.0,0.99,dynamic_guard
939,1.1432957004418491e-08,5.65589227424179e-08,1.0,1.0,0.99,dynamic_guard
940,1.1301082234977438e-08,5.5906493940437295e-08,1.0,1.0,0.99,dynamic_guard
941,1.1170733755027632e-08,5.52615913489685e-08,1.0,1.0,0.99,dynamic_guard
942,1.104188363609868e-08,5.462412780845593e-08,1.0,1.0,0.99,dynamic_guard
943,1.0914524808505527e-08,5.3994017621188164e-08,1.0,1.0,0.99,dynamic_guard
944,1.0788629950798666e-08,5.3371176026749974e-08,1.0,1.0,0.99,dynamic_guard
945,1.0664192198050685e-08,5.275551906666642e-08,1.0,1.0,0.99,dynamic_guard
946,1.0541184829084632e-08,5.2146964139524536e-08,1.0,1.0,0.99,dynamic_guard
947,1.0419601123762755e-08,5.154542901381828e-08,1.0,1.0,0.99,dynamic_guard
948,1.0299415046339002e-08,5.095083273275927e-08,1.0,1.0,0.99,dynamic_guard
949,1.0180619966645977e-08,5.0363095338499816e-08,1.0,1.0,0.99,dynamic_guard
950,1.0063190424703643e-08,4.978213789347728e-08,1.0,1.0,0.99,dynamic_guard
951,9.947120003880567e-09,4.920788188380052e-08,1.0,1.0,0.99,dynamic_guard
952,9.83238380197906e-09,4.8640250242577475e-08,1.0,1.0,0.99,dynamic_guard
953,9.718975523748039e-09,4.8079166323002075e-08,1.0,1.0,0.99,dynamic_guard
954,9.606870885121548e-09,4.7524554670752573e-08,1.0,1.0,0.99,dynamic_guard
955,9.496063728456376e-09,4.697634068916027e-08,1.0,1.0,0.99,dynamic_guard
956,9.38653028350732e-09,4.643445064626869e-08,1.0,1.0,0.99,dynamic_guard
957,9.278264564932125e-09,4.5898811465054e-08,1.0,1.0,0.99,dynamic_guard
958,9.171243353131496e-09,4.536935103419971e-08,1.0,1.0,0.99,dynamic_guard
959,9.065460774169307e-09,4.484599829504039e-08,1.0,1.0,0.99,dynamic_guard
960,8.96089418454011e-09,4.432868257398871e-08,1.0,1.0,0.99,dynamic_guard
961,8.857537817074274e-09,4.3817334130819046e-08,1.0,1.0,0.99,dynamic_guard
962,8.755369532279789e-09,4.331188436607873e-08,1.0,1.0,0.99,dynamic_guard
963,8.654383719495308e-09,4.281226509779478e-08,1.0,1.0,0.99,dynamic_guard
964,8.554558716487036e-09,4.231840917649178e-08,1.0,1.0,0.99,dynamic_guard
965,8.455889116485146e-09,4.183025011445745e-08,1.0,1.0,0.99,dynamic_guard
966,8.358353681210174e-09,4.134772202893298e-08,1.0,1.0,0.99,dynamic_guard
967,8.261947118996077e-09,4.087076015763847e-08,1.0,1.0,0.99,dynamic_guard
968,8.166648738171257e-09,4.039930020806694e-08,1.0,1.0,0.99,dynamic_guard
969,8.072453327590452e-09,3.9933278705597973e-08,1.0,1.0,0.99,dynamic_guard
970,7.97934067204643e-09,3.947263300517743e-08,1.0,1.0,0.99,dynamic_guard
971,7.88730572930701e-09,3.901730087794249e-08,1.0,1.0,0.99,dynamic_guard
972,7.796328677491744e-09,3.856722137025201e-08,1.0,1.0,0.99,dynamic_guard
973,7.706404611660019e-09,3.8122333671527e-08,1.0,1.0,0.99,dynamic_guard
974,7.617514193348667e-09,3.768257771269043e-08,1.0,1.0,0.99,dynamic_guard
975,7.529652587216352e-09,3.724789462802297e-08,1.0,1.0,0.99,dynamic_guard
976,7.442800944618604e-09,3.681822593759321e-08,1.0,1.0,0.99,dynamic_guard
977,7.356954510447891e-09,3.639351331566531e-08,1.0,1.0,0.99,dynamic_guard
978,7.272094880399313e-09,3.597370012292571e-08,1.0,1.0,0.99,dynamic_guard
979,7.1882173844075365e-09,3.555872946415016e-08,1.0,1.0,0.99,dynamic_guard
980,7.1053040890778045e-09,3.51485459852663e-08,1.0,1.0,0.99,dynamic_guard
981,7.023350385185709e-09,3.47430938937843e-08,1.0,1.0,0.99,dynamic_guard
982,6.94233875819847e-09,3.434231885565767e-08,1.0,1.0,0.99,dynamic_guard
983,6.86226473094091e-09,3.3946166770904774e-08,1.0,1.0,0.99,dynamic_guard
984,6.7831111536300764e-09,3.355458470241434e-08,1.0,1.0,0.99,dynamic_guard
985,6.704873695616102e-09,3.3167519561367246e-08,1.0,1.0,0.99,dynamic_guard
986,6.627535549991514e-09,3.2784919308449545e-08,1.0,1.0,0.99,dynamic_guard
987,6.55109253278156e-09,3.240673261047376e-08,1.0,1.0,0.99,dynamic_guard
988,6.475528193312641e-09,3.2032908284507584e-08,1.0,1.0,0.99,dynamic_guard
989,6.400838443247622e-09,3.166339622387318e-08,1.0,1.0,0.99,dynamic_guard
990,6.327007239824556e-09,3.1298146689717614e-08,1.0,1.0,0.99,dynamic_guard
991,6.254030542160283e-09,3.093711043139233e-08,1.0,1.0,0.99,dynamic_guard
992,6.1818927187461586e-09,3.058023873610537e-08,1.0,1.0,0.99,dynamic_guard
993,6.110589793392085e-09,3.022748387648852e-08,1.0,1.0,0.99,dynamic_guard
994,6.040106515548282e-09,2.9878798033735503e-08,1.0,1.0,0.99,dynamic_guard
995,5.970438987905068e-09,2.9534134313822148e-08,1.0,1.0,0.99,dynamic_guard
996,5.901572275740847e-09,2.919344673395301e-08,1.0,1.0,0.99,dynamic_guard
997,5.833502620760316e-09,2.8856688803494883e-08,1.0,1.0,0.99,dynamic_guard
998,5.7662154249707655e-09,2.8523815709257442e-08,1.0,1.0,0.99,dynamic_guard
999,5.6997069954674e-09,2.8194782373040853e-08,1.0,1.0,0.99,dynamic_guard
1000,5.63396306859542e-09,2.7869544552551604e-08,1.0,1.0,0.99,dynamic_guard
1001,5.568980067567676e-09,2.754805834268645e-08,1.0,1.0,0.99,dynamic_guard
1002,5.504744035564995e-09,2.723028072917093e-08,1.0,1.0,0.99,dynamic_guard
1003,5.441251452097055e-09,2.6916168748595756e-08,1.0,1.0,0.99,dynamic_guard
1004,5.378488727702849e-09,2.660568016159456e-08,1.0,1.0,0.99,dynamic_guard
1005,5.316452395534298e-09,2.6298773220076696e-08,1.0,1.0,0.99,dynamic_guard
1006,5.255129169639782e-09,2.5995406574520325e-08,1.0,1.0,0.99,dynamic_guard
1007,5.194515692003235e-09,2.569553940326438e-08,1.0,1.0,0.99,dynamic_guard
1008,5.134598966267294e-09,2.539913127872903e-08,1.0,1.0,0.99,dynamic_guard
1009,5.075375695952514e-09,2.5106142360281678e-08,1.0,1.0,0.99,dynamic_guard
1010,5.0168332005632464e-09,2.481653312808229e-08,1.0,1.0,0.99,dynamic_guard
1011,4.95896827449208e-09,2.4530264524877545e-08,1.0,1.0,0.99,dynamic_guard
1012,4.9017684847302646e-09,2.4247298277925024e-08,1.0,1.0,0.99,dynamic_guard
1013,4.8452307217881454e-09,2.3967596200315547e-08,1.0,1.0,0.99,dynamic_guard
1014,4.789342866607687e-09,2.3691120472985165e-08,1.0,1.0,0.99,dynamic_guard
1015,4.7341018501070824e-09,2.341783395614885e-08,1.0,1.0,0.99,dynamic_guard
1016,4.67949580263987e-09,2.3147699988408844e-08,1.0,1.0,0.99,dynamic_guard
1017,4.625521768689245e-09,2.288068219769351e-08,1.0,1.0,0.99,dynamic_guard
1018,4.572168168699789e-09,2.2616744565738567e-08,1.0,1.0,0.99,dynamic_guard
1019,4.519432067775838e-09,2.235585138502479e-08,1.0,1.0,0.99,dynamic_guard
1020,4.467302169128794e-09,2.209796772009077e-08,1.0,1.0,0.99,dynamic_guard
1021,4.415775616523355e-09,2.184305893227206e-08,1.0,1.0,0.99,dynamic_guard
1022,4.364841360391401e-09,2.159109043441737e-08,1.0,1.0,0.99,dynamic_guard
1023,4.314496603123546e-09,2.1342028821573363e-08,1.0,1.0,0.99,dynamic_guard
1024,4.264730542960968e-09,2.1095840035208454e-08,1.0,1.0,0.99,dynamic_guard
1025,4.2155404841961844e-09,2.0852491108144734e-08,1.0,1.0,0.99,dynamic_guard
1026,4.166915856485855e-09,2.061194931957992e-08,1.0,1.0,0.99,dynamic_guard
1027,4.1188540076062534e-09,2.037418223686217e-08,1.0,1.0,0.99,dynamic_guard
1028,4.07134462096395e-09,2.0139157984410342e-08,1.0,1.0,0.99,dynamic_guard
1029,4.02438510021772e-09,1.9906844602360133e-08,1.0,1.0,0.99,dynamic_guard
1030,3.977965371550139e-09,1.9677211312271e-08,1.0,1.0,0.99,dynamic_guard
1031,3.93208291011408e-09,1.9450226841920314e-08,1.0,1.0,0.99,dynamic_guard
1032,3.8867278447891456e-09,1.9225860779725973e-08,1.0,1.0,0.99,dynamic_guard
1033,3.8418977277223794e-09,1.9004082815139122e-08,1.0,1.0,0.99,dynamic_guard
1034,3.797582932015595e-09,1.878486295131379e-08,1.0,1.0,0.99,dynamic_guard
1035,3.7537810175138485e-09,1.8568172108103718e-08,1.0,1.0,0.99,dynamic_guard
1036,3.710482608450404e-09,1.8353980767749856e-08,1.0,1.0,0.99,dynamic_guard
1037,3.6676853305488077e-09,1.8142260111125926e-08,1.0,1.0,0.99,dynamic_guard
1038,3.625379990558993e-09,1.793298178952742e-08,1.0,1.0,0.99,dynamic_guard
1039,3.5835643025623877e-09,1.7726117830598427e-08,1.0,1.0,0.99,dynamic_guard
1040,3.542229281339242e-09,1.7521639857453653e-08,1.0,1.0,0.99,dynamic_guard
1041,3.5013726577754513e-09,1.7319520648144004e-08,1.0,1.0,0.99,dynamic_guard
1042,3.4609856967290627e-09,1.7119732966507174e-08,1.0,1.0,0.99,dynamic_guard
1043,3.421066159131373e-09,1.6922250005211613e-08,1.0,1.0,0.99,dynamic_guard
1044,3.3816054794646533e-09,1.6727044993559948e-08,1.0,1.0,0.99,dynamic_guard
1045,3.3426015193594745e-09,1.6534091808962913e-08,1.0,1.0,0.99,dynamic_guard
1046,3.3040459083232674e-09,1.634336428211568e-08,1.0,1.0,0.99,dynamic_guard
1047,3.2659365344579237e-09,1.61548369679232e-08,1.0,1.0,0.99,dynamic_guard
1048,3.2282652091492e-09,1.5968484316883453e-08,1.0,1.0,0.99,dynamic_guard
1049,3.1910299210216362e-09,1.578428129980643e-08,1.0,1.0,0.99,dynamic_guard
1050,3.154222629056009e-09,1.5602203428673162e-08,1.0,1.0,0.99,dynamic_guard
1051,3.1178413306943656e-09,1.5422225538654866e-08,1.0,1.0,0.99,dynamic_guard
1052,3.081878235757352e-09,1.5244323818313694e-08,1.0,1.0,0.99,dynamic_guard
1053,3.0463314055862507e-09,1.5068474436925705e-08,1.0,1.0,0.99,dynamic_guard
1054,3.0111931383951345e-09,1.489465332195091e-08,1.0,1.0,0.99,dynamic_guard
1055,2.9764615624835236e-09,1.472283749278067e-08,1.0,1.0,0.99,dynamic_guard
1056,2.942129239698463e-09,1.4553003376511779e-08,1.0,1.0,0.99,dynamic_guard
1057,2.9081942688884896e-09,1.438512855169762e-08,1.0,1.0,0.99,dynamic_guard
1058,2.8746493728610586e-09,1.4219190325215075e-08,1.0,1.0,0.99,dynamic_guard
1059,2.841492730145362e-09,1.4055166101997797e-08,1.0,1.0,0.99,dynamic_guard
1060,2.808717222423696e-09,1.3893033872859423e-08,1.0,1.0,0.99,dynamic_guard
1061,2.776321040359932e-09,1.37327719649763e-08,1.0,1.0,0.99,dynamic_guard
1062,2.74429725446993e-09,1.3574358958119321e-08,1.0,1.0,0.99,dynamic_guard
1063,2.712644108718526e-09,1.3417773081116684e-08,1.0,1.0,0.99,dynamic_guard
1064,2.6813548125582237e-09,1.3262993564453709e-08,1.0,1.0,0.99,dynamic_guard
1065,2.650427664175456e-09,1.3109999459639344e-08,1.0,1.0,0.99,dynamic_guard
1066,2.6198560067728486e-09,1.295877014826281e-08,1.0,1.0,0.99,dynamic_guard
1067,2.5896381763006758e-09,1.2809285543807666e-08,1.0,1.0,0.99,dynamic_guard
1068,2.559767710357955e-09,1.2661524863371027e-08,1.0,1.0,0.99,dynamic_guard
1069,2.530242962921997e-09,1.2515468929558606e-08,1.0,1.0,0.99,dynamic_guard
1070,2.5010575807273366e-09,1.2371097828679179e-08,1.0,1.0,0.99,dynamic_guard
1071,2.4722099971495233e-09,1.2228391978984412e-08,1.0,1.0,0.99,dynamic_guard
1072,2.443694020756615e-09,1.2087332500431784e-08,1.0,1.0,0.99,dynamic_guard
1073,2.415508075820764e-09,1.194790015734352e-08,1.0,1.0,0.99,dynamic_guard
1074,2.387646137928346e-09,1.1810075882964778e-08,1.0,1.0,0.99,dynamic_guard
1075,2.3601066682824888e-09,1.1673841862204692e-08,1.0,1.0,0.99,dynamic_guard
1076,2.3328837434871937e-09,1.1539179128617449e-08,1.0,1.0,0.99,dynamic_guard
1077,2.305975913687419e-09,1.1406069991623485e-08,1.0,1.0,0.99,dynamic_guard
1078,2.2793773640916777e-09,1.1274496101225544e-08,1.0,1.0,0.99,dynamic_guard
1079,2.253086678555164e-09,1.1144440088301535e-08,1.0,1.0,0.99,dynamic_guard
1080,2.2270982001102757e-09,1.1015884150971765e-08,1.0,1.0,0.99,dynamic_guard
1081,2.2014105128424678e-09,1.0888811310520943e-08,1.0,1.0,0.99,dynamic_guard
1082,2.1760180871934755e-09,1.0763204234534e-08,1.0,1.0,0.99,dynamic_guard
1083,2.1509195732617053e-09,1.0639046031100431e-08,1.0,1.0,0.99,dynamic_guard
1084,2.1261095427533884e-09,1.0516320203685228e-08,1.0,1.0,0.99,dynamic_guard
1085,2.10158667815464e-09,1.0395010130479752e-08,1.0,1.0,0.99,dynamic_guard
1086,2.077345683754768e-09,1.0275099137483737e-08,1.0,1.0,0.99,dynamic_guard
1087,2.053385276308121e-09,1.01565714842331e-08,1.0,1.0,0.99,dynamic_guard
1088,2.0297002733430338e-09,1.0039411060299253e-08,1.0,1.0,0.99,dynamic_guard
1089,2.006289388669677e-09,9.923602163700515e-09,1.0,1.0,0.99,dynamic_guard
1090,1.983147627481494e-09,9.809129305622904e-09,1.0,1.0,0.99,dynamic_guard
1091,1.960273689472878e-09,9.695976672503399e-09,1.0,1.0,0.99,dynamic_guard
1092,1.9376627134506133e-09,9.584129583870193e-09,1.0,1.0,0.99,dynamic_guard
1093,1.9153133950336034e-09,9.473572390600699e-09,1.0,1.0,0.99,dynamic_guard
1094,1.8932210146167315e-09,9.364290680416614e-09,1.0,1.0,0.99,dynamic_guard
1095,1.8713843110993625e-09,9.256269537288811e-09,1.0,1.0,0.99,dynamic_guard
1096,1.8497986186532623e-09,9.14949441902531e-09,1.0,1.0,0.99,dynamic_guard
1097,1.8284627543923398e-09,9.043951119224247e-09,1.0,1.0,0.99,dynamic_guard
1098,1.8073721461048762e-09,8.939625228981053e-09,1.0,1.0,0.99,dynamic_guard
1099,1.7865256438853954e-09,8.836502816415547e-09,1.0,1.0,0.99,dynamic_guard
1100,1.7659187641778036e-09,8.73456971406736e-09,1.0,1.0,0.99,dynamic_guard
1101,1.7455503859323488e-09,8.633812801635002e-09,1.0,1.0,0.99,dynamic_guard
1102,1.7254161494001131e-09,8.534217790949978e-09,1.0,1.0,0.99,dynamic_guard
1103,1.7055149369547434e-09,8.435772004895378e-09,1.0,1.0,0.99,dynamic_guard
1104,1.6858424743764305e-09,8.338461707126884e-09,1.0,1.0,0.99,dynamic_guard
1105,1.6663977134283002e-09,8.242273854040993e-09,1.0,1.0,0.99,dynamic_guard
1106,1.6471764596442766e-09,8.147195603817779e-09,1.0,1.0,0.99,dynamic_guard
1107,1.6281776686923513e-09,8.053214157435349e-09,1.0,1.0,0.99,dynamic_guard
1108,1.6093972837102638e-09,7.960316769150181e-09,1.0,1.0,0.99,dynamic_guard
1109,1.5908342486772893e-09,7.86849110279561e-09,1.0,1.0,0.99,dynamic_guard
1110,1.5724845829736292e-09,7.777724528924043e-09,1.0,1.0,0.99,dynamic_guard
1111,1.5543473050571247e-09,7.688004968570367e-09,1.0,1.0,0.99,dynamic_guard
1112,1.536418532155966e-09,7.599320405231372e-09,1.0,1.0,0.99,dynamic_guard
1113,1.5186972318058174e-09,7.511658822436882e-09,1.0,1.0,0.99,dynamic_guard
1114,1.5011796639562085e-09,7.4250084538701156e-09,1.0,1.0,0.99,dynamic_guard
1115,1.4838648244321376e-09,7.3393578266764775e-09,1.0,1.0,0.99,dynamic_guard
1116,1.466749026412198e-09,7.254694907331631e-09,1.0,1.0,0.99,dynamic_guard
1117,1.4498313214146636e-09,7.171008815369566e-09,1.0,1.0,0.99,dynamic_guard
1118,1.4331080928543606e-09,7.088287947406218e-09,1.0,1.0,0.99,dynamic_guard
1119,1.4165783922320567e-09,7.006521348673e-09,1.0,1.0,0.99,dynamic_guard
1120,1.4002387129845404e-09,6.925698004179825e-09,1.0,1.0,0.99,dynamic_guard
1121,1.3840881462039926e-09,6.845806972075357e-09,1.0,1.0,0.99,dynamic_guard
1122,1.3681232257400473e-09,6.766837484166112e-09,1.0,1.0,0.99,dynamic_guard
1123,1.3523430846263215e-09,6.688778964969609e-09,1.0,1.0,0.99,dynamic_guard
1124,1.33674432162892e-09,6.611620819881602e-09,1.0,1.0,0.99,dynamic_guard
1125,1.3213261354821463e-09,6.535352762461133e-09,1.0,1.0,0.99,dynamic_guard
1126,1.306085152850402e-09,6.459964438130222e-09,1.0,1.0,0.99,dynamic_guard
1127,1.2910205552184752e-09,6.385445869917329e-09,1.0,1.0,0.99,dynamic_guard
1128,1.2761291340655992e-09,6.311786584897878e-09,1.0,1.0,0.99,dynamic_guard
1129,1.261410075946799e-09,6.238977318427931e-09,1.0,1.0,0.99,dynamic_guard
1130,1.246860193575462e-09,6.167007860697604e-09,1.0,1.0,0.99,dynamic_guard
1131,1.2324787209720129e-09,6.095868666070792e-09,1.0,1.0,0.99,dynamic_guard
1132,1.2182625663073263e-09,6.025549968620989e-09,1.0,1.0,0.99,dynamic_guard
1133,1.2042109300553582e-09,5.956042436882677e-09,1.0,1.0,0.99,dynamic_guard
1134,1.1903208387285304e-09,5.887336667981226e-09,1.0,1.0,0.99,dynamic_guard
1135,1.1765914973719225e-09,5.8194235588527045e-09,1.0,1.0,0.99,dynamic_guard
1136,1.1630199696312715e-09,5.752293762486845e-09,1.0,1.0,0.99,dynamic_guard
1137,1.149605520274474e-09,5.685938290618939e-09,1.0,1.0,0.99,dynamic_guard
1138,1.1363452781124603e-09,5.62034829958466e-09,1.0,1.0,0.99,dynamic_guard
1139,1.123238486794161e-09,5.555515045550985e-09,1.0,1.0,0.99,dynamic_guard
1140,1.1102823786525774e-09,5.491429525271733e-09,1.0,1.0,0.99,dynamic_guard
1141,1.0974762146459388e-09,5.428083319408816e-09,1.0,1.0,0.99,dynamic_guard
1142,1.0848172579918333e-09,5.365467872915914e-09,1.0,1.0,0.99,dynamic_guard
1143,1.0723048025296794e-09,5.303574446455207e-09,1.0,1.0,0.99,dynamic_guard
1144,1.0599361821858443e-09,5.242395223885332e-09,1.0,1.0,0.99,dynamic_guard
1145,1.0477107395444364e-09,5.181921734622706e-09,1.0,1.0,0.99,dynamic_guard
1146,1.035625784410477e-09,5.1221456848239485e-09,1.0,1.0,0.99,dynamic_guard
1147,1.0236807418797507e-09,5.063059349159792e-09,1.0,1.0,0.99,dynamic_guard
1148,1.0118729714856928e-09,5.004654534315265e-09,1.0,1.0,0.99,dynamic_guard
1149,1.0002018749160657e-09,4.94692350148989e-09,1.0,1.0,0.99,dynamic_guard
1150,9.886649382687148e-10,4.889858098221941e-09,1.0,1.0,0.99,dynamic_guard
1151,9.772615196066532e-10,4.833451388505898e-09,1.0,1.0,0.99,dynamic_guard
1152,9.65989194078882e-10,4.7776952202112255e-09,1.0,1.0,0.99,dynamic_guard
1153,9.548473397088976e-10,4.722582066872511e-09,1.0,1.0,0.99,dynamic_guard
1154,9.438335380491008e-10,4.668104722827906e-09,1.0,1.0,0.99,dynamic_guard
1155,9.329472242952369e-10,4.614255888306814e-09,1.0,1.0,0.99,dynamic_guard
1156,9.221860276787776e-10,4.561028086608701e-09,1.0,1.0,0.99,dynamic_guard
1157,9.115494226443885e-10,4.508414497984165e-09,1.0,1.0,0.99,dynamic_guard
1158,9.010350325919581e-10,4.456407583769672e-09,1.0,1.0,0.99,dynamic_guard
1159,8.906423623994413e-10,4.405000791111665e-09,1.0,1.0,0.99,dynamic_guard
1160,8.803691594930908e-10,4.354186822960218e-09,1.0,1.0,0.99,dynamic_guard
1161,8.70214852616533e-10,4.303959141122221e-09,1.0,1.0,0.99,dynamic_guard
1162,8.601772648153318e-10,4.254310746139219e-09,1.0,1.0,0.99,dynamic_guard
1163,8.502558582673195e-10,4.2052352518554356e-09,1.0,1.0,0.99,dynamic_guard
1164,8.404484844118819e-10,4.1567255282245e-09,1.0,1.0,0.99,dynamic_guard
1165,8.307546218897391e-10,4.108775716182297e-09,1.0,1.0,0.99,dynamic_guard
1166,8.211722002839754e-10,4.06137895746907e-09,1.0,1.0,0.99,dynamic_guard
1167,8.117006665710117e-10,4.014528817131475e-09,1.0,1.0,0.99,dynamic_guard
1168,8.023380372929571e-10,3.968219108863533e-09,1.0,1.0,0.99,dynamic_guard
1169,7.930837347095909e-10,3.9224437334359484e-09,1.0,1.0,0.99,dynamic_guard
1170,7.839358234854045e-10,3.877196336518512e-09,1.0,1.0,0.99,dynamic_guard
1171,7.748937876400527e-10,3.832470927703639e-09,1.0,1.0,0.99,dynamic_guard
1172,7.659556970446959e-10,3.7882614347315615e-09,1.0,1.0,0.99,dynamic_guard
1173,7.571210511877247e-10,3.744561680573007e-09,1.0,1.0,0.99,dynamic_guard
1174,7.483879607331143e-10,3.7013662693053827e-09,1.0,1.0,0.99,dynamic_guard
1175,7.397559421076456e-10,3.6586690497178266e-09,1.0,1.0,0.99,dynamic_guard
1176,7.312231460473938e-10,3.616464430414564e-09,1.0,1.0,0.99,dynamic_guard
1177,7.227891279310078e-10,3.574746581698959e-09,1.0,1.0,0.99,dynamic_guard
1178,7.144520244713455e-10,3.5335100324191865e-09,1.0,1.0,0.99,dynamic_guard
1179,7.062114158106934e-10,3.4927490803951855e-09,1.0,1.0,0.99,dynamic_guard
1180,6.98065567125119e-10,3.452458363913482e-09,1.0,1.0,0.99,dynamic_guard
1181,6.900139675185956e-10,3.412632428907753e-09,1.0,1.0,0.99,dynamic_guard
1182,6.820549325591527e-10,3.37326577773183e-09,1.0,1.0,0.99,dynamic_guard
1183,6.741879962336176e-10,3.334353524287168e-09,1.0,1.0,0.99,dynamic_guard
1184,6.664115042995031e-10,3.2958898338127213e-09,1.0,1.0,0.99,dynamic_guard
1185,6.58725012745407e-10,3.2578698163991435e-09,1.0,1.0,0.99,dynamic_guard
1186,6.511268741051884e-10,3.2202887246071834e-09,1.0,1.0,0.99,dynamic_guard
1187,6.436167003550069e-10,3.183140889094553e-09,1.0,1.0,0.99,dynamic_guard
1188,6.361928069623752e-10,3.1464216976093067e-09,1.0,1.0,0.99,dynamic_guard
1189,6.288548662766118e-10,3.1101258818623162e-09,1.0,1.0,0.99,dynamic_guard
1190,6.216012875623698e-10,3.0742489161362157e-09,1.0,1.0,0.99,dynamic_guard
1191,6.144316375118854e-10,3.038785689472318e-09,1.0,1.0,0.99,dynamic_guard
1192,6.073444108146555e-10,3.003731567660195e-09,1.0,1.0,0.99,dynamic_guard
1193,6.003392066695384e-10,2.9690817982664888e-09,1.0,1.0,0.99,dynamic_guard
1194,5.934145363519222e-10,2.9348318613819387e-09,1.0,1.0,0.99,dynamic_guard
1195,5.865699844843633e-10,2.900976876485712e-09,1.0,1.0,0.99,dynamic_guard
1196,5.798041440439458e-10,2.8675125389919455e-09,1.0,1.0,0.99,dynamic_guard
1197,5.731165890514286e-10,2.834434136976633e-09,1.0,1.0,0.99,dynamic_guard
1198,5.665059175906895e-10,2.8017371790077606e-09,1.0,1.0,0.99,dynamic_guard
1199,5.599717512150132e-10,2.7694176654973957e-09,1.0,1.0,0.99,dynamic_guard
1200,5.53512690841698e-10,2.7374708733229086e-09,1.0,1.0,0.99,dynamic_guard
1201,5.471283943901214e-10,2.705892525029749e-09,1.0,1.0,0.99,dynamic_guard
1202,5.408174900757336e-10,2.6746785340600295e-09,1.0,1.0,0.99,dynamic_guard
1203,5.345796281235891e-10,2.6438245462925532e-09,1.0,1.0,0.99,dynamic_guard
1204,5.284134579655339e-10,2.613326519765717e-09,1.0,1.0,0.99,dynamic_guard
1205,5.223186590693709e-10,2.5831801709144754e-09,1.0,1.0,0.99,dynamic_guard
1206,5.162939119301201e-10,2.5533817431942936e-09,1.0,1.0,0.99,dynamic_guard
1207,5.103389162757188e-10,2.5239268721459384e-09,1.0,1.0,0.99,dynamic_guard
1208,5.044523410066763e-10,2.4948119719621538e-09,1.0,1.0,0.99,dynamic_guard
1209,4.986339114011636e-10,2.4660326762380715e-09,1.0,1.0,0.99,dynamic_guard
1210,4.928823726381337e-10,2.437585560808274e-09,1.0,1.0,0.99,dynamic_guard
1211,4.871973871997943e-10,2.4094665356022275e-09,1.0,1.0,0.99,dynamic_guard
1212,4.815777587061834e-10,2.381671899882164e-09,1.0,1.0,0.99,dynamic_guard
1213,4.760231648394159e-10,2.3541979712401074e-09,1.0,1.0,0.99,dynamic_guard
1214,4.705324336555492e-10,2.327040759959447e-09,1.0,1.0,0.99,dynamic_guard
1215,4.651052336041215e-10,2.3001969546690605e-09,1.0,1.0,0.99,dynamic_guard
1216,4.5974043325869835e-10,2.2736625718619354e-09,1.0,1.0,0.99,dynamic_guard
1217,4.544376996453988e-10,2.247434746066269e-09,1.0,1.0,0.99,dynamic_guard
1218,4.491959551620462e-10,2.2215090668119974e-09,1.0,1.0,0.99,dynamic_guard
1219,4.440148606967162e-10,2.1958824957927866e-09,1.0,1.0,0.99,dynamic_guard
1220,4.3889331828183076e-10,2.1705516866821583e-09,1.0,1.0,0.99,dynamic_guard
1221,4.3383106259565017e-10,2.145513077288135e-09,1.0,1.0,0.99,dynamic_guard
1222,4.28826989296429e-10,2.120763127096007e-09,1.0,1.0,0.99,dynamic_guard
1223,4.2388082965426695e-10,2.0962989351305843e-09,1.0,1.0,0.99,dynamic_guard
1224,4.189915375349942e-10,2.0721166051029908e-09,1.0,1.0,0.99,dynamic_guard
1225,4.1415882963271894e-10,2.0482134231577796e-09,1.0,1.0,0.99,dynamic_guard
1226,4.0938166857586463e-10,2.024585962037016e-09,1.0,1.0,0.99,dynamic_guard
1227,4.046598005806978e-10,2.0012310440618698e-09,1.0,1.0,0.99,dynamic_guard
1228,3.9999219954671103e-10,1.9781454887108686e-09,1.0,1.0,0.99,dynamic_guard
1229,3.9537863150672043e-10,1.9553263628452883e-09,1.0,1.0,0.99,dynamic_guard
1230,3.9081810330598853e-10,1.9327704191601908e-09,1.0,1.0,0.99,dynamic_guard
1231,3.863103633903835e-10,1.910474572146636e-09,1.0,1.0,0.99,dynamic_guard
1232,3.8185441096175874e-10,1.888435992498587e-09,1.0,1.0,0.99,dynamic_guard
1233,3.774500535845082e-10,1.866651597519253e-09,1.0,1.0,0.99,dynamic_guard
1234,3.730963170644651e-10,1.8451185178743613e-09,1.0,1.0,0.99,dynamic_guard
1235,3.687929674032765e-10,1.8238337551587576e-09,1.0,1.0,0.99,dynamic_guard
1236,3.6453907763091756e-10,1.802794768437925e-09,1.0,1.0,0.99,dynamic_guard
1237,3.6033444541331975e-10,1.781998112018256e-09,1.0,1.0,0.99,dynamic_guard
1238,3.561781302829753e-10,1.7614415790002998e-09,1.0,1.0,0.99,dynamic_guard
1239,3.520699205758353e-10,1.7411222201305302e-09,1.0,1.0,0.99,dynamic_guard
1240,3.480089206289632e-10,1.7210370212422045e-09,1.0,1.0,0.99,dynamic_guard
1241,3.4399493433557785e-10,1.7011837393277038e-09,1.0,1.0,0.99,dynamic_guard
1242,3.400271003525988e-10,1.6815593788008001e-09,1.0,1.0,0.99,dynamic_guard
1243,3.36105166628127e-10,1.6621613839572626e-09,1.0,1.0,0.99,dynamic_guard
1244,3.3222831673758024e-10,1.6429871998941534e-09,1.0,1.0,0.99,dynamic_guard
1245,3.283963621962807e-10,1.6240342304665008e-09,1.0,1.0,0.99,dynamic_guard
1246,3.246084354352721e-10,1.6052998302828371e-09,1.0,1.0,0.99,dynamic_guard
1247,3.208643513671621e-10,1.5867814213424834e-09,1.0,1.0,0.99,dynamic_guard
1248,3.17163312682148e-10,1.5684767312373072e-09,1.0,1.0,0.99,dynamic_guard
1249,3.1350509637204185e-10,1.5503832353373282e-09,1.0,1.0,0.99,dynamic_guard
1250,3.098889265804845e-10,1.5324984791545177e-09,1.0,1.0,0.99,dynamic_guard
1251,3.0631465459765455e-10,1.5148198923453743e-09,1.0,1.0,0.99,dynamic_guard
1252,3.027814293354221e-10,1.4973453566194105e-09,1.0,1.0,0.99,dynamic_guard
1253,2.992890923303282e-10,1.4800723647709606e-09,1.0,1.0,0.99,dynamic_guard
1254,2.9583691200977517e-10,1.4629985661548473e-09,1.0,1.0,0.99,dynamic_guard
1255,2.9242468810027164e-10,1.44612184832511e-09,1.0,1.0,0.99,dynamic_guard
1256,2.8905167803961787e-10,1.4294397103475153e-09,1.0,1.0,0.99,dynamic_guard
1257,2.8571772767836137e-10,1.4129500130022384e-09,1.0,1.0,0.99,dynamic_guard
1258,2.824220847536012e-10,1.3966504769583467e-09,1.0,1.0,0.99,dynamic_guard
1259,2.7916458902879103e-10,1.3805389953137104e-09,1.0,1.0,0.99,dynamic_guard
1260,2.7594452729395736e-10,1.364613504155663e-09,1.0,1.0,0.99,dynamic_guard
1261,2.727617472543981e-10,1.3488715992362408e-09,1.0,1.0,0.99,dynamic_guard
1262,2.696155330914353e-10,1.3333113643924284e-09,1.0,1.0,0.99,dynamic_guard
1263,2.6650575803716976e-10,1.3179303094430756e-09,1.0,1.0,0.99,dynamic_guard
1264,2.6343172086901765e-10,1.302727076417338e-09,1.0,1.0,0.99,dynamic_guard
1265,2.6039327286315945e-10,1.2876989834056167e-09,1.0,1.0,0.99,dynamic_guard
1266,2.5738973673700757e-10,1.2728444827652148e-09,1.0,1.0,0.99,dynamic_guard
1267,2.54420965645384e-10,1.2581611961597533e-09,1.0,1.0,0.99,dynamic_guard
1268,2.514863278609845e-10,1.243647346592036e-09,1.0,1.0,0.99,dynamic_guard
1269,2.4858564028004844e-10,1.2293007515588547e-09,1.0,1.0,0.99,dynamic_guard
1270,2.4571830386765483e-10,1.215119780788601e-09,1.0,1.0,0.99,dynamic_guard
1271,2.4288413955557796e-10,1.2011022399755096e-09,1.0,1.0,0.99,dynamic_guard
1272,2.4008257756183094e-10,1.187246655965808e-09,1.0,1.0,0.99,dynamic_guard
1273,2.373134214682389e-10,1.173550573038187e-09,1.0,1.0,0.99,dynamic_guard
1274,2.3457611279612495e-10,1.1600128981889552e-09,1.0,1.0,0.99,dynamic_guard
1275,2.3187047583047826e-10,1.14663094240106e-09,1.0,1.0,0.99,dynamic_guard
1276,2.291959424573593e-10,1.1334036215104453e-09,1.0,1.0,0.99,dynamic_guard
1277,2.2655236408528126e-10,1.1203286664386653e-09,1.0,1.0,0.99,dynamic_guard
1278,2.2393916602263864e-10,1.10740499073044e-09,1.0,1.0,0.99,dynamic_guard
1279,2.2135622030806133e-10,1.0946299350843267e-09,1.0,1.0,0.99,dynamic_guard
1280,2.1880297206579104e-10,1.0820024879185227e-09,1.0,1.0,0.99,dynamic_guard
1281,2.1627926806686418e-10,1.0695205310153852e-09,1.0,1.0,0.99,dynamic_guard
1282,2.137845689886207e-10,1.0571827162355813e-09,1.0,1.0,0.99,dynamic_guard
1283,2.113187533982505e-10,1.0449871044267741e-09,1.0,1.0,0.99,dynamic_guard
1284,2.0888126687310922e-10,1.0329323663350775e-09,1.0,1.0,0.99,dynamic_guard
1285,2.0647199965025447e-10,1.0210164256472626e-09,1.0,1.0,0.99,dynamic_guard
1286,2.0409041731351651e-10,1.0092380156687553e-09,1.0,1.0,0.99,dynamic_guard
1287,2.0173641272057956e-10,9.975955494740117e-10,1.0,1.0,0.99,dynamic_guard
1288,1.9940947075038742e-10,9.860874012502052e-10,1.0,1.0,0.99,dynamic_guard
1289,1.9710945125198062e-10,9.747119378441214e-10,1.0,1.0,0.99,dynamic_guard
1290,1.9483585236581308e-10,9.634677405187726e-10,1.0,1.0,0.99,dynamic_guard
1291,1.9258861487741833e-10,9.523531567111844e-10,1.0,1.0,0.99,dynamic_guard
1292,1.903671831675102e-10,9.41366844427248e-10,1.0,1.0,0.99,dynamic_guard
1293,1.8817143678410408e-10,9.305072259122453e-10,1.0,1.0,0.99,dynamic_guard
1294,1.8600096209027594e-10,9.197730540389101e-10,1.0,1.0,0.99,dynamic_guard
1295,1.838556068427409e-10,9.091624552457492e-10,1.0,1.0,0.99,dynamic_guard
1296,1.817349022718455e-10,8.986744737001274e-10,1.0,1.0,0.99,dynamic_guard
1297,1.796387375284333e-10,8.883071750489965e-10,1.0,1.0,0.99,dynamic_guard
1298,1.775666834599588e-10,8.780596812283574e-10,1.0,1.0,0.99,dynamic_guard
1299,1.7551859299120305e-10,8.679304244700101e-10,1.0,1.0,0.99,dynamic_guard
1300,1.7349406953712942e-10,8.579179836915325e-10,1.0,1.0,0.99,dynamic_guard
1301,1.71492954969398e-10,8.480210690692689e-10,1.0,1.0,0.99,dynamic_guard
1302,1.695148531628422e-10,8.382381733843227e-10,1.0,1.0,0.99,dynamic_guard
1303,1.6755965052906e-10,8.285683164467792e-10,1.0,1.0,0.99,dynamic_guard
1304,1.656269184319884e-10,8.190098797037311e-10,1.0,1.0,0.99,dynamic_guard
1305,1.6371653340794086e-10,8.095618649734369e-10,1.0,1.0,0.99,dynamic_guard
1306,1.618281554054658e-10,8.002225074203994e-10,1.0,1.0,0.99,dynamic_guard
1307,1.5996159492685183e-10,7.909911082204141e-10,1.0,1.0,0.99,dynamic_guard
1308,1.5811650351203816e-10,7.818661805773959e-10,1.0,1.0,0.99,dynamic_guard
1309,1.5629276060159453e-10,7.728465280784825e-10,1.0,1.0,0.99,dynamic_guard
1310,1.5448999005513633e-10,7.639308294200389e-10,1.0,1.0,0.99,dynamic_guard
1311,1.5270808258681483e-10,7.551180364386034e-10,1.0,1.0,0.99,dynamic_guard
1312,1.5094666242701064e-10,7.464067983588765e-10,1.0,1.0,0.99,dynamic_guard
1313,1.492056143695779e-10,7.377962169710273e-10,1.0,1.0,0.99,dynamic_guard
1314,1.4748458684887016e-10,7.292849148741228e-10,1.0,1.0,0.99,dynamic_guard
1315,1.4578347939000735e-10,7.208717798224236e-10,1.0,1.0,0.99,dynamic_guard
1316,1.4410192731007442e-10,7.1255565356529e-10,1.0,1.0,0.99,dynamic_guard
1317,1.424398311551814e-10,7.043355318714711e-10,1.0,1.0,0.99,dynamic_guard
1318,1.4079684902008545e-10,6.962102033034344e-10,1.0,1.0,0.99,dynamic_guard
1319,1.3917287007567954e-10,6.881785030714456e-10,1.0,1.0,0.99,dynamic_guard
1320,1.375675786208037e-10,6.802397511198566e-10,1.0,1.0,0.99,dynamic_guard
1321,1.3598085498592205e-10,6.72392264005413e-10,1.0,1.0,0.99,dynamic_guard
1322,1.3441236431106657e-10,6.646354402923706e-10,1.0,1.0,0.99,dynamic_guard
1323,1.3286203146012238e-10,6.569680331092675e-10,1.0,1.0,0.99,dynamic_guard
1324,1.313295179380898e-10,6.493891020945252e-10,1.0,1.0,0.99,dynamic_guard
1325,1.2981473885367386e-10,6.418975203419583e-10,1.0,1.0,0.99,dynamic_guard
1326,1.2831738241148912e-10,6.344925537154057e-10,1.0,1.0,0.99,dynamic_guard
1327,1.2683735736178584e-10,6.271729125631597e-10,1.0,1.0,0.99,dynamic_guard
1328,1.2537432536573944e-10,6.199377139617929e-10,1.0,1.0,0.99,dynamic_guard
1329,1.2392825152650685e-10,6.127856236683949e-10,1.0,1.0,0.99,dynamic_guard
1330,1.2249879675903822e-10,6.057164892941152e-10,1.0,1.0,0.99,dynamic_guard
1331,1.2108586992336567e-10,5.98728846110618e-10,1.0,1.0,0.99,dynamic_guard
1332,1.1968918363258113e-10,5.918216123196101e-10,1.0,1.0,0.99,dynamic_guard
1333,1.1830868525386244e-10,5.849943149607639e-10,1.0,1.0,0.99,dynamic_guard
1334,1.1694401323775711e-10,5.782455226517364e-10,1.0,1.0,0.99,dynamic_guard
1335,1.1559517379086014e-10,5.715747353601797e-10,1.0,1.0,0.99,dynamic_guard
1336,1.142618323381193e-10,5.649808107562854e-10,1.0,1.0,0.99,dynamic_guard
1337,1.129439304414531e-10,5.584630743824459e-10,1.0,1.0,0.99,dynamic_guard
1338,1.1164116986430083e-10,5.520202738953665e-10,1.0,1.0,0.99,dynamic_guard
1339,1.103534857332821e-10,5.456519885559946e-10,1.0,1.0,0.99,dynamic_guard
1340,1.0908059484111833e-10,5.39357118616562e-10,1.0,1.0,0.99,dynamic_guard
1341,1.0782245295758398e-10,5.331348654952532e-10,1.0,1.0,0.99,dynamic_guard
1342,1.0657875026977602e-10,5.269843565050339e-10,1.0,1.0,0.99,dynamic_guard
1343,1.0534946446986343e-10,5.209047152937585e-10,1.0,1.0,0.99,dynamic_guard
1344,1.0413429582447968e-10,5.148953737123835e-10,1.0,1.0,0.99,dynamic_guard
1345,1.0293318802709917e-10,5.089553569140781e-10,1.0,1.0,0.99,dynamic_guard
1346,1.0174590015444255e-10,5.030837327983762e-10,1.0,1.0,0.99,dynamic_guard
1347,1.0057235958658463e-10,4.972799420922925e-10,1.0,1.0,0.99,dynamic_guard
1348,9.941228653571789e-11,4.915430630130692e-10,1.0,1.0,0.99,dynamic_guard
1349,9.826563683521189e-11,4.858723587868849e-10,1.0,1.0,0.99,dynamic_guard
1350,9.713219802911175e-11,4.802671623549648e-10,1.0,1.0,0.99,dynamic_guard
1351,9.601185903160552e-11,4.747266030106378e-10,1.0,1.0,0.99,dynamic_guard
1352,9.490438939263884e-11,4.692497591939158e-10,1.0,1.0,0.99,dynamic_guard
1353,9.380974871686042e-11,4.6383629596425443e-10,1.0,1.0,0.99,dynamic_guard
1354,9.272770470523978e-11,4.584851836717912e-10,1.0,1.0,0.99,dynamic_guard
1355,9.1658149102703e-11,4.5319577070000906e-10,1.0,1.0,0.99,dynamic_guard
1356,9.06009276979337e-11,4.4796758955024853e-10,1.0,1.0,0.99,dynamic_guard
1357,8.955591102075441e-11,4.42799453721627e-10,1.0,1.0,0.99,dynamic_guard
1358,8.852292057194457e-11,4.376910409706241e-10,1.0,1.0,0.99,dynamic_guard
1359,8.750188734831244e-11,4.326415713518431e-10,1.0,1.0,0.99,dynamic_guard
1360,8.649258515673888e-11,4.2765031518536345e-10,1.0,1.0,0.99,dynamic_guard
1361,8.549495605336503e-11,4.2271668781346955e-10,1.0,1.0,0.99,dynamic_guard
1362,8.450883125428086e-11,4.17839856775569e-10,1.0,1.0,0.99,dynamic_guard
1363,8.353407667455221e-11,4.1301932643033267e-10,1.0,1.0,0.99,dynamic_guard
1364,8.25705485910865e-11,4.082544477472351e-10,1.0,1.0,0.99,dynamic_guard
1365,8.161817151213131e-11,4.035444610148026e-10,1.0,1.0,0.99,dynamic_guard
1366,8.067673277657529e-11,3.988888975222716e-10,1.0,1.0,0.99,dynamic_guard
1367,7.974619713039323e-11,3.942870520952317e-10,1.0,1.0,0.99,dynamic_guard
1368,7.882634867229474e-11,3.8973820192574076e-10,1.0,1.0,0.99,dynamic_guard
1369,7.791716330037107e-11,3.8524186431174493e-10,1.0,1.0,0.99,dynamic_guard
1370,7.701840336126475e-11,3.8079732131658846e-10,1.0,1.0,0.99,dynamic_guard
1371,7.613007721969384e-11,3.7640423530446824e-10,1.0,1.0,0.99,dynamic_guard
1372,7.525193420902966e-11,3.7206162599399e-10,1.0,1.0,0.99,dynamic_guard
1373,7.438397543071103e-11,3.677692140802746e-10,1.0,1.0,0.99,dynamic_guard
1374,7.352599216596723e-11,3.635263054113514e-10,1.0,1.0,0.99,dynamic_guard
1375,7.267791642995418e-11,3.593322529023296e-10,1.0,1.0,0.99,dynamic_guard
1376,7.183961161323683e-11,3.5518690508000125e-10,1.0,1.0,0.99,dynamic_guard
1377,7.101100373833304e-11,3.510890005420543e-10,1.0,1.0,0.99,dynamic_guard
1378,7.01919146457217e-11,3.470384008909285e-10,1.0,1.0,0.99,dynamic_guard
1379,6.938230276874582e-11,3.4303471307623124e-10,1.0,1.0,0.99,dynamic_guard
1380,6.858201325096034e-11,3.3907705902888103e-10,1.0,1.0,0.99,dynamic_guard
1381,6.779099329998993e-11,3.351651293345185e-10,1.0,1.0,0.99,dynamic_guard
1382,6.700904432556394e-11,3.3129834978950877e-10,1.0,1.0,0.99,dynamic_guard
1383,6.623614563877481e-11,3.2747611660250895e-10,1.0,1.0,0.99,dynamic_guard
1384,6.547214202887653e-11,3.2369804808099126e-10,1.0,1.0,0.99,dynamic_guard
1385,6.471697496179888e-11,3.199635250929992e-10,1.0,1.0,0.99,dynamic_guard
1386,6.397050652885486e-11,3.1627187855873734e-10,1.0,1.0,0.99,dynamic_guard
1387,6.323265158471753e-11,3.126230326873917e-10,1.0,1.0,0.99,dynamic_guard
1388,6.25032865665594e-11,3.0901631277910325e-10,1.0,1.0,0.99,dynamic_guard
1389,6.178236345854388e-11,3.0545098834588205e-10,1.0,1.0,0.99,dynamic_guard
1390,6.106972552918839e-11,3.0192688328364913e-10,1.0,1.0,0.99,dynamic_guard
1391,6.036534898728571e-11,2.984435583998921e-10,1.0,1.0,0.99,dynamic_guard
1392,5.96690490302199e-11,2.9500045026438807e-10,1.0,1.0,0.99,dynamic_guard
1393,5.898083327082742e-11,2.915969239691919e-10,1.0,1.0,0.99,dynamic_guard
1394,5.83005003391035e-11,2.882326529017872e-10,1.0,1.0,0.99,dynamic_guard
1395,5.762804828931098e-11,2.849072379055209e-10,1.0,1.0,0.99,dynamic_guard
1396,5.6963326598428555e-11,2.816201987347348e-10,1.0,1.0,0.99,dynamic_guard
1397,5.630632247366713e-11,2.7837080888588184e-10,1.0,1.0,0.99,dynamic_guard
1398,5.565684507140181e-11,2.75159277728566e-10,1.0,1.0,0.99,dynamic_guard
1399,5.5014893792152034e-11,2.719846585103451e-10,1.0,1.0,0.99,dynamic_guard
1400,5.438032060252055e-11,2.6884673376482743e-10,1.0,1.0,0.99,dynamic_guard
1401,5.375308230757768e-11,2.657448720950193e-10,1.0,1.0,0.99,dynamic_guard
1402,5.313305016257642e-11,2.6267883758784535e-10,1.0,1.0,0.99,dynamic_guard
1403,5.252022452922084e-11,2.596482462781884e-10,1.0,1.0,0.99,dynamic_guard
1404,5.191442881741701e-11,2.566523870683367e-10,1.0,1.0,0.99,dynamic_guard
1405,5.131563981532759e-11,2.536913825264988e-10,1.0,1.0,0.99,dynamic_guard
1406,5.0723729086403914e-11,2.5076432755816007e-10,1.0,1.0,0.99,dynamic_guard
1407,5.013867179735848e-11,2.4787096219112124e-10,1.0,1.0,0.99,dynamic_guard
1408,4.9560327899146556e-11,2.4501112800142207e-10,1.0,1.0,0.99,dynamic_guard
1409,4.898869728713562e-11,2.421843976279064e-10,1.0,1.0,0.99,dynamic_guard
1410,4.842364018209878e-11,2.393901571038246e-10,1.0,1.0,0.99,dynamic_guard
1411,4.786510923073258e-11,2.3662813012364115e-10,1.0,1.0,0.99,dynamic_guard
1412,4.731301554421596e-11,2.3389794483650407e-10,1.0,1.0,0.99,dynamic_guard
1413,4.6767291245357684e-11,2.311992650889179e-10,1.0,1.0,0.99,dynamic_guard
1414,4.622784106705126e-11,2.2853183511166095e-10,1.0,1.0,0.99,dynamic_guard
1415,4.569465582196043e-11,2.258949575704598e-10,1.0,1.0,0.99,dynamic_guard
1416,4.5167567726622956e-11,2.2328860004343435e-10,1.0,1.0,0.99,dynamic_guard
1417,4.4646618062569837e-11,2.2071241942040755e-10,1.0,1.0,0.99,dynamic_guard
1418,4.413163396693538e-11,2.1816568583934678e-10,1.0,1.0,0.99,dynamic_guard
1419,4.3622615863481994e-11,2.1564851777390332e-10,1.0,1.0,0.99,dynamic_guard
1420,4.311944522813064e-11,2.131604291618437e-10,1.0,1.0,0.99,dynamic_guard
1421,4.262208659669392e-11,2.10700972544461e-10,1.0,1.0,0.99,dynamic_guard
1422,4.2130475113066824e-11,2.0826991076692956e-10,1.0,1.0,0.99,dynamic_guard
1423,4.1644531557332754e-11,2.058667715626415e-10,1.0,1.0,0.99,dynamic_guard
1424,4.116417038114713e-11,2.0349152123662616e-10,1.0,1.0,0.99,dynamic_guard
1425,4.0689374775442247e-11,2.0114357984998854e-10,1.0,1.0,0.99,dynamic_guard
1426,4.022004972123635e-11,1.9882277279281577e-10,1.0,1.0,0.99,dynamic_guard
1427,3.975613867231528e-11,1.9652872161078703e-10,1.0,1.0,0.99,dynamic_guard
1428,3.929756981214824e-11,1.9426114524142977e-10,1.0,1.0,0.99,dynamic_guard
1429,3.884430649363751e-11,1.9201978641966206e-10,1.0,1.0,0.99,dynamic_guard
1430,3.839624053493246e-11,1.8980419438673665e-10,1.0,1.0,0.99,dynamic_guard
1431,3.795339277650481e-11,1.8761417325019084e-10,1.0,1.0,0.99,dynamic_guard
1432,3.7515617423985743e-11,1.854492455790569e-10,1.0,1.0,0.99,dynamic_guard
1433,3.7082898915027583e-11,1.833094685472117e-10,1.0,1.0,0.99,dynamic_guard
1434,3.6655167393444026e-11,1.8119427560650412e-10,1.0,1.0,0.99,dynamic_guard
1435,3.623236893984013e-11,1.7910370055778389e-10,1.0,1.0,0.99,dynamic_guard
1436,3.581445191224675e-11,1.770371054403991e-10,1.0,1.0,0.99,dynamic_guard
1437,3.54013662648335e-11,1.749944508825643e-10,1.0,1.0,0.99,dynamic_guard
1438,3.499304156507073e-11,1.7297503258908932e-10,1.0,1.0,0.99,dynamic_guard
1439,3.45893936135664e-11,1.709792453544076e-10,1.0,1.0,0.99,dynamic_guard
1440,3.419043969042161e-11,1.6900628769730974e-10,1.0,1.0,0.99,dynamic_guard
1441,3.3796067670260024e-11,1.670562646659748e-10,1.0,1.0,0.99,dynamic_guard
1442,3.340625226637344e-11,1.6512867541913843e-10,1.0,1.0,0.99,dynamic_guard
1443,3.3020941248222975e-11,1.632232500345054e-10,1.0,1.0,0.99,dynamic_guard
1444,3.2640049828833273e-11,1.6133992675490354e-10,1.0,1.0,0.99,dynamic_guard
1445,3.226358089441365e-11,1.594781753106028e-10,1.0,1.0,0.99,dynamic_guard
1446,3.189144290468301e-11,1.5763791435594704e-10,1.0,1.0,0.99,dynamic_guard
1447,3.152359374635891e-11,1.5581901633539774e-10,1.0,1.0,0.99,dynamic_guard
1448,3.1159987658119705e-11,1.540209943905104e-10,1.0,1.0,0.99,dynamic_guard
1449,3.080059188611247e-11,1.522437730337088e-10,1.0,1.0,0.99,dynamic_guard
1450,3.0445308838681126e-11,1.5048684347940657e-10,1.0,1.0,0.99,dynamic_guard
1451,3.00941489457379e-11,1.4875049431342289e-10,1.0,1.0,0.99,dynamic_guard
1452,2.9747024462678204e-11,1.4703406467811122e-10,1.0,1.0,0.99,dynamic_guard
1453,2.940392796466198e-11,1.4533749857019418e-10,1.0,1.0,0.99,dynamic_guard
1454,2.9064772960810703e-11,1.436602140695667e-10,1.0,1.0,0.99,dynamic_guard
1455,2.8729520213228875e-11,1.4200264851289195e-10,1.0,1.0,0.99,dynamic_guard
1456,2.839813786300288e-11,1.403639946133967e-10,1.0,1.0,0.99,dynamic_guard
1457,2.8070584108997484e-11,1.3874426484787627e-10,1.0,1.0,0.99,dynamic_guard
1458,2.774682307302281e-11,1.3714321331250167e-10,1.0,1.0,0.99,dynamic_guard
1459,2.7426766476488005e-11,1.3556056338155892e-10,1.0,1.0,0.99,dynamic_guard
1460,2.711040391054202e-11,1.3399614233232458e-10,1.0,1.0,0.99,dynamic_guard
1461,2.679773228132914e-11,1.3244992501808451e-10,1.0,1.0,0.99,dynamic_guard
1462,2.648861057211893e-11,1.3092151026031798e-10,1.0,1.0,0.99,dynamic_guard
1463,2.618309626667564e-11,1.2941084856180768e-10,1.0,1.0,0.99,dynamic_guard
1464,2.588105987299911e-11,1.2791747242474122e-10,1.0,1.0,0.99,dynamic_guard
1465,2.558256988518132e-11,1.2644130175198904e-10,1.0,1.0,0.99,dynamic_guard
1466,2.528748171151966e-11,1.2498228456622138e-10,1.0,1.0,0.99,dynamic_guard
1467,2.499580783896421e-11,1.2354001319895105e-10,1.0,1.0,0.99,dynamic_guard
1468,2.470749971752408e-11,1.2211429046006089e-10,1.0,1.0,0.99,dynamic_guard
1469,2.4422510146944234e-11,1.2070501847743495e-10,1.0,1.0,0.99,dynamic_guard
1470,2.4140806595644823e-11,1.1931210708441599e-10,1.0,1.0,0.99,dynamic_guard
1471,2.386237322638887e-11,1.17935239189138e-10,1.0,1.0,0.99,dynamic_guard
1472,2.358711902166782e-11,1.1657424886292884e-10,1.0,1.0,0.99,dynamic_guard
1473,2.3315066945496438e-11,1.1522897461048676e-10,1.0,1.0,0.99,dynamic_guard
1474,2.304612152918244e-11,1.1389920927889309e-10,1.0,1.0,0.99,dynamic_guard
1475,2.2780320555203296e-11,1.125846466276209e-10,1.0,1.0,0.99,dynamic_guard
1476,2.251756072950839e-11,1.1128545136646198e-10,1.0,1.0,0.99,dynamic_guard
1477,2.225783520470296e-11,1.1000115175989808e-10,1.0,1.0,0.99,dynamic_guard
1478,2.2001104547601872e-11,1.0873175771821471e-10,1.0,1.0,0.99,dynamic_guard
1479,2.1747345370213994e-11,1.0747700896428079e-10,1.0,1.0,0.99,dynamic_guard
1480,2.149648696926972e-11,1.0623645609968396e-10,1.0,1.0,0.99,dynamic_guard
1481,2.124856427782257e-11,1.0501053566064128e-10,1.0,1.0,0.99,dynamic_guard
1482,2.1003458468094818e-11,1.0379860322025131e-10,1.0,1.0,0.99,dynamic_guard
1483,2.0761201240803097e-11,1.0260071484447187e-10,1.0,1.0,0.99,dynamic_guard
1484,2.0521724887323962e-11,1.0141661939481035e-10,1.0,1.0,0.99,dynamic_guard
1485,2.0285037177299472e-11,1.0024628151526451e-10,1.0,1.0,0.99,dynamic_guard
1486,2.0051059443733225e-11,9.908919404909235e-11,1.0,1.0,0.99,dynamic_guard
1487,1.981978428826191e-11,9.794560281457251e-11,1.0,1.0,0.99,dynamic_guard
1488,1.9591175049773965e-11,9.681516856061006e-11,1.0,1.0,0.99,dynamic_guard
1489,1.9365198194427453e-11,9.569786541119551e-11,1.0,1.0,0.99,dynamic_guard
1490,1.9141835561688976e-11,9.459330796210267e-11,1.0,1.0,0.99,dynamic_guard
1491,1.8921043105642262e-11,9.350168738527962e-11,1.0,1.0,0.99,dynamic_guard
1492,1.8702803667731604e-11,9.242252005201853e-11,1.0,1.0,0.99,dynamic_guard
1493,1.8487083505750662e-11,9.135566258420538e-11,1.0,1.0,0.99,dynamic_guard
1494,1.8273829039886063e-11,9.03013797236819e-11,1.0,1.0,0.99,dynamic_guard
1495,1.8063068032550795e-11,8.92593015059385e-11,1.0,1.0,0.99,dynamic_guard
1496,1.7854715100642364e-11,8.822892515593459e-11,1.0,1.0,0.99,dynamic_guard
1497,1.7648772895392566e-11,8.72107323533552e-11,1.0,1.0,0.99,dynamic_guard
1498,1.7445207954454978e-11,8.620407125213732e-11,1.0,1.0,0.99,dynamic_guard
1499,1.724397703348696e-11,8.520918752741102e-11,1.0,1.0,0.99,dynamic_guard
1500,1.704508003764462e-11,8.422561444623467e-11,1.0,1.0,0.99,dynamic_guard
1501,1.6848488552757517e-11,8.325352655499366e-11,1.0,1.0,0.99,dynamic_guard
1502,1.6654135158867505e-11,8.229252059231321e-11,1.0,1.0,0.99,dynamic_guard
1503,1.646203441311443e-11,8.134265894047584e-11,1.0,1.0,0.99,dynamic_guard
1504,1.6272167253325293e-11,8.040391412512086e-11,1.0,1.0,0.99,dynamic_guard
1505,1.608446953125503e-11,7.947573966261357e-11,1.0,1.0,0.99,dynamic_guard
1506,1.5898946269460883e-11,7.855833660215322e-11,1.0,1.0,0.99,dynamic_guard
1507,1.5715553976458615e-11,7.76516986087804e-11,1.0,1.0,0.99,dynamic_guard
1508,1.5534296198237264e-11,7.675529318422139e-11,1.0,1.0,0.99,dynamic_guard
1509,1.535513299750263e-11,7.58694338035115e-11,1.0,1.0,0.99,dynamic_guard
1510,1.5178002476578436e-11,7.499356963604296e-11,1.0,1.0,0.99,dynamic_guard
1511,1.5002939268729898e-11,7.412795674580493e-11,1.0,1.0,0.99,dynamic_guard
1512,1.4829876884119798e-11,7.327234322604593e-11,1.0,1.0,0.99,dynamic_guard
1513,1.4658829320705956e-11,7.242653703745617e-11,1.0,1.0,0.99,dynamic_guard
1514,1.4489761755149844e-11,7.15904294565806e-11,1.0,1.0,0.99,dynamic_guard
1515,1.432261826530259e-11,7.076410615656668e-11,1.0,1.0,0.99,dynamic_guard
1516,1.4157418415068507e-11,6.994731587017279e-11,1.0,1.0,0.99,dynamic_guard
1517,1.3994132065525184e-11,6.913988809644292e-11,1.0,1.0,0.99,dynamic_guard
1518,1.3832713504743756e-11,6.834163702175943e-11,1.0,1.0,0.99,dynamic_guard
1519,1.3673157369290723e-11,6.755284469200012e-11,1.0,1.0,0.99,dynamic_guard
1520,1.3515451231293162e-11,6.677305289960999e-11,1.0,1.0,0.99,dynamic_guard
1521,1.3359550188018008e-11,6.600209644775333e-11,1.0,1.0,0.99,dynamic_guard
1522,1.320546609766726e-11,6.524024283367005e-11,1.0,1.0,0.99,dynamic_guard
1523,1.3053155402819991e-11,6.448721262203788e-11,1.0,1.0,0.99,dynamic_guard
1524,1.290258922186481e-11,6.374280828646758e-11,1.0,1.0,0.99,dynamic_guard
1525,1.2753775248847751e-11,6.300684175938686e-11,1.0,1.0,0.99,dynamic_guard
1526,1.2606659038922681e-11,6.22794278408651e-11,1.0,1.0,0.99,dynamic_guard
1527,1.2461246134635342e-11,6.156032872809645e-11,1.0,1.0,0.99,dynamic_guard
1528,1.231751180686623e-11,6.08496001143442e-11,1.0,1.0,0.99,dynamic_guard
1529,1.2175440126713494e-11,6.014720971494759e-11,1.0,1.0,0.99,dynamic_guard
1530,1.20349930357769e-11,5.945289024188383e-11,1.0,1.0,0.99,dynamic_guard
1531,1.1896183026045162e-11,5.87663920982603e-11,1.0,1.0,0.99,dynamic_guard
1532,1.1758979599015801e-11,5.8088011418653814e-11,1.0,1.0,0.99,dynamic_guard
1533,1.1623347125311563e-11,5.741741612295037e-11,1.0,1.0,0.99,dynamic_guard
1534,1.1489276221898905e-11,5.675441584811837e-11,1.0,1.0,0.99,dynamic_guard
1535,1.1356756132302644e-11,5.6099209182726363e-11,1.0,1.0,0.99,dynamic_guard
1536,1.122576090155961e-11,5.5451548446717276e-11,1.0,1.0,0.99,dynamic_guard
1537,1.1096281368697513e-11,5.48113464820949e-11,1.0,1.0,0.99,dynamic_guard
1538,1.0968292967502687e-11,5.417852950212514e-11,1.0,1.0,0.99,dynamic_guard
1539,1.0841789569148994e-11,5.3552988536866356e-11,1.0,1.0,0.99,dynamic_guard
1540,1.0716706853451547e-11,5.293470086889491e-11,1.0,1.0,0.99,dynamic_guard
1541,1.0593132646822393e-11,5.232343894619765e-11,1.0,1.0,0.99,dynamic_guard
1542,1.0470932540577444e-11,5.1719350508261234e-11,1.0,1.0,0.99,dynamic_guard
1543,1.0350164760602446e-11,5.1122119641442494e-11,1.0,1.0,0.99,dynamic_guard
1544,1.023078258074207e-11,5.053188241480814e-11,1.0,1.0,0.99,dynamic_guard
1545,1.0112767752750995e-11,4.99483334577341e-11,1.0,1.0,0.99,dynamic_guard
1546,9.996129547972252e-12,4.937176396066587e-11,1.0,1.0,0.99,dynamic_guard
1547,9.880829748197593e-12,4.880164864289749e-11,1.0,1.0,0.99,dynamic_guard
1548,9.766850585398643e-12,4.823809826669229e-11,1.0,1.0,0.99,dynamic_guard
1549,9.654205008417281e-12,4.768105864481155e-11,1.0,1.0,0.99,dynamic_guard
1550,9.54285131034702e-12,4.7130538791379884e-11,1.0,1.0,0.99,dynamic_guard
1551,9.432776739939371e-12,4.6586247039919274e-11,1.0,1.0,0.99,dynamic_guard
1552,9.323982670529589e-12,4.6048327154790756e-11,1.0,1.0,0.99,dynamic_guard
1553,9.216431927986619e-12,4.551651070278302e-11,1.0,1.0,0.99,dynamic_guard
1554,9.110132243605616e-12,4.499092765093742e-11,1.0,1.0,0.99,dynamic_guard
1555,9.005046215096417e-12,4.4471447052195476e-11,1.0,1.0,0.99,dynamic_guard
1556,8.901181976642709e-12,4.395775272355754e-11,1.0,1.0,0.99,dynamic_guard
1557,8.79851832398461e-12,4.345019443965589e-11,1.0,1.0,0.99,dynamic_guard
1558,8.697032164388857e-12,4.29483572915657e-11,1.0,1.0,0.99,dynamic_guard
1559,8.596723508661297e-12,4.245240421793284e-11,1.0,1.0,0.99,dynamic_guard
1560,8.497548142461374e-12,4.196209706951496e-11,1.0,1.0,0.99,dynamic_guard
1561,8.399538875748367e-12,4.1477409224913555e-11,1.0,1.0,0.99,dynamic_guard
1562,8.302658230131423e-12,4.09983898205099e-11,1.0,1.0,0.99,dynamic_guard
1563,8.206875656914064e-12,4.0524873554436205e-11,1.0,1.0,0.99,dynamic_guard
1564,8.112224681606342e-12,4.005700964509866e-11,1.0,1.0,0.99,dynamic_guard
1565,8.018668941186672e-12,3.959420498647506e-11,1.0,1.0,0.99,dynamic_guard
1566,7.926161920826726e-12,3.913710029461551e-11,1.0,1.0,0.99,dynamic_guard
1567,7.834748823517905e-12,3.868495989514729e-11,1.0,1.0,0.99,dynamic_guard
1568,7.744375400710679e-12,3.823826635629299e-11,1.0,1.0,0.99,dynamic_guard
1569,7.655060615965425e-12,3.779644192450257e-11,1.0,1.0,0.99,dynamic_guard
1570,7.566753256377712e-12,3.735990963852308e-11,1.0,1.0,0.99,dynamic_guard
1571,7.479487169856137e-12,3.6928515362075046e-11,1.0,1.0,0.99,dynamic_guard
1572,7.393202741548972e-12,3.650190208855889e-11,1.0,1.0,0.99,dynamic_guard
1573,7.307946066691888e-12,3.608014891560529e-11,1.0,1.0,0.99,dynamic_guard
1574,7.223645864404868e-12,3.5663554274944424e-11,1.0,1.0,0.99,dynamic_guard
1575,7.140331867535405e-12,3.525152662332988e-11,1.0,1.0,0.99,dynamic_guard
1576,7.057954774173843e-12,3.484433889171793e-11,1.0,1.0,0.99,dynamic_guard
1577,6.9765648922080676e-12,3.4441729222414025e-11,1.0,1.0,0.99,dynamic_guard
1578,6.896087333370353e-12,3.404384063439021e-11,1.0,1.0,0.99,dynamic_guard
1579,6.816555816436393e-12,3.3650748196788465e-11,1.0,1.0,0.99,dynamic_guard
1580,6.737911986656403e-12,3.32617979561278e-11,1.0,1.0,0.99,dynamic_guard
1581,6.6602029153478745e-12,3.2877604113785964e-11,1.0,1.0,0.99,dynamic_guard
1582,6.583381086354798e-12,3.249776504824398e-11,1.0,1.0,0.99,dynamic_guard
1583,6.507445283074097e-12,3.2122353180818834e-11,1.0,1.0,0.99,dynamic_guard
1584,6.432373165262054e-12,3.175133627004843e-11,1.0,1.0,0.99,dynamic_guard
1585,6.35818075065361e-12,3.1384370462907824e-11,1.0,1.0,0.99,dynamic_guard
1586,6.284844039529747e-12,3.1021853452377183e-11,1.0,1.0,0.99,dynamic_guard
1587,6.212348228350237e-12,3.066361125195991e-11,1.0,1.0,0.99,dynamic_guard
1588,6.140704420906256e-12,3.030925106622034e-11,1.0,1.0,0.99,dynamic_guard
1589,6.0698728235332875e-12,2.9958975213213094e-11,1.0,1.0,0.99,dynamic_guard
1590,5.999843202363903e-12,2.9612892000500035e-11,1.0,1.0,0.99,dynamic_guard
1591,5.9306402536768085e-12,2.9270586251493934e-11,1.0,1.0,0.99,dynamic_guard
1592,5.86223356772183e-12,2.893231215993523e-11,1.0,1.0,0.99,dynamic_guard
1593,5.794622842138282e-12,2.859808158852035e-11,1.0,1.0,0.99,dynamic_guard
1594,5.727779719252844e-12,2.826767465427245e-11,1.0,1.0,0.99,dynamic_guard
1595,5.661719783592934e-12,2.7941107163673357e-11,1.0,1.0,0.99,dynamic_guard
1596,5.596427779678578e-12,2.7618284963081756e-11,1.0,1.0,0.99,dynamic_guard
1597,5.531857394358905e-12,2.729892259053596e-11,1.0,1.0,0.99,dynamic_guard
1598,5.468052275882434e-12,2.6983516512375143e-11,1.0,1.0,0.99,dynamic_guard
1599,5.404979642543623e-12,2.6671703046533075e-11,1.0,1.0,0.99,dynamic_guard
1600,5.342651503253166e-12,2.63634890429652e-11,1.0,1.0,0.99,dynamic_guard
1601,5.2810252366001804e-12,2.6058728397805478e-11,1.0,1.0,0.99,dynamic_guard
1602,5.2201005272939155e-12,2.57575753633769e-11,1.0,1.0,0.99,dynamic_guard
1603,5.159900181204621e-12,2.5459981771456858e-11,1.0,1.0,0.99,dynamic_guard
1604,5.100381317820834e-12,2.51656066404621e-11,1.0,1.0,0.99,dynamic_guard
1605,5.0415454553026735e-12,2.4874767007201492e-11,1.0,1.0,0.99,dynamic_guard
1606,4.983400536569003e-12,2.4587277911866602e-11,1.0,1.0,0.99,dynamic_guard
1607,4.9259216953876674e-12,2.4303187534538504e-11,1.0,1.0,0.99,dynamic_guard
1608,4.8690867962093014e-12,2.4022190595225645e-11,1.0,1.0,0.99,dynamic_guard
1609,4.812942380398098e-12,2.374446934831322e-11,1.0,1.0,0.99,dynamic_guard
1610,4.757433230530552e-12,2.3469991216914078e-11,1.0,1.0,0.99,dynamic_guard
1611,4.70254456109787e-12,2.319878775215847e-11,1.0,1.0,0.99,dynamic_guard
1612,4.648306929501124e-12,2.2930549980144162e-11,1.0,1.0,0.99,dynamic_guard
1613,4.594701034073243e-12,2.266550268223953e-11,1.0,1.0,0.99,dynamic_guard
1614,4.541683399555282e-12,2.240346441721101e-11,1.0,1.0,0.99,dynamic_guard
1615,4.489308581327101e-12,2.214449101469422e-11,1.0,1.0,0.99,dynamic_guard
1616,4.437536968044312e-12,2.18885083059432e-11,1.0,1.0,0.99,dynamic_guard
1617,4.386355211881797e-12,2.1635479406061228e-11,1.0,1.0,0.99,dynamic_guard
1618,4.3357539098385236e-12,2.1385227583317927e-11,1.0,1.0,0.99,dynamic_guard
1619,4.285745120671624e-12,2.113798049221743e-11,1.0,1.0,0.99,dynamic_guard
1620,4.2363159430633005e-12,2.0893543469341868e-11,1.0,1.0,0.99,dynamic_guard
1621,4.187455596498976e-12,2.0652052312707407e-11,1.0,1.0,0.99,dynamic_guard
1622,4.139153737520348e-12,2.041333330771503e-11,1.0,1.0,0.99,dynamic_guard
1623,4.091407552972158e-12,2.0177158488999506e-11,1.0,1.0,0.99,dynamic_guard
1624,4.04420727773442e-12,1.9943835036447292e-11,1.0,1.0,0.99,dynamic_guard
1625,3.997571683682686e-12,1.9713356991181603e-11,1.0,1.0,0.99,dynamic_guard
1626,3.951475591604127e-12,1.9485327901125544e-11,1.0,1.0,0.99,dynamic_guard
1627,3.90588197985777e-12,1.926008762469667e-11,1.0,1.0,0.99,dynamic_guard
1628,3.860825334731047e-12,1.9037183019596996e-11,1.0,1.0,0.99,dynamic_guard
1629,3.816315395278021e-12,1.8817091266919552e-11,1.0,1.0,0.99,dynamic_guard
1630,3.77229157323685e-12,1.859953294828273e-11,1.0,1.0,0.99,dynamic_guard
1631,3.7287687552795535e-12,1.838422897141261e-11,1.0,1.0,0.99,dynamic_guard
1632,3.685746023355241e-12,1.8171729404587334e-11,1.0,1.0,0.99,dynamic_guard
1633,3.643257039660926e-12,1.7961501983314277e-11,1.0,1.0,0.99,dynamic_guard
1634,3.601231077202151e-12,1.7753714195653265e-11,1.0,1.0,0.99,dynamic_guard
1635,3.5596941369983744e-12,1.7548235612082947e-11,1.0,1.0,0.99,dynamic_guard
1636,3.51863494688014e-12,1.7345445083335575e-11,1.0,1.0,0.99,dynamic_guard
1637,3.478049788647759e-12,1.7144534455276175e-11,1.0,1.0,0.99,dynamic_guard
1638,3.437922327533475e-12,1.694647121486633e-11,1.0,1.0,0.99,dynamic_guard
1639,3.398280912608805e-12,1.6750328041446817e-11,1.0,1.0,0.99,dynamic_guard
1640,3.359074118890219e-12,1.6556448478028513e-11,1.0,1.0,0.99,dynamic_guard
1641,3.320329118942457e-12,1.6364882772299915e-11,1.0,1.0,0.99,dynamic_guard
1642,3.2820360211662975e-12,1.6175734601093768e-11,1.0,1.0,0.99,dynamic_guard
1643,3.244181303008208e-12,1.5988453122790845e-11,1.0,1.0,0.99,dynamic_guard
1644,3.2067646564520114e-12,1.5803647345609894e-11,1.0,1.0,0.99,dynamic_guard
1645,3.1697762626111234e-12,1.5620590076519103e-11,1.0,1.0,0.99,dynamic_guard
1646,3.133219084745461e-12,1.5440014682573436e-11,1.0,1.0,0.99,dynamic_guard
1647,3.0970847767991165e-12,1.5261239652921994e-11,1.0,1.0,0.99,dynamic_guard
1648,3.061362785108742e-12,1.5084578567632178e-11,1.0,1.0,0.99,dynamic_guard
1649,3.026044058667261e-12,1.4910042214515606e-11,1.0,1.0,0.99,dynamic_guard
1650,2.9911466082051227e-12,1.4737430744618703e-11,1.0,1.0,0.99,dynamic_guard
1651,2.9566470252255217e-12,1.456706594914626e-11,1.0,1.0,0.99,dynamic_guard
1652,2.9225249881965446e-12,1.4398244291849655e-11,1.0,1.0,0.99,dynamic_guard
1653,2.888831249324353e-12,1.4231547096522782e-11,1.0,1.0,0.99,dynamic_guard
1654,2.855510440067682e-12,1.4066966531499012e-11,1.0,1.0,0.99,dynamic_guard
1655,2.8225756029818287e-12,1.3904041371244939e-11,1.0,1.0,0.99,dynamic_guard
1656,2.790025427798099e-12,1.3743155288651384e-11,1.0,1.0,0.99,dynamic_guard
1657,2.757834711562618e-12,1.3583955919706356e-11,1.0,1.0,0.99,dynamic_guard
1658,2.7260228923002646e-12,1.3426857318678427e-11,1.0,1.0,0.99,dynamic_guard
1659,2.694585729267684e-12,1.3271369250849815e-11,1.0,1.0,0.99,dynamic_guard
1660,2.663517456768257e-12,1.3117662250210823e-11,1.0,1.0,0.99,dynamic_guard
1661,2.6327913539084245e-12,1.2965657032783522e-11,1.0,1.0,0.99,dynamic_guard
1662,2.602410557320234e-12,1.2815675229683478e-11,1.0,1.0,0.99,dynamic_guard
1663,2.5724004412248113e-12,1.266728505146627e-11,1.0,1.0,0.99,dynamic_guard
1664,2.5427348811639742e-12,1.2520454863145381e-11,1.0,1.0,0.99,dynamic_guard
1665,2.5134133188154418e-12,1.2375470486671503e-11,1.0,1.0,0.99,dynamic_guard
1666,2.4844108271934665e-12,1.2232289829589352e-11,1.0,1.0,0.99,dynamic_guard
1667,2.4557487702721927e-12,1.2090539116588097e-11,1.0,1.0,0.99,dynamic_guard
1668,2.427438948446891e-12,1.1950444801079154e-11,1.0,1.0,0.99,dynamic_guard
1669,2.399435243598749e-12,1.1812082435013285e-11,1.0,1.0,0.99,dynamic_guard
1670,2.371769266431993e-12,1.1675262698903482e-11,1.0,1.0,0.99,dynamic_guard
1671,2.344383747518992e-12,1.1540046973839303e-11,1.0,1.0,0.99,dynamic_guard
1672,2.3173563831076363e-12,1.1406270591533601e-11,1.0,1.0,0.99,dynamic_guard
1673,2.290619896224767e-12,1.1274157269481374e-11,1.0,1.0,0.99,dynamic_guard
1674,2.2642093147585154e-12,1.114350402131901e-11,1.0,1.0,0.99,dynamic_guard
1675,2.238093691212872e-12,1.1014509136612427e-11,1.0,1.0,0.99,dynamic_guard
1676,2.2122790047235722e-12,1.0886785905857689e-11,1.0,1.0,0.99,dynamic_guard
1677,2.1867605045979333e-12,1.0760737545536809e-11,1.0,1.0,0.99,dynamic_guard
1678,2.161534641118124e-12,1.0636040972719749e-11,1.0,1.0,0.99,dynamic_guard
1679,2.1366038688784832e-12,1.0512641653731298e-11,1.0,1.0,0.99,dynamic_guard
1680,2.1119650883835185e-12,1.039094379354092e-11,1.0,1.0,0.99,dynamic_guard
1681,2.0875891883466027e-12,1.0270528967190032e-11,1.0,1.0,0.99,dynamic_guard
1682,2.063513499008655e-12,1.0151567305481256e-11,1.0,1.0,0.99,dynamic_guard
1683,2.0397039149043835e-12,1.0033770473317149e-11,1.0,1.0,0.99,dynamic_guard
1684,2.0161829817692435e-12,9.91746610050061e-12,1.0,1.0,0.99,dynamic_guard
1685,1.992916305202127e-12,9.80241405827329e-12,1.0,1.0,0.99,dynamic_guard
1686,1.9699284191055996e-12,9.688794313184393e-12,1.0,1.0,0.99,dynamic_guard
1687,1.9472119602379725e-12,9.576379635940324e-12,1.0,1.0,0.99,dynamic_guard
1688,1.9247597676942587e-12,9.465593891992284e-12,1.0,1.0,0.99,dynamic_guard
1689,1.902566118409634e-12,9.35574905680601e-12,1.0,1.0,0.99,dynamic_guard
1690,1.8806138409752343e-12,9.24719384029336e-12,1.0,1.0,0.99,dynamic_guard
1691,1.85890373853057e-12,9.140061024186176e-12,1.0,1.0,0.99,dynamic_guard
1692,1.837479753838512e-12,9.033850489739215e-12,1.0,1.0,0.99,dynamic_guard
1693,1.8162852601061278e-12,8.929119438942103e-12,1.0,1.0,0.99,dynamic_guard
1694,1.7953295760359796e-12,8.82579043519577e-12,1.0,1.0,0.99,dynamic_guard
1695,1.7746279302181775e-12,8.723411134954292e-12,1.0,1.0,0.99,dynamic_guard
1696,1.754155032862376e-12,8.622010289057e-12,1.0,1.0,0.99,dynamic_guard
1697,1.7339253488400593e-12,8.522093253453852e-12,1.0,1.0,0.99,dynamic_guard
1698,1.713911594167933e-12,8.42313880811482e-12,1.0,1.0,0.99,dynamic_guard
1699,1.6941650870739364e-12,8.325506254251735e-12,1.0,1.0,0.99,dynamic_guard
1700,1.6746082418363621e-12,8.22889516791293e-12,1.0,1.0,0.99,dynamic_guard
1701,1.6552992616755503e-12,8.133430954020311e-12,1.0,1.0,0.99,dynamic_guard
1702,1.6362035169037355e-12,8.039132004200263e-12,1.0,1.0,0.99,dynamic_guard
1703,1.6173324458567302e-12,7.94574797617116e-12,1.0,1.0,0.99,dynamic_guard
1704,1.5986788738734818e-12,7.85347693588222e-12,1.0,1.0,0.99,dynamic_guard
1705,1.5802327712651988e-12,7.762382284596582e-12,1.0,1.0,0.99,dynamic_guard
1706,1.5620164353882594e-12,7.672246888806346e-12,1.0,1.0,0.99,dynamic_guard
1707,1.5439945413435896e-12,7.583212004807994e-12,1.0,1.0,0.99,dynamic_guard
1708,1.526186808279321e-12,7.49500063080492e-12,1.0,1.0,0.99,dynamic_guard
1709,1.5085892233337833e-12,7.40807647921926e-12,1.0,1.0,0.99,dynamic_guard
1710,1.4911790680710257e-12,7.322040540781651e-12,1.0,1.0,0.99,dynamic_guard
1711,1.4739795648970164e-12,7.236957327215422e-12,1.0,1.0,0.99,dynamic_guard
1712,1.4569808035782167e-12,7.152966707377087e-12,1.0,1.0,0.99,dynamic_guard
1713,1.4401814133482168e-12,7.069735328062122e-12,1.0,1.0,0.99,dynamic_guard
1714,1.4235587952391028e-12,6.987764338854869e-12,1.0,1.0,0.99,dynamic_guard
1715,1.4071392416813287e-12,6.9066499727018994e-12,1.0,1.0,0.99,dynamic_guard
1716,1.390914869443832e-12,6.8262810751636106e-12,1.0,1.0,0.99,dynamic_guard
1717,1.374862001552927e-12,6.747070194483996e-12,1.0,1.0,0.99,dynamic_guard
1718,1.3590035182173056e-12,6.66868310924976e-12,1.0,1.0,0.99,dynamic_guard
1719,1.3433307783556958e-12,6.591213197220042e-12,1.0,1.0,0.99,dynamic_guard
1720,1.3278458417160982e-12,6.514552267723522e-12,1.0,1.0,0.99,dynamic_guard
1721,1.3125210492944325e-12,6.438822252847023e-12,1.0,1.0,0.99,dynamic_guard
1722,1.2973661472009878e-12,6.364060016311442e-12,1.0,1.0,0.99,dynamic_guard
1723,1.282412652966137e-12,6.290055966590245e-12,1.0,1.0,0.99,dynamic_guard
1724,1.2676125202738076e-12,6.2170291116752405e-12,1.0,1.0,0.99,dynamic_guard
1725,1.2530032053199392e-12,6.144614011059798e-12,1.0,1.0,0.99,dynamic_guard
1726,1.2385347928663214e-12,6.073125347648217e-12,1.0,1.0,0.99,dynamic_guard
1727,1.2242556448875712e-12,6.002575898085474e-12,1.0,1.0,0.99,dynamic_guard
1728,1.210144530340633e-12,5.932815534251997e-12,1.0,1.0,0.99,dynamic_guard
1729,1.19616974730587e-12,5.863741638106228e-12,1.0,1.0,0.99,dynamic_guard
1730,1.1823730089760232e-12,5.795529740285825e-12,1.0,1.0,0.99,dynamic_guard
1731,1.1687476999288438e-12,5.728121315896331e-12,1.0,1.0,0.99,dynamic_guard
1732,1.1552672467009889e-12,5.661326832845468e-12,1.0,1.0,0.99,dynamic_guard
1733,1.1419257925228551e-12,5.59567915278409e-12,1.0,1.0,0.99,dynamic_guard
1734,1.1287658831608176e-12,5.530488530006985e-12,1.0,1.0,0.99,dynamic_guard
1735,1.1157494804699393e-12,5.466214632353968e-12,1.0,1.0,0.99,dynamic_guard
1736,1.102881629950047e-12,5.402589474694155e-12,1.0,1.0,0.99,dynamic_guard
1737,1.0901437604477978e-12,5.339534439664545e-12,1.0,1.0,0.99,dynamic_guard
1738,1.0775900386498245e-12,5.277508600487826e-12,1.0,1.0,0.99,dynamic_guard
1739,1.065139131841342e-12,5.216014846232749e-12,1.0,1.0,0.99,dynamic_guard
1740,1.0528633510215468e-12,5.1552429055032344e-12,1.0,1.0,0.99,dynamic_guard
1741,1.040728234608628e-12,5.09526122110252e-12,1.0,1.0,0.99,dynamic_guard
1742,1.0287202124163457e-12,5.035869332519242e-12,1.0,1.0,0.99,dynamic_guard
1743,1.016859645373884e-12,4.977244239146191e-12,1.0,1.0,0.99,dynamic_guard
1744,1.00512875433874e-12,4.9192635396402905e-12,1.0,1.0,0.99,dynamic_guard
1745,9.93525002827756e-13,4.861925352741365e-12,1.0,1.0,0.99,dynamic_guard
